 2.10000000e+00  1.47708743e+00  2.10000000e+00  8.54254596e-01  2.10000000e+00  1.04569681e+00  2.10000000e+00  5.43511141e-02  2.10000000e+00  8.25830129e-08  2.10000000e+00  2.30877764e-06  2.10000000e+00  1.24804059e-08  2.10000000e+00  1.05425373e+00  2.10000000e+00  1.04786120e+00  2.10000000e+00  9.54157520e-02  2.10000000e+00  6.99145682e-06  2.10000000e+00  1.20732131e-04  2.10000000e+00  1.76905392e-06  2.10000000e+00  7.88663256e-01  2.10000000e+00  7.07565843e-01  2.10000000e+00  1.33275926e-01  2.10000000e+00  7.07403588e-06  2.10000000e+00  8.92593199e-05  2.10000000e+00  5.46901685e-07  2.10000000e+00  6.30149174e-01  2.10000000e+00  7.88565776e-01  2.10000000e+00  4.40015097e-02  2.10000000e+00  8.25860349e-08  2.10000000e+00  1.99997197e-06  2.10000000e+00  7.99852440e-09  2.10000000e+00  6.30149173e-01  2.10000000e+00  7.87482250e-01  2.10000000e+00  4.40439402e-02  2.10000000e+00  9.06748539e-08  2.10000000e+00  2.19091660e-06  2.10000000e+00  6.16933597e-09 
 2.10200000e+00  1.47732254e+00  2.10200000e+00  8.56221667e-01  2.10200000e+00  1.04570793e+00  2.10200000e+00  5.43923946e-02  2.10200000e+00  8.71985031e-08  2.10200000e+00  2.43204119e-06  2.10200000e+00  1.31656165e-08  2.10200000e+00  1.05422080e+00  2.10200000e+00  1.04786785e+00  2.10200000e+00  9.53959308e-02  2.10200000e+00  6.98697908e-06  2.10200000e+00  1.20673628e-04  2.10200000e+00  1.76549413e-06  2.10200000e+00  7.88663256e-01  2.10200000e+00  7.07565804e-01  2.10200000e+00  1.33275952e-01  2.10200000e+00  7.07405389e-06  2.10200000e+00  8.92594813e-05  2.10200000e+00  5.46898592e-07  2.10200000e+00  6.32388033e-01  2.10200000e+00  7.88563742e-01  2.10200000e+00  4.40905510e-02  2.10200000e+00  8.72007700e-08  2.10200000e+00  2.10688470e-06  2.10200000e+00  8.42504609e-09  2.10200000e+00  6.32388032e-01  2.10200000e+00  7.87482463e-01  2.10200000e+00  4.41349787e-02  2.10200000e+00  9.57074951e-08  2.10200000e+00  2.30707789e-06  2.10200000e+00  6.50200725e-09 
 2.10400000e+00  1.47758228e+00  2.10400000e+00  8.58185253e-01  2.10400000e+00  1.04571979e+00  2.10400000e+00  5.44357358e-02  2.10400000e+00  9.20490527e-08  2.10400000e+00  2.56113165e-06  2.10400000e+00  1.38845267e-08  2.10400000e+00  1.05418438e+00  2.10400000e+00  1.04787521e+00  2.10400000e+00  9.53740166e-02  2.10400000e+00  6.98202870e-06  2.10400000e+00  1.20608921e-04  2.10400000e+00  1.76157652e-06  2.10400000e+00  7.88663256e-01  2.10400000e+00  7.07565760e-01  2.10400000e+00  1.33275981e-01  2.10400000e+00  7.07407380e-06  2.10400000e+00  8.92596599e-05  2.10400000e+00  5.46895172e-07  2.10400000e+00  6.34622110e-01  2.10400000e+00  7.88561713e-01  2.10400000e+00  4.41837592e-02  2.10400000e+00  9.20511820e-08  2.10400000e+00  2.21894243e-06  2.10400000e+00  8.87199499e-09  2.10400000e+00  6.34622110e-01  2.10400000e+00  7.87482699e-01  2.10400000e+00  4.42302576e-02  2.10400000e+00  1.00994780e-07  2.10400000e+00  2.42876289e-06  2.10400000e+00  6.85070296e-09 
 2.10600000e+00  1.47784902e+00  2.10600000e+00  8.60147843e-01  2.10600000e+00  1.04573186e+00  2.10600000e+00  5.44812867e-02  2.10600000e+00  9.71532873e-08  2.10600000e+00  2.69649222e-06  2.10600000e+00  1.46397313e-08  2.10600000e+00  1.05414698e+00  2.10600000e+00  1.04788276e+00  2.10600000e+00  9.53515095e-02  2.10600000e+00  6.97694493e-06  2.10600000e+00  1.20542442e-04  2.10600000e+00  1.75757041e-06  2.10600000e+00  7.88663256e-01  2.10600000e+00  7.07565716e-01  2.10600000e+00  1.33276011e-01  2.10600000e+00  7.07409426e-06  2.10600000e+00  8.92598433e-05  2.10600000e+00  5.46891659e-07  2.10600000e+00  6.36854580e-01  2.10600000e+00  7.88559685e-01  2.10600000e+00  4.42814302e-02  2.10600000e+00  9.71554191e-08  2.10600000e+00  2.33653274e-06  2.10600000e+00  9.34089144e-09  2.10600000e+00  6.36854579e-01  2.10600000e+00  7.87482942e-01  2.10600000e+00  4.43300777e-02  2.10600000e+00  1.06556356e-07  2.10600000e+00  2.55638836e-06  2.10600000e+00  7.21659868e-09 
 2.10800000e+00  1.47812941e+00  2.10800000e+00  8.62108494e-01  2.10800000e+00  1.04574434e+00  2.10800000e+00  5.45291208e-02  2.10800000e+00  1.02520049e-07  2.10800000e+00  2.83830142e-06  2.10800000e+00  1.54323622e-08  2.10800000e+00  1.05410763e+00  2.10800000e+00  1.04789071e+00  2.10800000e+00  9.53278427e-02  2.10800000e+00  6.97159969e-06  2.10800000e+00  1.20472512e-04  2.10800000e+00  1.75337755e-06  2.10800000e+00  7.88663256e-01  2.10800000e+00  7.07565669e-01  2.10800000e+00  1.33276042e-01  2.10800000e+00  7.07411578e-06  2.10800000e+00  8.92600362e-05  2.10800000e+00  5.46887964e-07  2.10800000e+00  6.39083985e-01  2.10800000e+00  7.88557660e-01  2.10800000e+00  4.43836725e-02  2.10800000e+00  1.02522184e-07  2.10800000e+00  2.45982262e-06  2.10800000e+00  9.83237230e-09  2.10800000e+00  6.39083984e-01  2.10800000e+00  7.87483197e-01  2.10800000e+00  4.44345476e-02  2.10800000e+00  1.12401389e-07  2.10800000e+00  2.69012722e-06  2.10800000e+00  7.60019322e-09 
 2.11000000e+00  1.47842406e+00  2.11000000e+00  8.64067119e-01  2.11000000e+00  1.04575725e+00  2.11000000e+00  5.45793334e-02  2.11000000e+00  1.08161103e-07  2.11000000e+00  2.98681135e-06  2.11000000e+00  1.62639671e-08  2.11000000e+00  1.05406625e+00  2.11000000e+00  1.04789907e+00  2.11000000e+00  9.53029640e-02  2.11000000e+00  6.96598126e-06  2.11000000e+00  1.20398972e-04  2.11000000e+00  1.74899153e-06  2.11000000e+00  7.88663256e-01  2.11000000e+00  7.07565620e-01  2.11000000e+00  1.33276075e-01  2.11000000e+00  7.07413841e-06  2.11000000e+00  8.92602390e-05  2.11000000e+00  5.46884078e-07  2.11000000e+00  6.41310126e-01  2.11000000e+00  7.88555638e-01  2.11000000e+00  4.44906481e-02  2.11000000e+00  1.08163231e-07  2.11000000e+00  2.58904745e-06  2.11000000e+00  1.03473432e-08  2.11000000e+00  6.41310125e-01  2.11000000e+00  7.87483465e-01  2.11000000e+00  4.45438305e-02  2.11000000e+00  1.18542391e-07  2.11000000e+00  2.83022707e-06  2.11000000e+00  8.00219081e-09 
 2.11200000e+00  1.47873361e+00  2.11200000e+00  8.66023624e-01  2.11200000e+00  1.04577061e+00  2.11200000e+00  5.46320223e-02  2.11200000e+00  1.14088600e-07  2.11200000e+00  3.14227988e-06  2.11200000e+00  1.71361329e-08  2.11200000e+00  1.05402276e+00  2.11200000e+00  1.04790786e+00  2.11200000e+00  9.52768193e-02  2.11200000e+00  6.96007755e-06  2.11200000e+00  1.20321659e-04  2.11200000e+00  1.74440592e-06  2.11200000e+00  7.88663256e-01  2.11200000e+00  7.07565569e-01  2.11200000e+00  1.33276109e-01  2.11200000e+00  7.07416219e-06  2.11200000e+00  8.92604522e-05  2.11200000e+00  5.46879995e-07  2.11200000e+00  6.43532810e-01  2.11200000e+00  7.88553619e-01  2.11200000e+00  4.46025209e-02  2.11200000e+00  1.14090731e-07  2.11200000e+00  2.72445000e-06  2.11200000e+00  1.08867350e-08  2.11200000e+00  6.43532810e-01  2.11200000e+00  7.87483746e-01  2.11200000e+00  4.46580916e-02  2.11200000e+00  1.24992308e-07  2.11200000e+00  2.97694296e-06  2.11200000e+00  8.42331430e-09 
 2.11400000e+00  1.47905869e+00  2.11400000e+00  8.67977915e-01  2.11400000e+00  1.04578443e+00  2.11400000e+00  5.46872875e-02  2.11400000e+00  1.20315080e-07  2.11400000e+00  3.30497054e-06  2.11400000e+00  1.80504846e-08  2.11400000e+00  1.05397705e+00  2.11400000e+00  1.04791709e+00  2.11400000e+00  9.52493529e-02  2.11400000e+00  6.95387607e-06  2.11400000e+00  1.20240403e-04  2.11400000e+00  1.73961431e-06  2.11400000e+00  7.88663256e-01  2.11400000e+00  7.07565515e-01  2.11400000e+00  1.33276145e-01  2.11400000e+00  7.07418719e-06  2.11400000e+00  8.92606763e-05  2.11400000e+00  5.46875703e-07  2.11400000e+00  6.45751824e-01  2.11400000e+00  7.88551603e-01  2.11400000e+00  4.47194555e-02  2.11400000e+00  1.20317205e-07  2.11400000e+00  2.86627867e-06  2.11400000e+00  1.14514966e-08  2.11400000e+00  6.45751823e-01  2.11400000e+00  7.87484042e-01  2.11400000e+00  4.47774964e-02  2.11400000e+00  1.31764441e-07  2.11400000e+00  3.13053549e-06  2.11400000e+00  8.86429947e-09 
 2.11600000e+00  1.47939997e+00  2.11600000e+00  8.69929894e-01  2.11600000e+00  1.04579874e+00  2.11600000e+00  5.47452311e-02  2.11600000e+00  1.26853469e-07  2.11600000e+00  3.47515229e-06  2.11600000e+00  1.90086843e-08  2.11600000e+00  1.05392903e+00  2.11600000e+00  1.04792680e+00  2.11600000e+00  9.52205072e-02  2.11600000e+00  6.94736394e-06  2.11600000e+00  1.20155030e-04  2.11600000e+00  1.73461030e-06  2.11600000e+00  7.88663256e-01  2.11600000e+00  7.07565458e-01  2.11600000e+00  1.33276183e-01  2.11600000e+00  7.07421345e-06  2.11600000e+00  8.92609117e-05  2.11600000e+00  5.46871196e-07  2.11600000e+00  6.47966955e-01  2.11600000e+00  7.88549591e-01  2.11600000e+00  4.48416175e-02  2.11600000e+00  1.26855582e-07  2.11600000e+00  3.01478879e-06  2.11600000e+00  1.20425998e-08  2.11600000e+00  6.47966954e-01  2.11600000e+00  7.87484352e-01  2.11600000e+00  4.49022116e-02  2.11600000e+00  1.38872511e-07  2.11600000e+00  3.29127216e-06  2.11600000e+00  9.32589873e-09 
 2.11800000e+00  1.47975814e+00  2.11800000e+00  8.71879460e-01  2.11800000e+00  1.04581357e+00  2.11800000e+00  5.48059576e-02  2.11800000e+00  1.33717083e-07  2.11800000e+00  3.65309930e-06  2.11800000e+00  2.00124296e-08  2.11800000e+00  1.05387860e+00  2.11800000e+00  1.04793699e+00  2.11800000e+00  9.51902229e-02  2.11800000e+00  6.94052790e-06  2.11800000e+00  1.20065359e-04  2.11800000e+00  1.72938752e-06  2.11800000e+00  7.88663256e-01  2.11800000e+00  7.07565398e-01  2.11800000e+00  1.33276223e-01  2.11800000e+00  7.07424103e-06  2.11800000e+00  8.92611590e-05  2.11800000e+00  5.46866462e-07  2.11800000e+00  6.50177995e-01  2.11800000e+00  7.88547583e-01  2.11800000e+00  4.49691737e-02  2.11800000e+00  1.33719207e-07  2.11800000e+00  3.17024263e-06  2.11800000e+00  1.26610390e-08  2.11800000e+00  6.50177994e-01  2.11800000e+00  7.87484677e-01  2.11800000e+00  4.50324047e-02  2.11800000e+00  1.46330667e-07  2.11800000e+00  3.45942742e-06  2.11800000e+00  9.80888092e-09 
 2.12000000e+00  1.48013390e+00  2.12000000e+00  8.73826509e-01  2.12000000e+00  1.04582892e+00  2.12000000e+00  5.48695732e-02  2.12000000e+00  1.40919622e-07  2.12000000e+00  3.83909080e-06  2.12000000e+00  2.10634521e-08  2.12000000e+00  1.05382565e+00  2.12000000e+00  1.04794769e+00  2.12000000e+00  9.51584390e-02  2.12000000e+00  6.93335432e-06  2.12000000e+00  1.19971203e-04  2.12000000e+00  1.72393971e-06  2.12000000e+00  7.88663256e-01  2.12000000e+00  7.07565335e-01  2.12000000e+00  1.33276265e-01  2.12000000e+00  7.07426999e-06  2.12000000e+00  8.92614185e-05  2.12000000e+00  5.46861492e-07  2.12000000e+00  6.52384708e-01  2.12000000e+00  7.88545578e-01  2.12000000e+00  4.51022894e-02  2.12000000e+00  1.40921734e-07  2.12000000e+00  3.33290693e-06  2.12000000e+00  1.33078215e-08  2.12000000e+00  6.52384707e-01  2.12000000e+00  7.87485019e-01  2.12000000e+00  4.51682417e-02  2.12000000e+00  1.54153369e-07  2.12000000e+00  3.63527986e-06  2.12000000e+00  1.03140233e-08 
 2.12200000e+00  1.48052798e+00  2.12200000e+00  8.75770931e-01  2.12200000e+00  1.04584483e+00  2.12200000e+00  5.49361861e-02  2.12200000e+00  1.48475169e-07  2.12200000e+00  4.03341069e-06  2.12200000e+00  2.21635154e-08  2.12200000e+00  1.05377008e+00  2.12200000e+00  1.04795892e+00  2.12200000e+00  9.51250925e-02  2.12200000e+00  6.92582917e-06  2.12200000e+00  1.19872370e-04  2.12200000e+00  1.71826068e-06  2.12200000e+00  7.88663256e-01  2.12200000e+00  7.07565270e-01  2.12200000e+00  1.33276309e-01  2.12200000e+00  7.07430038e-06  2.12200000e+00  8.92616910e-05  2.12200000e+00  5.46856276e-07  2.12200000e+00  6.54586878e-01  2.12200000e+00  7.88543578e-01  2.12200000e+00  4.52411311e-02  2.12200000e+00  1.48477292e-07  2.12200000e+00  3.50305636e-06  2.12200000e+00  1.39839808e-08  2.12200000e+00  6.54586878e-01  2.12200000e+00  7.87485377e-01  2.12200000e+00  4.53098897e-02  2.12200000e+00  1.62355561e-07  2.12200000e+00  3.81911606e-06  2.12200000e+00  1.08421221e-08 
 2.12400000e+00  1.48094112e+00  2.12400000e+00  8.77712618e-01  2.12400000e+00  1.04586132e+00  2.12400000e+00  5.50059060e-02  2.12400000e+00  1.56398188e-07  2.12400000e+00  4.23634735e-06  2.12400000e+00  2.33144135e-08  2.12400000e+00  1.05371177e+00  2.12400000e+00  1.04797070e+00  2.12400000e+00  9.50901188e-02  2.12400000e+00  6.91793804e-06  2.12400000e+00  1.19768662e-04  2.12400000e+00  1.71234438e-06  2.12400000e+00  7.88663256e-01  2.12400000e+00  7.07565200e-01  2.12400000e+00  1.33276356e-01  2.12400000e+00  7.07433227e-06  2.12400000e+00  8.92619768e-05  2.12400000e+00  5.46850804e-07  2.12400000e+00  6.56784262e-01  2.12400000e+00  7.88541582e-01  2.12400000e+00  4.53858633e-02  2.12400000e+00  1.56400302e-07  2.12400000e+00  3.68096940e-06  2.12400000e+00  1.46905604e-08  2.12400000e+00  6.56784261e-01  2.12400000e+00  7.87485753e-01  2.12400000e+00  4.54575134e-02  2.12400000e+00  1.70952480e-07  2.12400000e+00  4.01122603e-06  2.12400000e+00  1.13939796e-08 
 2.12600000e+00  1.48137408e+00  2.12600000e+00  8.79651453e-01  2.12600000e+00  1.04587841e+00  2.12600000e+00  5.50788444e-02  2.12600000e+00  1.64703514e-07  2.12600000e+00  4.44819326e-06  2.12600000e+00  2.45179677e-08  2.12600000e+00  1.05365060e+00  2.12600000e+00  1.04798306e+00  2.12600000e+00  9.50534516e-02  2.12600000e+00  6.90966616e-06  2.12600000e+00  1.19659876e-04  2.12600000e+00  1.70618489e-06  2.12600000e+00  7.88663256e-01  2.12600000e+00  7.07565128e-01  2.12600000e+00  1.33276404e-01  2.12600000e+00  7.07436572e-06  2.12600000e+00  8.92622766e-05  2.12600000e+00  5.46845066e-07  2.12600000e+00  6.58976632e-01  2.12600000e+00  7.88539591e-01  2.12600000e+00  4.55366502e-02  2.12600000e+00  1.64705631e-07  2.12600000e+00  3.86693156e-06  2.12600000e+00  1.54286263e-08  2.12600000e+00  6.58976631e-01  2.12600000e+00  7.87486146e-01  2.12600000e+00  4.56112773e-02  2.12600000e+00  1.79959816e-07  2.12600000e+00  4.21190669e-06  2.12600000e+00  1.19704140e-08 
 2.12800000e+00  1.48182765e+00  2.12800000e+00  8.81587320e-01  2.12800000e+00  1.04589612e+00  2.12800000e+00  5.51551139e-02  2.12800000e+00  1.73406350e-07  2.12800000e+00  4.66924466e-06  2.12800000e+00  2.57760251e-08  2.12800000e+00  1.05358647e+00  2.12800000e+00  1.04799602e+00  2.12800000e+00  9.50150226e-02  2.12800000e+00  6.90099840e-06  2.12800000e+00  1.19545801e-04  2.12800000e+00  1.69977650e-06  2.12800000e+00  7.88663256e-01  2.12800000e+00  7.07565052e-01  2.12800000e+00  1.33276455e-01  2.12800000e+00  7.07440079e-06  2.12800000e+00  8.92625910e-05  2.12800000e+00  5.46839049e-07  2.12800000e+00  6.61163744e-01  2.12800000e+00  7.88537604e-01  2.12800000e+00  4.56936535e-02  2.12800000e+00  1.73408469e-07  2.12800000e+00  4.06123249e-06  2.12800000e+00  1.61992554e-08  2.12800000e+00  6.61163743e-01  2.12800000e+00  7.87486559e-01  2.12800000e+00  4.57713432e-02  2.12800000e+00  1.89393578e-07  2.12800000e+00  4.42145875e-06  2.12800000e+00  1.25722501e-08 
 2.13000000e+00  1.48230262e+00  2.13000000e+00  8.83520097e-01  2.13000000e+00  1.04591449e+00  2.13000000e+00  5.52348283e-02  2.13000000e+00  1.82522256e-07  2.13000000e+00  4.89980121e-06  2.13000000e+00  2.70904552e-08  2.13000000e+00  1.05351925e+00  2.13000000e+00  1.04800961e+00  2.13000000e+00  9.49747621e-02  2.13000000e+00  6.89191925e-06  2.13000000e+00  1.19426222e-04  2.13000000e+00  1.69311370e-06  2.13000000e+00  7.88663256e-01  2.13000000e+00  7.07564972e-01  2.13000000e+00  1.33276508e-01  2.13000000e+00  7.07443755e-06  2.13000000e+00  8.92629205e-05  2.13000000e+00  5.46832744e-07  2.13000000e+00  6.63345352e-01  2.13000000e+00  7.88535623e-01  2.13000000e+00  4.58570328e-02  2.13000000e+00  1.82524366e-07  2.13000000e+00  4.26416658e-06  2.13000000e+00  1.70035383e-08  2.13000000e+00  6.63345351e-01  2.13000000e+00  7.87486990e-01  2.13000000e+00  4.59378704e-02  2.13000000e+00  1.99270135e-07  2.13000000e+00  4.64018731e-06  2.13000000e+00  1.32003214e-08 
 2.13200000e+00  1.48279982e+00  2.13200000e+00  8.85449660e-01  2.13200000e+00  1.04593354e+00  2.13200000e+00  5.53181023e-02  2.13200000e+00  1.92067142e-07  2.13200000e+00  5.14016550e-06  2.13200000e+00  2.84631469e-08  2.13200000e+00  1.05344882e+00  2.13200000e+00  1.04802384e+00  2.13200000e+00  9.49325986e-02  2.13200000e+00  6.88241288e-06  2.13200000e+00  1.19300919e-04  2.13200000e+00  1.68619123e-06  2.13200000e+00  7.88663256e-01  2.13200000e+00  7.07564889e-01  2.13200000e+00  1.33276564e-01  2.13200000e+00  7.07447606e-06  2.13200000e+00  8.92632658e-05  2.13200000e+00  5.46826138e-07  2.13200000e+00  6.65521215e-01  2.13200000e+00  7.88533646e-01  2.13200000e+00  4.60269457e-02  2.13200000e+00  1.92069257e-07  2.13200000e+00  4.47603342e-06  2.13200000e+00  1.78425809e-08  2.13200000e+00  6.65521214e-01  2.13200000e+00  7.87487442e-01  2.13200000e+00  4.61110162e-02  2.13200000e+00  2.09606241e-07  2.13200000e+00  4.86840234e-06  2.13200000e+00  1.38554711e-08 
 2.13400000e+00  1.48332006e+00  2.13400000e+00  8.87375883e-01  2.13400000e+00  1.04595329e+00  2.13400000e+00  5.54050514e-02  2.13400000e+00  2.02057251e-07  2.13400000e+00  5.39064269e-06  2.13400000e+00  2.98960056e-08  2.13400000e+00  1.05337504e+00  2.13400000e+00  1.04803875e+00  2.13400000e+00  9.48884590e-02  2.13400000e+00  6.87246311e-06  2.13400000e+00  1.19169665e-04  2.13400000e+00  1.67900411e-06  2.13400000e+00  7.88663256e-01  2.13400000e+00  7.07564801e-01  2.13400000e+00  1.33276622e-01  2.13400000e+00  7.07451640e-06  2.13400000e+00  8.92636274e-05  2.13400000e+00  5.46819220e-07  2.13400000e+00  6.67691078e-01  2.13400000e+00  7.88531676e-01  2.13400000e+00  4.62035454e-02  2.13400000e+00  2.02059365e-07  2.13400000e+00  4.69713533e-06  2.13400000e+00  1.87174949e-08  2.13400000e+00  6.67691077e-01  2.13400000e+00  7.87487915e-01  2.13400000e+00  4.62909334e-02  2.13400000e+00  2.20418927e-07  2.13400000e+00  5.10641605e-06  2.13400000e+00  1.45385452e-08 
 2.13600000e+00  1.48386420e+00  2.13600000e+00  8.89298635e-01  2.13600000e+00  1.04597377e+00  2.13600000e+00  5.54957913e-02  2.13600000e+00  2.12509154e-07  2.13600000e+00  5.65153996e-06  2.13600000e+00  3.13909497e-08  2.13600000e+00  1.05329780e+00  2.13600000e+00  1.04805437e+00  2.13600000e+00  9.48422685e-02  2.13600000e+00  6.86205345e-06  2.13600000e+00  1.19032228e-04  2.13600000e+00  1.67154767e-06  2.13600000e+00  7.88663256e-01  2.13600000e+00  7.07564710e-01  2.13600000e+00  1.33276684e-01  2.13600000e+00  7.07455864e-06  2.13600000e+00  8.92640060e-05  2.13600000e+00  5.46811977e-07  2.13600000e+00  6.69854690e-01  2.13600000e+00  7.88529710e-01  2.13600000e+00  4.63869821e-02  2.13600000e+00  2.12511262e-07  2.13600000e+00  4.92777851e-06  2.13600000e+00  1.96294028e-08  2.13600000e+00  6.69854689e-01  2.13600000e+00  7.87488410e-01  2.13600000e+00  4.64777713e-02  2.13600000e+00  2.31725566e-07  2.13600000e+00  5.35454408e-06  2.13600000e+00  1.52503953e-08 
 2.13800000e+00  1.48443311e+00  2.13800000e+00  8.91217781e-01  2.13800000e+00  1.04599502e+00  2.13800000e+00  5.55904381e-02  2.13800000e+00  2.23439726e-07  2.13800000e+00  5.92316606e-06  2.13800000e+00  3.29499066e-08  2.13800000e+00  1.05321695e+00  2.13800000e+00  1.04807071e+00  2.13800000e+00  9.47939508e-02  2.13800000e+00  6.85116709e-06  2.13800000e+00  1.18888370e-04  2.13800000e+00  1.66381758e-06  2.13800000e+00  7.88663256e-01  2.13800000e+00  7.07564614e-01  2.13800000e+00  1.33276748e-01  2.13800000e+00  7.07460285e-06  2.13800000e+00  8.92644023e-05  2.13800000e+00  5.46804398e-07  2.13800000e+00  6.72011799e-01  2.13800000e+00  7.88527751e-01  2.13800000e+00  4.65774015e-02  2.13800000e+00  2.23441831e-07  2.13800000e+00  5.16827214e-06  2.13800000e+00  2.05794341e-08  2.13800000e+00  6.72011798e-01  2.13800000e+00  7.87488927e-01  2.13800000e+00  4.66716748e-02  2.13800000e+00  2.43543837e-07  2.13800000e+00  5.61310450e-06  2.13800000e+00  1.59918768e-08 
 2.14000000e+00  1.48502766e+00  2.14000000e+00  8.93133185e-01  2.14000000e+00  1.04601705e+00  2.14000000e+00  5.56891076e-02  2.14000000e+00  2.34866136e-07  2.14000000e+00  6.20583078e-06  2.14000000e+00  3.45748091e-08  2.14000000e+00  1.05313235e+00  2.14000000e+00  1.04808781e+00  2.14000000e+00  9.47434283e-02  2.14000000e+00  6.83978694e-06  2.14000000e+00  1.18737850e-04  2.14000000e+00  1.65580990e-06  2.14000000e+00  7.88663256e-01  2.14000000e+00  7.07564514e-01  2.14000000e+00  1.33276815e-01  2.14000000e+00  7.07464911e-06  2.14000000e+00  8.92648169e-05  2.14000000e+00  5.46796469e-07  2.14000000e+00  6.74162148e-01  2.14000000e+00  7.88525798e-01  2.14000000e+00  4.67749445e-02  2.14000000e+00  2.34868234e-07  2.14000000e+00  5.41892719e-06  2.14000000e+00  2.15687217e-08  2.14000000e+00  6.74162147e-01  2.14000000e+00  7.87489467e-01  2.14000000e+00  4.68727835e-02  2.14000000e+00  2.55891678e-07  2.14000000e+00  5.88241658e-06  2.14000000e+00  1.67638449e-08 
 2.14200000e+00  1.48564875e+00  2.14200000e+00  8.95044707e-01  2.14200000e+00  1.04603990e+00  2.14200000e+00  5.57919152e-02  2.14200000e+00  2.46805825e-07  2.14200000e+00  6.49984432e-06  2.14200000e+00  3.62675909e-08  2.14200000e+00  1.05304388e+00  2.14200000e+00  1.04810570e+00  2.14200000e+00  9.46906216e-02  2.14200000e+00  6.82789563e-06  2.14200000e+00  1.18580419e-04  2.14200000e+00  1.64752109e-06  2.14200000e+00  7.88663256e-01  2.14200000e+00  7.07564409e-01  2.14200000e+00  1.33276885e-01  2.14200000e+00  7.07469749e-06  2.14200000e+00  8.92652505e-05  2.14200000e+00  5.46788178e-07  2.14200000e+00  6.76305486e-01  2.14200000e+00  7.88523851e-01  2.14200000e+00  4.69797471e-02  2.14200000e+00  2.46807942e-07  2.14200000e+00  5.68005700e-06  2.14200000e+00  2.25984042e-08  2.14200000e+00  6.76305485e-01  2.14200000e+00  7.87490032e-01  2.14200000e+00  4.70812322e-02  2.14200000e+00  2.68787328e-07  2.14200000e+00  6.16280136e-06  2.14200000e+00  1.75671570e-08 
 2.14400000e+00  1.48629727e+00  2.14400000e+00  8.96952205e-01  2.14400000e+00  1.04606360e+00  2.14400000e+00  5.58989757e-02  2.14400000e+00  2.59276487e-07  2.14400000e+00  6.80551677e-06  2.14400000e+00  3.80301827e-08  2.14400000e+00  1.05295138e+00  2.14400000e+00  1.04812440e+00  2.14400000e+00  9.46354503e-02  2.14400000e+00  6.81547555e-06  2.14400000e+00  1.18415825e-04  2.14400000e+00  1.63894807e-06  2.14400000e+00  7.88663256e-01  2.14400000e+00  7.07564299e-01  2.14400000e+00  1.33276958e-01  2.14400000e+00  7.07474807e-06  2.14400000e+00  8.92657039e-05  2.14400000e+00  5.46779511e-07  2.14400000e+00  6.78441548e-01  2.14400000e+00  7.88521911e-01  2.14400000e+00  4.71919383e-02  2.14400000e+00  2.59278601e-07  2.14400000e+00  5.95197409e-06  2.14400000e+00  2.36696140e-08  2.14400000e+00  6.78441547e-01  2.14400000e+00  7.87490621e-01  2.14400000e+00  4.72971484e-02  2.14400000e+00  2.82249175e-07  2.14400000e+00  6.45457823e-06  2.14400000e+00  1.84026634e-08 
 2.14600000e+00  1.48697415e+00  2.14600000e+00  8.98855532e-01  2.14600000e+00  1.04608819e+00  2.14600000e+00  5.60104028e-02  2.14600000e+00  2.72296045e-07  2.14600000e+00  7.12315742e-06  2.14600000e+00  3.98645072e-08  2.14600000e+00  1.05285471e+00  2.14600000e+00  1.04814394e+00  2.14600000e+00  9.45778326e-02  2.14600000e+00  6.80250885e-06  2.14600000e+00  1.18243811e-04  2.14600000e+00  1.63008821e-06  2.14600000e+00  7.88663256e-01  2.14600000e+00  7.07564185e-01  2.14600000e+00  1.33277035e-01  2.14600000e+00  7.07480092e-06  2.14600000e+00  8.92661776e-05  2.14600000e+00  5.46770455e-07  2.14600000e+00  6.80570080e-01  2.14600000e+00  7.88519978e-01  2.14600000e+00  4.74116419e-02  2.14600000e+00  2.72298157e-07  2.14600000e+00  6.23499252e-06  2.14600000e+00  2.47834874e-08  2.14600000e+00  6.80570079e-01  2.14600000e+00  7.87491237e-01  2.14600000e+00  4.75206539e-02  2.14600000e+00  2.96295892e-07  2.14600000e+00  6.75806752e-06  2.14600000e+00  1.92712147e-08 
 2.14800000e+00  1.48768030e+00  2.14800000e+00  9.00754541e-01  2.14800000e+00  1.04611368e+00  2.14800000e+00  5.61263087e-02  2.14800000e+00  2.85882629e-07  2.14800000e+00  7.45307414e-06  2.14800000e+00  4.17724744e-08  2.14800000e+00  1.05275372e+00  2.14800000e+00  1.04816436e+00  2.14800000e+00  9.45176854e-02  2.14800000e+00  6.78897749e-06  2.14800000e+00  1.18064115e-04  2.14800000e+00  1.62093942e-06  2.14800000e+00  7.88663256e-01  2.14800000e+00  7.07564065e-01  2.14800000e+00  1.33277115e-01  2.14800000e+00  7.07485614e-06  2.14800000e+00  8.92666725e-05  2.14800000e+00  5.46760996e-07  2.14800000e+00  6.82690826e-01  2.14800000e+00  7.88518052e-01  2.14800000e+00  4.76389745e-02  2.14800000e+00  2.85884736e-07  2.14800000e+00  6.52942510e-06  2.14800000e+00  2.59411542e-08  2.14800000e+00  6.82690824e-01  2.14800000e+00  7.87491879e-01  2.14800000e+00  4.77518633e-02  2.14800000e+00  3.10946309e-07  2.14800000e+00  7.07358742e-06  2.14800000e+00  2.01736542e-08 
 2.15000000e+00  1.48841665e+00  2.15000000e+00  9.02649078e-01  2.15000000e+00  1.04614012e+00  2.15000000e+00  5.62468039e-02  2.15000000e+00  3.00054546e-07  2.15000000e+00  7.79557267e-06  2.15000000e+00  4.37559769e-08  2.15000000e+00  1.05264826e+00  2.15000000e+00  1.04818568e+00  2.15000000e+00  9.44549246e-02  2.15000000e+00  6.77486323e-06  2.15000000e+00  1.17876472e-04  2.15000000e+00  1.61150013e-06  2.15000000e+00  7.88663256e-01  2.15000000e+00  7.07563940e-01  2.15000000e+00  1.33277198e-01  2.15000000e+00  7.07491380e-06  2.15000000e+00  8.92671894e-05  2.15000000e+00  5.46751121e-07  2.15000000e+00  6.84803529e-01  2.15000000e+00  7.88516133e-01  2.15000000e+00  4.78740452e-02  2.15000000e+00  3.00056650e-07  2.15000000e+00  6.83558321e-06  2.15000000e+00  2.71437378e-08  2.15000000e+00  6.84803527e-01  2.15000000e+00  7.87492548e-01  2.15000000e+00  4.79908839e-02  2.15000000e+00  3.26219412e-07  2.15000000e+00  7.40145388e-06  2.15000000e+00  2.11108177e-08 
 2.15200000e+00  1.48918416e+00  2.15200000e+00  9.04538992e-01  2.15200000e+00  1.04616753e+00  2.15200000e+00  5.63719968e-02  2.15200000e+00  3.14830257e-07  2.15200000e+00  8.15095595e-06  2.15200000e+00  4.58168842e-08  2.15200000e+00  1.05253818e+00  2.15200000e+00  1.04820794e+00  2.15200000e+00  9.43894651e-02  2.15200000e+00  6.76014771e-06  2.15200000e+00  1.17680611e-04  2.15200000e+00  1.60176932e-06  2.15200000e+00  7.88663256e-01  2.15200000e+00  7.07563810e-01  2.15200000e+00  1.33277285e-01  2.15200000e+00  7.07497399e-06  2.15200000e+00  8.92677288e-05  2.15200000e+00  5.46740815e-07  2.15200000e+00  6.86907935e-01  2.15200000e+00  7.88514222e-01  2.15200000e+00  4.81169558e-02  2.15200000e+00  3.14832362e-07  2.15200000e+00  7.15377579e-06  2.15200000e+00  2.83923523e-08  2.15200000e+00  6.86907934e-01  2.15200000e+00  7.87493246e-01  2.15200000e+00  4.82378148e-02  2.15200000e+00  3.42134314e-07  2.15200000e+00  7.74197947e-06  2.15200000e+00  2.20835313e-08 
 2.15400000e+00  1.48998376e+00  2.15400000e+00  9.06424125e-01  2.15400000e+00  1.04619595e+00  2.15400000e+00  5.65019934e-02  2.15400000e+00  3.30228342e-07  2.15400000e+00  8.51952331e-06  2.15400000e+00  4.79570380e-08  2.15400000e+00  1.05242332e+00  2.15400000e+00  1.04823117e+00  2.15400000e+00  9.43212209e-02  2.15400000e+00  6.74481243e-06  2.15400000e+00  1.17476259e-04  2.15400000e+00  1.59174658e-06  2.15400000e+00  7.88663256e-01  2.15400000e+00  7.07563674e-01  2.15400000e+00  1.33277376e-01  2.15400000e+00  7.07503679e-06  2.15400000e+00  8.92682917e-05  2.15400000e+00  5.46730064e-07  2.15400000e+00  6.89003790e-01  2.15400000e+00  7.88512318e-01  2.15400000e+00  4.83677994e-02  2.15400000e+00  3.30230441e-07  2.15400000e+00  7.48430807e-06  2.15400000e+00  2.96880984e-08  2.15400000e+00  6.89003788e-01  2.15400000e+00  7.87493972e-01  2.15400000e+00  4.84927465e-02  2.15400000e+00  3.58710197e-07  2.15400000e+00  8.09547208e-06  2.15400000e+00  2.30926085e-08 
 2.15600000e+00  1.49081639e+00  2.15600000e+00  9.08304318e-01  2.15600000e+00  1.04622541e+00  2.15600000e+00  5.66368968e-02  2.15600000e+00  3.46267473e-07  2.15600000e+00  8.90156978e-06  2.15600000e+00  5.01782463e-08  2.15600000e+00  1.05230351e+00  2.15600000e+00  1.04825540e+00  2.15600000e+00  9.42501051e-02  2.15600000e+00  6.72883880e-06  2.15600000e+00  1.17263140e-04  2.15600000e+00  1.58143211e-06  2.15600000e+00  7.88663256e-01  2.15600000e+00  7.07563532e-01  2.15600000e+00  1.33277471e-01  2.15600000e+00  7.07510229e-06  2.15600000e+00  8.92688787e-05  2.15600000e+00  5.46718853e-07  2.15600000e+00  6.91090843e-01  2.15600000e+00  7.88510423e-01  2.15600000e+00  4.86266608e-02  2.15600000e+00  3.46269570e-07  2.15600000e+00  7.82748143e-06  2.15600000e+00  3.10320640e-08  2.15600000e+00  6.91090841e-01  2.15600000e+00  7.87494729e-01  2.15600000e+00  4.87557611e-02  2.15600000e+00  3.75966325e-07  2.15600000e+00  8.46223480e-06  2.15600000e+00  2.41388502e-08 
 2.15800000e+00  1.49168302e+00  2.15800000e+00  9.10179410e-01  2.15800000e+00  1.04625595e+00  2.15800000e+00  5.67768069e-02  2.15800000e+00  3.62966372e-07  2.15800000e+00  9.29738521e-06  2.15800000e+00  5.24822782e-08  2.15800000e+00  1.05217861e+00  2.15800000e+00  1.04828066e+00  2.15800000e+00  9.41760303e-02  2.15800000e+00  6.71220819e-06  2.15800000e+00  1.17040974e-04  2.15800000e+00  1.57082673e-06  2.15800000e+00  7.88663255e-01  2.15800000e+00  7.07563384e-01  2.15800000e+00  1.33277570e-01  2.15800000e+00  7.07517058e-06  2.15800000e+00  8.92694907e-05  2.15800000e+00  5.46707168e-07  2.15800000e+00  6.93168845e-01  2.15800000e+00  7.88508536e-01  2.15800000e+00  4.88936159e-02  2.15800000e+00  3.62968475e-07  2.15800000e+00  8.18359174e-06  2.15800000e+00  3.24253186e-08  2.15800000e+00  6.93168843e-01  2.15800000e+00  7.87495517e-01  2.15800000e+00  4.90269315e-02  2.15800000e+00  3.93921968e-07  2.15800000e+00  8.84256411e-06  2.15800000e+00  2.52230412e-08 
 2.16000000e+00  1.49258458e+00  2.16000000e+00  9.12049238e-01  2.16000000e+00  1.04628759e+00  2.16000000e+00  5.69218199e-02  2.16000000e+00  3.80343785e-07  2.16000000e+00  9.70725357e-06  2.16000000e+00  5.48708578e-08  2.16000000e+00  1.05204844e+00  2.16000000e+00  1.04830699e+00  2.16000000e+00  9.40989084e-02  2.16000000e+00  6.69490194e-06  2.16000000e+00  1.16809480e-04  2.16000000e+00  1.55993193e-06  2.16000000e+00  7.88663255e-01  2.16000000e+00  7.07563230e-01  2.16000000e+00  1.33277673e-01  2.16000000e+00  7.07524175e-06  2.16000000e+00  8.92701285e-05  2.16000000e+00  5.46694993e-07  2.16000000e+00  6.95237548e-01  2.16000000e+00  7.88506657e-01  2.16000000e+00  4.91687306e-02  2.16000000e+00  3.80345885e-07  2.16000000e+00  8.55292810e-06  2.16000000e+00  3.38689096e-08  2.16000000e+00  6.95237546e-01  2.16000000e+00  7.87496337e-01  2.16000000e+00  4.93063204e-02  2.16000000e+00  4.12596358e-07  2.16000000e+00  9.23674862e-06  2.16000000e+00  2.63459471e-08 
 2.16200000e+00  1.49352203e+00  2.16200000e+00  9.13913637e-01  2.16200000e+00  1.04632039e+00  2.16200000e+00  5.70720282e-02  2.16200000e+00  3.98418437e-07  2.16200000e+00  1.01314520e-05  2.16200000e+00  5.73456591e-08  2.16200000e+00  1.05191285e+00  2.16200000e+00  1.04833442e+00  2.16200000e+00  9.40186508e-02  2.16200000e+00  6.67690142e-06  2.16200000e+00  1.16568372e-04  2.16200000e+00  1.54874983e-06  2.16200000e+00  7.88663255e-01  2.16200000e+00  7.07563069e-01  2.16200000e+00  1.33277781e-01  2.16200000e+00  7.07531588e-06  2.16200000e+00  8.92707929e-05  2.16200000e+00  5.46682314e-07  2.16200000e+00  6.97296710e-01  2.16200000e+00  7.88504787e-01  2.16200000e+00  4.94520619e-02  2.16200000e+00  3.98420535e-07  2.16200000e+00  8.93577274e-06  2.16200000e+00  3.53638635e-08  2.16200000e+00  6.97296707e-01  2.16200000e+00  7.87497189e-01  2.16200000e+00  4.95939814e-02  2.16200000e+00  4.32008687e-07  2.16200000e+00  9.64506896e-06  2.16200000e+00  2.75083148e-08 
 2.16400000e+00  1.49449632e+00  2.16400000e+00  9.15772439e-01  2.16400000e+00  1.04635436e+00  2.16400000e+00  5.72275196e-02  2.16400000e+00  4.17208994e-07  2.16400000e+00  1.05702500e-05  2.16400000e+00  5.99082996e-08  2.16400000e+00  1.05177165e+00  2.16400000e+00  1.04836298e+00  2.16400000e+00  9.39351690e-02  2.16400000e+00  6.65818806e-06  2.16400000e+00  1.16317365e-04  2.16400000e+00  1.53728326e-06  2.16400000e+00  7.88663255e-01  2.16400000e+00  7.07562902e-01  2.16400000e+00  1.33277893e-01  2.16400000e+00  7.07539306e-06  2.16400000e+00  8.92714846e-05  2.16400000e+00  5.46669115e-07  2.16400000e+00  6.99346090e-01  2.16400000e+00  7.88502926e-01  2.16400000e+00  4.97436564e-02  2.16400000e+00  4.17211097e-07  2.16400000e+00  9.33239931e-06  2.16400000e+00  3.69111798e-08  2.16400000e+00  6.99346088e-01  2.16400000e+00  7.87498074e-01  2.16400000e+00  4.98899576e-02  2.16400000e+00  4.52178043e-07  2.16400000e+00  1.00677960e-05  2.16400000e+00  2.87108691e-08 
 2.16600000e+00  1.49550837e+00  2.16600000e+00  9.17625476e-01  2.16600000e+00  1.04638955e+00  2.16600000e+00  5.73883773e-02  2.16600000e+00  4.36734026e-07  2.16600000e+00  1.10239087e-05  2.16600000e+00  6.25603348e-08  2.16600000e+00  1.05162469e+00  2.16600000e+00  1.04839271e+00  2.16600000e+00  9.38483740e-02  2.16600000e+00  6.63874337e-06  2.16600000e+00  1.16056172e-04  2.16600000e+00  1.52553570e-06  2.16600000e+00  7.88663255e-01  2.16600000e+00  7.07562727e-01  2.16600000e+00  1.33278009e-01  2.16600000e+00  7.07547340e-06  2.16600000e+00  8.92722046e-05  2.16600000e+00  5.46655382e-07  2.16600000e+00  7.01385452e-01  2.16600000e+00  7.88501074e-01  2.16600000e+00  5.00435503e-02  2.16600000e+00  4.36736129e-07  2.16600000e+00  9.74307159e-06  2.16600000e+00  3.85118280e-08  2.16600000e+00  7.01385450e-01  2.16600000e+00  7.87498994e-01  2.16600000e+00  5.01942817e-02  2.16600000e+00  4.73123346e-07  2.16600000e+00  1.05051896e-05  2.16600000e+00  2.99543097e-08 
 2.16800000e+00  1.49655911e+00  2.16800000e+00  9.19472577e-01  2.16800000e+00  1.04642599e+00  2.16800000e+00  5.75546795e-02  2.16800000e+00  4.57011957e-07  2.16800000e+00  1.14926797e-05  2.16800000e+00  6.53032525e-08  2.16800000e+00  1.05147180e+00  2.16800000e+00  1.04842364e+00  2.16800000e+00  9.37581768e-02  2.16800000e+00  6.61854902e-06  2.16800000e+00  1.15784505e-04  2.16800000e+00  1.51351133e-06  2.16800000e+00  7.88663255e-01  2.16800000e+00  7.07562546e-01  2.16800000e+00  1.33278130e-01  2.16800000e+00  7.07555698e-06  2.16800000e+00  8.92729536e-05  2.16800000e+00  5.46641098e-07  2.16800000e+00  7.03414561e-01  2.16800000e+00  7.88499231e-01  2.16800000e+00  5.03517693e-02  2.16800000e+00  4.57014046e-07  2.16800000e+00  1.01680427e-05  2.16800000e+00  4.01667450e-08  2.16800000e+00  7.03414559e-01  2.16800000e+00  7.87499949e-01  2.16800000e+00  5.05069753e-02  2.16800000e+00  4.94863322e-07  2.16800000e+00  1.09574974e-05  2.16800000e+00  3.12393095e-08 
 2.17000000e+00  1.49764947e+00  2.17000000e+00  9.21313571e-01  2.17000000e+00  1.04646372e+00  2.17000000e+00  5.77264986e-02  2.17000000e+00  4.78061026e-07  2.17000000e+00  1.19768045e-05  2.17000000e+00  6.81384669e-08  2.17000000e+00  1.05131280e+00  2.17000000e+00  1.04845582e+00  2.17000000e+00  9.36644889e-02  2.17000000e+00  6.59758687e-06  2.17000000e+00  1.15502076e-04  2.17000000e+00  1.50121498e-06  2.17000000e+00  7.88663255e-01  2.17000000e+00  7.07562358e-01  2.17000000e+00  1.33278256e-01  2.17000000e+00  7.07564390e-06  2.17000000e+00  8.92737325e-05  2.17000000e+00  5.46626248e-07  2.17000000e+00  7.05433192e-01  2.17000000e+00  7.88497398e-01  2.17000000e+00  5.06683291e-02  2.17000000e+00  4.78063116e-07  2.17000000e+00  1.06075547e-05  2.17000000e+00  4.18768361e-08  2.17000000e+00  7.05433190e-01  2.17000000e+00  7.87500941e-01  2.17000000e+00  5.08280502e-02  2.17000000e+00  5.17416500e-07  2.17000000e+00  1.14249554e-05  2.17000000e+00  3.25665161e-08 
 2.17200000e+00  1.49878036e+00  2.17200000e+00  9.23148284e-01  2.17200000e+00  1.04650278e+00  2.17200000e+00  5.79039014e-02  2.17200000e+00  4.99899241e-07  2.17200000e+00  1.24765132e-05  2.17200000e+00  7.10673128e-08  2.17200000e+00  1.05114752e+00  2.17200000e+00  1.04848926e+00  2.17200000e+00  9.35672218e-02  2.17200000e+00  6.57583901e-06  2.17200000e+00  1.15208597e-04  2.17200000e+00  1.48865219e-06  2.17200000e+00  7.88663255e-01  2.17200000e+00  7.07562162e-01  2.17200000e+00  1.33278387e-01  2.17200000e+00  7.07573425e-06  2.17200000e+00  8.92745421e-05  2.17200000e+00  5.46610817e-07  2.17200000e+00  7.07441118e-01  2.17200000e+00  7.88495574e-01  2.17200000e+00  5.09932336e-02  2.17200000e+00  4.99901330e-07  2.17200000e+00  1.10618362e-05  2.17200000e+00  4.36429647e-08  2.17200000e+00  7.07441116e-01  2.17200000e+00  7.87501969e-01  2.17200000e+00  5.11575062e-02  2.17200000e+00  5.40801071e-07  2.17200000e+00  1.19077841e-05  2.17200000e+00  3.39365436e-08 
 2.17400000e+00  1.49995265e+00  2.17400000e+00  9.24976544e-01  2.17400000e+00  1.04654320e+00  2.17400000e+00  5.80869484e-02  2.17400000e+00  5.22544328e-07  2.17400000e+00  1.29920242e-05  2.17400000e+00  7.40910403e-08  2.17400000e+00  1.05097578e+00  2.17400000e+00  1.04852402e+00  2.17400000e+00  9.34662875e-02  2.17400000e+00  6.55328779e-06  2.17400000e+00  1.14903782e-04  2.17400000e+00  1.47582912e-06  2.17400000e+00  7.88663255e-01  2.17400000e+00  7.07561959e-01  2.17400000e+00  1.33278523e-01  2.17400000e+00  7.07582812e-06  2.17400000e+00  8.92753833e-05  2.17400000e+00  5.46594788e-07  2.17400000e+00  7.09438121e-01  2.17400000e+00  7.88493761e-01  2.17400000e+00  5.13264762e-02  2.17400000e+00  5.22546421e-07  2.17400000e+00  1.15311020e-05  2.17400000e+00  4.54659549e-08  2.17400000e+00  7.09438118e-01  2.17400000e+00  7.87503034e-01  2.17400000e+00  5.14953326e-02  2.17400000e+00  5.65034909e-07  2.17400000e+00  1.24061894e-05  2.17400000e+00  3.53499751e-08 
 2.17600000e+00  1.50116722e+00  2.17600000e+00  9.26798174e-01  2.17600000e+00  1.04658501e+00  2.17600000e+00  5.82756937e-02  2.17600000e+00  5.46013687e-07  2.17600000e+00  1.35235427e-05  2.17600000e+00  7.72108092e-08  2.17600000e+00  1.05079742e+00  2.17600000e+00  1.04856011e+00  2.17600000e+00  9.33615988e-02  2.17600000e+00  6.52991593e-06  2.17600000e+00  1.14587345e-04  2.17600000e+00  1.46275260e-06  2.17600000e+00  7.88663255e-01  2.17600000e+00  7.07561747e-01  2.17600000e+00  1.33278664e-01  2.17600000e+00  7.07592561e-06  2.17600000e+00  8.92762569e-05  2.17600000e+00  5.46578147e-07  2.17600000e+00  7.11423983e-01  2.17600000e+00  7.88491958e-01  2.17600000e+00  5.16680389e-02  2.17600000e+00  5.46015783e-07  2.17600000e+00  1.20155520e-05  2.17600000e+00  4.73465862e-08  2.17600000e+00  7.11423980e-01  2.17600000e+00  7.87504138e-01  2.17600000e+00  5.18415070e-02  2.17600000e+00  5.90135489e-07  2.17600000e+00  1.29203608e-05  2.17600000e+00  3.68073590e-08 
 2.17800000e+00  1.50242492e+00  2.17800000e+00  9.28613000e-01  2.17800000e+00  1.04662826e+00  2.17800000e+00  5.84701845e-02  2.17800000e+00  5.70324342e-07  2.17800000e+00  1.40712601e-05  2.17800000e+00  8.04276836e-08  2.17800000e+00  1.05061225e+00  2.17800000e+00  1.04859760e+00  2.17800000e+00  9.32530693e-02  2.17800000e+00  6.50570649e-06  2.17800000e+00  1.14259002e-04  2.17800000e+00  1.44943008e-06  2.17800000e+00  7.88663255e-01  2.17800000e+00  7.07561528e-01  2.17800000e+00  1.33278811e-01  2.17800000e+00  7.07602682e-06  2.17800000e+00  8.92771638e-05  2.17800000e+00  5.46560877e-07  2.17800000e+00  7.13398494e-01  2.17800000e+00  7.88490165e-01  2.17800000e+00  5.20178928e-02  2.17800000e+00  5.70326436e-07  2.17800000e+00  1.25153699e-05  2.17800000e+00  4.92855914e-08  2.17800000e+00  7.13398491e-01  2.17800000e+00  7.87505282e-01  2.17800000e+00  5.21959959e-02  2.17800000e+00  6.16119846e-07  2.17800000e+00  1.34504703e-05  2.17800000e+00  3.83092074e-08 
 2.18000000e+00  1.50372659e+00  2.18000000e+00  9.30420846e-01  2.18000000e+00  1.04667299e+00  2.18000000e+00  5.86704608e-02  2.18000000e+00  5.95492885e-07  2.18000000e+00  1.46353531e-05  2.18000000e+00  8.37426268e-08  2.18000000e+00  1.05042010e+00  2.18000000e+00  1.04863649e+00  2.18000000e+00  9.31406135e-02  2.18000000e+00  6.48064297e-06  2.18000000e+00  1.13918473e-04  2.18000000e+00  1.43586960e-06  2.18000000e+00  7.88663255e-01  2.18000000e+00  7.07561300e-01  2.18000000e+00  1.33278963e-01  2.18000000e+00  7.07613184e-06  2.18000000e+00  8.92781048e-05  2.18000000e+00  5.46542963e-07  2.18000000e+00  7.15361448e-01  2.18000000e+00  7.88488382e-01  2.18000000e+00  5.23759977e-02  2.18000000e+00  5.95494977e-07  2.18000000e+00  1.30307225e-05  2.18000000e+00  5.12836538e-08  2.18000000e+00  7.15361445e-01  2.18000000e+00  7.87506465e-01  2.18000000e+00  5.25587548e-02  2.18000000e+00  6.43004529e-07  2.18000000e+00  1.39966719e-05  2.18000000e+00  3.98559950e-08 
 2.18200000e+00  1.50507301e+00  2.18200000e+00  9.32221537e-01  2.18200000e+00  1.04671922e+00  2.18200000e+00  5.88765553e-02  2.18200000e+00  6.21535434e-07  2.18200000e+00  1.52159829e-05  2.18200000e+00  8.71564962e-08  2.18200000e+00  1.05022080e+00  2.18200000e+00  1.04867684e+00  2.18200000e+00  9.30241472e-02  2.18200000e+00  6.45470935e-06  2.18200000e+00  1.13565480e-04  2.18200000e+00  1.42207977e-06  2.18200000e+00  7.88663255e-01  2.18200000e+00  7.07561064e-01  2.18200000e+00  1.33279121e-01  2.18200000e+00  7.07624077e-06  2.18200000e+00  8.92790809e-05  2.18200000e+00  5.46524389e-07  2.18200000e+00  7.17312645e-01  2.18200000e+00  7.88486610e-01  2.18200000e+00  5.27423020e-02  2.18200000e+00  6.21537522e-07  2.18200000e+00  1.35617589e-05  2.18200000e+00  5.33414044e-08  2.18200000e+00  7.17312642e-01  2.18200000e+00  7.87507689e-01  2.18200000e+00  5.29297276e-02  2.18200000e+00  6.70805533e-07  2.18200000e+00  1.45591001e-05  2.18200000e+00  4.14481561e-08 
 2.18400000e+00  1.50646497e+00  2.18400000e+00  9.34014895e-01  2.18400000e+00  1.04676700e+00  2.18400000e+00  5.90884930e-02  2.18400000e+00  6.48467577e-07  2.18400000e+00  1.58132942e-05  2.18400000e+00  9.06700393e-08  2.18400000e+00  1.05001417e+00  2.18400000e+00  1.04871868e+00  2.18400000e+00  9.29035873e-02  2.18400000e+00  6.42789015e-06  2.18400000e+00  1.13199751e-04  2.18400000e+00  1.40806973e-06  2.18400000e+00  7.88663255e-01  2.18400000e+00  7.07560819e-01  2.18400000e+00  1.33279285e-01  2.18400000e+00  7.07635370e-06  2.18400000e+00  8.92800927e-05  2.18400000e+00  5.46505140e-07  2.18400000e+00  7.19251887e-01  2.18400000e+00  7.88484849e-01  2.18400000e+00  5.31167434e-02  2.18400000e+00  6.48469660e-07  2.18400000e+00  1.41086089e-05  2.18400000e+00  5.54594192e-08  2.18400000e+00  7.19251884e-01  2.18400000e+00  7.87508954e-01  2.18400000e+00  5.33088472e-02  2.18400000e+00  6.99538264e-07  2.18400000e+00  1.51378695e-05  2.18400000e+00  4.30860843e-08 
 2.18600000e+00  1.50790322e+00  2.18600000e+00  9.35800746e-01  2.18600000e+00  1.04681636e+00  2.18600000e+00  5.93062911e-02  2.18600000e+00  6.76304316e-07  2.18600000e+00  1.64274144e-05  2.18600000e+00  9.42838883e-08  2.18600000e+00  1.04980002e+00  2.18600000e+00  1.04876204e+00  2.18600000e+00  9.27788525e-02  2.18600000e+00  6.40017044e-06  2.18600000e+00  1.12821016e-04  2.18600000e+00  1.39384915e-06  2.18600000e+00  7.88663255e-01  2.18600000e+00  7.07560565e-01  2.18600000e+00  1.33279454e-01  2.18600000e+00  7.07647073e-06  2.18600000e+00  8.92811413e-05  2.18600000e+00  5.46485199e-07  2.18600000e+00  7.21178985e-01  2.18600000e+00  7.88483100e-01  2.18600000e+00  5.34992484e-02  2.18600000e+00  6.76306407e-07  2.18600000e+00  1.46713830e-05  2.18600000e+00  5.76382171e-08  2.18600000e+00  7.21178982e-01  2.18600000e+00  7.87510261e-01  2.18600000e+00  5.36960355e-02  2.18600000e+00  7.29217478e-07  2.18600000e+00  1.57330735e-05  2.18600000e+00  4.47701304e-08 
 2.18800000e+00  1.50938845e+00  2.18800000e+00  9.37578914e-01  2.18800000e+00  1.04686734e+00  2.18800000e+00  5.95299586e-02  2.18800000e+00  7.05060025e-07  2.18800000e+00  1.70584529e-05  2.18800000e+00  9.79985569e-08  2.18800000e+00  1.04957820e+00  2.18800000e+00  1.04880697e+00  2.18800000e+00  9.26498631e-02  2.18800000e+00  6.37153596e-06  2.18800000e+00  1.12429012e-04  2.18800000e+00  1.37942812e-06  2.18800000e+00  7.88663255e-01  2.18800000e+00  7.07560303e-01  2.18800000e+00  1.33279630e-01  2.18800000e+00  7.07659195e-06  2.18800000e+00  8.92822274e-05  2.18800000e+00  5.46464553e-07  2.18800000e+00  7.23093750e-01  2.18800000e+00  7.88481361e-01  2.18800000e+00  5.38897320e-02  2.18800000e+00  7.05062111e-07  2.18800000e+00  1.52501702e-05  2.18800000e+00  5.98782542e-08  2.18800000e+00  7.23093747e-01  2.18800000e+00  7.87511611e-01  2.18800000e+00  5.40912029e-02  2.18800000e+00  7.59857191e-07  2.18800000e+00  1.63447831e-05  2.18800000e+00  4.65005987e-08 
 2.19000000e+00  1.51092134e+00  2.19000000e+00  9.39349223e-01  2.19000000e+00  1.04691998e+00  2.19000000e+00  5.97594963e-02  2.19000000e+00  7.34748389e-07  2.19000000e+00  1.77065002e-05  2.19000000e+00  1.01814436e-07  2.19000000e+00  1.04934852e+00  2.19000000e+00  1.04885349e+00  2.19000000e+00  9.25165413e-02  2.19000000e+00  6.34197312e-06  2.19000000e+00  1.12023481e-04  2.19000000e+00  1.36481718e-06  2.19000000e+00  7.88663255e-01  2.19000000e+00  7.07560030e-01  2.19000000e+00  1.33279812e-01  2.19000000e+00  7.07671747e-06  2.19000000e+00  8.92833519e-05  2.19000000e+00  5.46443184e-07  2.19000000e+00  7.24996003e-01  2.19000000e+00  7.88479634e-01  2.19000000e+00  5.42880990e-02  2.19000000e+00  7.34750470e-07  2.19000000e+00  1.58450389e-05  2.19000000e+00  6.21799269e-08  2.19000000e+00  7.24995999e-01  2.19000000e+00  7.87513005e-01  2.19000000e+00  5.44942495e-02  2.19000000e+00  7.91470701e-07  2.19000000e+00  1.69730475e-05  2.19000000e+00  4.82777496e-08 
 2.19200000e+00  1.51250253e+00  2.19200000e+00  9.41111501e-01  2.19200000e+00  1.04697432e+00  2.19200000e+00  5.99948966e-02  2.19200000e+00  7.65382354e-07  2.19200000e+00  1.83716273e-05  2.19200000e+00  1.05731789e-07  2.19200000e+00  1.04911080e+00  2.19200000e+00  1.04890164e+00  2.19200000e+00  9.23788114e-02  2.19200000e+00  6.31146905e-06  2.19200000e+00  1.11604173e-04  2.19200000e+00  1.35002720e-06  2.19200000e+00  7.88663255e-01  2.19200000e+00  7.07559749e-01  2.19200000e+00  1.33280000e-01  2.19200000e+00  7.07684736e-06  2.19200000e+00  8.92845156e-05  2.19200000e+00  5.46421079e-07  2.19200000e+00  7.26885566e-01  2.19200000e+00  7.88477918e-01  2.19200000e+00  5.46942435e-02  2.19200000e+00  7.65384437e-07  2.19200000e+00  1.64560355e-05  2.19200000e+00  6.45435659e-08  2.19200000e+00  7.26885562e-01  2.19200000e+00  7.87514442e-01  2.19200000e+00  5.49050647e-02  2.19200000e+00  8.24070480e-07  2.19200000e+00  1.76178924e-05  2.19200000e+00  5.01017959e-08 
 2.19400000e+00  1.51413261e+00  2.19400000e+00  9.42865573e-01  2.19400000e+00  1.04703038e+00  2.19400000e+00  6.02361435e-02  2.19400000e+00  7.96974081e-07  2.19400000e+00  1.90538850e-05  2.19400000e+00  1.09750752e-07  2.19400000e+00  1.04886488e+00  2.19400000e+00  1.04895147e+00  2.19400000e+00  9.22366000e-02  2.19400000e+00  6.28001171e-06  2.19400000e+00  1.11170845e-04  2.19400000e+00  1.33506942e-06  2.19400000e+00  7.88663255e-01  2.19400000e+00  7.07559457e-01  2.19400000e+00  1.33280195e-01  2.19400000e+00  7.07698174e-06  2.19400000e+00  8.92857194e-05  2.19400000e+00  5.46398222e-07  2.19400000e+00  7.28762266e-01  2.19400000e+00  7.88476214e-01  2.19400000e+00  5.51080486e-02  2.19400000e+00  7.96976152e-07  2.19400000e+00  1.70831828e-05  2.19400000e+00  6.69694330e-08  2.19400000e+00  7.28762263e-01  2.19400000e+00  7.87515924e-01  2.19400000e+00  5.53235270e-02  2.19400000e+00  8.57668115e-07  2.19400000e+00  1.82793192e-05  2.19400000e+00  5.19729002e-08 
 2.19600000e+00  1.51581213e+00  2.19600000e+00  9.44611268e-01  2.19600000e+00  1.04708821e+00  2.19600000e+00  6.04832120e-02  2.19600000e+00  8.29534889e-07  2.19600000e+00  1.97533030e-05  2.19600000e+00  1.13871328e-07  2.19600000e+00  1.04861059e+00  2.19600000e+00  1.04900299e+00  2.19600000e+00  9.20898359e-02  2.19600000e+00  6.24758985e-06  2.19600000e+00  1.10723260e-04  2.19600000e+00  1.31995531e-06  2.19600000e+00  7.88663255e-01  2.19600000e+00  7.07559156e-01  2.19600000e+00  1.33280397e-01  2.19600000e+00  7.07712069e-06  2.19600000e+00  8.92869642e-05  2.19600000e+00  5.46374598e-07  2.19600000e+00  7.30625940e-01  2.19600000e+00  7.88474522e-01  2.19600000e+00  5.55293881e-02  2.19600000e+00  8.29536972e-07  2.19600000e+00  1.77264819e-05  2.19600000e+00  6.94577255e-08  2.19600000e+00  7.30625936e-01  2.19600000e+00  7.87517451e-01  2.19600000e+00  5.57495055e-02  2.19600000e+00  8.92274338e-07  2.19600000e+00  1.89573061e-05  2.19600000e+00  5.38911792e-08 
 2.19800000e+00  1.51754159e+00  2.19800000e+00  9.46348415e-01  2.19800000e+00  1.04714785e+00  2.19800000e+00  6.07360688e-02  2.19800000e+00  8.63075208e-07  2.19800000e+00  2.04698898e-05  2.19800000e+00  1.18093385e-07  2.19800000e+00  1.04834774e+00  2.19800000e+00  1.04905626e+00  2.19800000e+00  9.19384508e-02  2.19800000e+00  6.21419315e-06  2.19800000e+00  1.10261194e-04  2.19800000e+00  1.30469659e-06  2.19800000e+00  7.88663255e-01  2.19800000e+00  7.07558845e-01  2.19800000e+00  1.33280605e-01  2.19800000e+00  7.07726430e-06  2.19800000e+00  8.92882507e-05  2.19800000e+00  5.46350193e-07  2.19800000e+00  7.32476421e-01  2.19800000e+00  7.88472842e-01  2.19800000e+00  5.59581244e-02  2.19800000e+00  8.63077275e-07  2.19800000e+00  1.83859079e-05  2.19800000e+00  7.20085625e-08  2.19800000e+00  7.32476417e-01  2.19800000e+00  7.87519023e-01  2.19800000e+00  5.61828580e-02  2.19800000e+00  9.27898817e-07  2.19800000e+00  1.96518046e-05  2.19800000e+00  5.58566934e-08 
 2.20000000e+00  1.51932144e+00  2.20000000e+00  9.48076846e-01  2.20000000e+00  1.04720932e+00  2.20000000e+00  6.09946717e-02  2.20000000e+00  8.97604531e-07  2.20000000e+00  2.12036316e-05  2.20000000e+00  1.22416655e-07  2.20000000e+00  1.04807618e+00  2.20000000e+00  1.04911130e+00  2.20000000e+00  9.17823790e-02  2.20000000e+00  6.17981220e-06  2.20000000e+00  1.09784428e-04  2.20000000e+00  1.28930511e-06  2.20000000e+00  7.88663255e-01  2.20000000e+00  7.07558523e-01  2.20000000e+00  1.33280820e-01  2.20000000e+00  7.07741266e-06  2.20000000e+00  8.92895797e-05  2.20000000e+00  5.46324992e-07  2.20000000e+00  7.34313556e-01  2.20000000e+00  7.88471174e-01  2.20000000e+00  5.63941117e-02  2.20000000e+00  8.97606606e-07  2.20000000e+00  1.90614143e-05  2.20000000e+00  7.46219988e-08  2.20000000e+00  7.34313551e-01  2.20000000e+00  7.87520640e-01  2.20000000e+00  5.66234343e-02  2.20000000e+00  9.64550324e-07  2.20000000e+00  2.03627433e-05  2.20000000e+00  5.78694581e-08 
 2.20200000e+00  1.52115210e+00  2.20200000e+00  9.49796393e-01  2.20200000e+00  1.04727266e+00  2.20200000e+00  6.12589699e-02  2.20200000e+00  9.33131365e-07  2.20200000e+00  2.19544923e-05  2.20200000e+00  1.26840734e-07  2.20200000e+00  1.04779574e+00  2.20200000e+00  1.04916815e+00  2.20200000e+00  9.16215580e-02  2.20200000e+00  6.14443858e-06  2.20200000e+00  1.09292757e-04  2.20200000e+00  1.27379289e-06  2.20200000e+00  7.88663254e-01  2.20200000e+00  7.07558191e-01  2.20200000e+00  1.33281042e-01  2.20200000e+00  7.07756588e-06  2.20200000e+00  8.92909521e-05  2.20200000e+00  5.46298981e-07  2.20200000e+00  7.36137188e-01  2.20200000e+00  7.88469519e-01  2.20200000e+00  5.68371935e-02  2.20200000e+00  9.33133431e-07  2.20200000e+00  1.97529281e-05  2.20200000e+00  7.72980076e-08  2.20200000e+00  7.36137183e-01  2.20200000e+00  7.87522305e-01  2.20200000e+00  5.70710733e-02  2.20200000e+00  1.00223647e-06  2.20200000e+00  2.10900235e-05  2.20200000e+00  5.99294307e-08 
 2.20400000e+00  1.52303390e+00  2.20400000e+00  9.51506890e-01  2.20400000e+00  1.04733792e+00  2.20400000e+00  6.15289037e-02  2.20400000e+00  9.69663186e-07  2.20400000e+00  2.27224128e-05  2.20400000e+00  1.31365076e-07  2.20400000e+00  1.04750624e+00  2.20400000e+00  1.04922684e+00  2.20400000e+00  9.14559282e-02  2.20400000e+00  6.10806492e-06  2.20400000e+00  1.08785985e-04  2.20400000e+00  1.25817196e-06  2.20400000e+00  7.88663254e-01  2.20400000e+00  7.07557848e-01  2.20400000e+00  1.33281272e-01  2.20400000e+00  7.07772402e-06  2.20400000e+00  8.92923687e-05  2.20400000e+00  5.46272146e-07  2.20400000e+00  7.37947170e-01  2.20400000e+00  7.88467875e-01  2.20400000e+00  5.72872050e-02  2.20400000e+00  9.69665258e-07  2.20400000e+00  2.04603529e-05  2.20400000e+00  8.00364922e-08  2.20400000e+00  7.37947166e-01  2.20400000e+00  7.87524015e-01  2.20400000e+00  5.75256060e-02  2.20400000e+00  1.04096382e-06  2.20400000e+00  2.18335223e-05  2.20400000e+00  6.20365201e-08 
 2.20600000e+00  1.52496715e+00  2.20600000e+00  9.53208174e-01  2.20600000e+00  1.04740511e+00  2.20600000e+00  6.18044051e-02  2.20600000e+00  1.00720640e-06  2.20600000e+00  2.35073105e-05  2.20600000e+00  1.35988996e-07  2.20600000e+00  1.04720754e+00  2.20600000e+00  1.04928741e+00  2.20600000e+00  9.12854334e-02  2.20600000e+00  6.07068489e-06  2.20600000e+00  1.08263927e-04  2.20600000e+00  1.24245439e-06  2.20600000e+00  7.88663254e-01  2.20600000e+00  7.07557494e-01  2.20600000e+00  1.33281508e-01  2.20600000e+00  7.07788720e-06  2.20600000e+00  8.92938302e-05  2.20600000e+00  5.46244473e-07  2.20600000e+00  7.39743357e-01  2.20600000e+00  7.88466245e-01  2.20600000e+00  5.77439719e-02  2.20600000e+00  1.00720845e-06  2.20600000e+00  2.11835664e-05  2.20600000e+00  8.28372738e-08  2.20600000e+00  7.39743353e-01  2.20600000e+00  7.87525772e-01  2.20600000e+00  5.79868536e-02  2.20600000e+00  1.08073776e-06  2.20600000e+00  2.25930900e-05  2.20600000e+00  6.41905775e-08 
 2.20800000e+00  1.52695207e+00  2.20800000e+00  9.54900085e-01  2.20800000e+00  1.04747428e+00  2.20800000e+00  6.20853974e-02  2.20800000e+00  1.04576628e-06  2.20800000e+00  2.43090796e-05  2.20800000e+00  1.40711671e-07  2.20800000e+00  1.04689946e+00  2.20800000e+00  1.04934989e+00  2.20800000e+00  9.11100208e-02  2.20800000e+00  6.03229330e-06  2.20800000e+00  1.07726411e-04  2.20800000e+00  1.22665220e-06  2.20800000e+00  7.88663254e-01  2.20800000e+00  7.07557129e-01  2.20800000e+00  1.33281752e-01  2.20800000e+00  7.07805548e-06  2.20800000e+00  8.92953375e-05  2.20800000e+00  5.46215950e-07  2.20800000e+00  7.41525611e-01  2.20800000e+00  7.88464627e-01  2.20800000e+00  5.82073122e-02  2.20800000e+00  1.04576834e-06  2.20800000e+00  2.19224227e-05  2.20800000e+00  8.57001017e-08  2.20800000e+00  7.41525606e-01  2.20800000e+00  7.87527577e-01  2.20800000e+00  5.84546301e-02  2.20800000e+00  1.12156253e-06  2.20800000e+00  2.33685526e-05  2.20800000e+00  6.63914052e-08 
 2.21000000e+00  1.52898884e+00  2.21000000e+00  9.56582464e-01  2.21000000e+00  1.04754546e+00  2.21000000e+00  6.23717954e-02  2.21000000e+00  1.08534696e-06  2.21000000e+00  2.51275902e-05  2.21000000e+00  1.45532137e-07  2.21000000e+00  1.04658185e+00  2.21000000e+00  1.04941432e+00  2.21000000e+00  9.09296413e-02  2.21000000e+00  5.99288611e-06  2.21000000e+00  1.07173279e-04  2.21000000e+00  1.21077733e-06  2.21000000e+00  7.88663254e-01  2.21000000e+00  7.07556752e-01  2.21000000e+00  1.33282004e-01  2.21000000e+00  7.07822897e-06  2.21000000e+00  8.92968912e-05  2.21000000e+00  5.46186562e-07  2.21000000e+00  7.43293794e-01  2.21000000e+00  7.88463022e-01  2.21000000e+00  5.86770351e-02  2.21000000e+00  1.08534902e-06  2.21000000e+00  2.26767499e-05  2.21000000e+00  8.86246412e-08  2.21000000e+00  7.43293789e-01  2.21000000e+00  7.87529428e-01  2.21000000e+00  5.89287405e-02  2.21000000e+00  1.16344108e-06  2.21000000e+00  2.41597094e-05  2.21000000e+00  6.86387469e-08 
 2.21200000e+00  1.53107758e+00  2.21200000e+00  9.58255155e-01  2.21200000e+00  1.04761869e+00  2.21200000e+00  6.26635058e-02  2.21200000e+00  1.12595137e-06  2.21200000e+00  2.59626886e-05  2.21200000e+00  1.50449289e-07  2.21200000e+00  1.04625455e+00  2.21200000e+00  1.04948072e+00  2.21200000e+00  9.07442495e-02  2.21200000e+00  5.95246046e-06  2.21200000e+00  1.06604386e-04  2.21200000e+00  1.19484157e-06  2.21200000e+00  7.88663254e-01  2.21200000e+00  7.07556364e-01  2.21200000e+00  1.33282263e-01  2.21200000e+00  7.07840773e-06  2.21200000e+00  8.92984922e-05  2.21200000e+00  5.46156297e-07  2.21200000e+00  7.45047775e-01  2.21200000e+00  7.88461430e-01  2.21200000e+00  5.91529424e-02  2.21200000e+00  1.12595343e-06  2.21200000e+00  2.34463518e-05  2.21200000e+00  9.16104811e-08  2.21200000e+00  7.45047770e-01  2.21200000e+00  7.87531327e-01  2.21200000e+00  5.94089827e-02  2.21200000e+00  1.20637514e-06  2.21200000e+00  2.49663350e-05  2.21200000e+00  7.09322942e-08 
 2.21400000e+00  1.53321834e+00  2.21400000e+00  9.59918004e-01  2.21400000e+00  1.04769398e+00  2.21400000e+00  6.29604272e-02  2.21400000e+00  1.16758122e-06  2.21400000e+00  2.68141969e-05  2.21400000e+00  1.55461887e-07  2.21400000e+00  1.04591741e+00  2.21400000e+00  1.04954913e+00  2.21400000e+00  9.05538041e-02  2.21400000e+00  5.91101475e-06  2.21400000e+00  1.06019599e-04  2.21400000e+00  1.17885655e-06  2.21400000e+00  7.88663254e-01  2.21400000e+00  7.07555965e-01  2.21400000e+00  1.33282530e-01  2.21400000e+00  7.07859186e-06  2.21400000e+00  8.93001411e-05  2.21400000e+00  5.46125143e-07  2.21400000e+00  7.46787425e-01  2.21400000e+00  7.88459850e-01  2.21400000e+00  5.96348284e-02  2.21400000e+00  1.16758329e-06  2.21400000e+00  2.42310077e-05  2.21400000e+00  9.46571294e-08  2.21400000e+00  7.46787420e-01  2.21400000e+00  7.87533273e-01  2.21400000e+00  5.98951471e-02  2.21400000e+00  1.25036513e-06  2.21400000e+00  2.57881787e-05  2.21400000e+00  7.32716837e-08 
 2.21600000e+00  1.53541110e+00  2.21600000e+00  9.61570861e-01  2.21600000e+00  1.04777138e+00  2.21600000e+00  6.32624501e-02  2.21600000e+00  1.21023695e-06  2.21600000e+00  2.76819133e-05  2.21600000e+00  1.60568552e-07  2.21600000e+00  1.04557027e+00  2.21600000e+00  1.04961958e+00  2.21600000e+00  9.03582677e-02  2.21600000e+00  5.86854861e-06  2.21600000e+00  1.05418802e-04  2.21600000e+00  1.16283366e-06  2.21600000e+00  7.88663254e-01  2.21600000e+00  7.07555554e-01  2.21600000e+00  1.33282805e-01  2.21600000e+00  7.07878143e-06  2.21600000e+00  8.93018388e-05  2.21600000e+00  5.46093088e-07  2.21600000e+00  7.48512621e-01  2.21600000e+00  7.88458284e-01  2.21600000e+00  6.01224804e-02  2.21600000e+00  1.21023901e-06  2.21600000e+00  2.50304722e-05  2.21600000e+00  9.77640137e-08  2.21600000e+00  7.48512616e-01  2.21600000e+00  7.87535266e-01  2.21600000e+00  6.03870175e-02  2.21600000e+00  1.29541013e-06  2.21600000e+00  2.66249649e-05  2.21600000e+00  7.56564971e-08 
 2.21800000e+00  1.53765579e+00  2.21800000e+00  9.63213580e-01  2.21800000e+00  1.04785092e+00  2.21800000e+00  6.35694577e-02  2.21800000e+00  1.25391770e-06  2.21800000e+00  2.85656121e-05  2.21800000e+00  1.65767772e-07  2.21800000e+00  1.04521300e+00  2.21800000e+00  1.04969210e+00  2.21800000e+00  9.01576070e-02  2.21800000e+00  5.82506297e-06  2.21800000e+00  1.04801894e-04  2.21800000e+00  1.14678405e-06  2.21800000e+00  7.88663254e-01  2.21800000e+00  7.07555130e-01  2.21800000e+00  1.33283088e-01  2.21800000e+00  7.07897654e-06  2.21800000e+00  8.93035859e-05  2.21800000e+00  5.46060120e-07  2.21800000e+00  7.50223242e-01  2.21800000e+00  7.88456732e-01  2.21800000e+00  6.06156792e-02  2.21800000e+00  1.25391975e-06  2.21800000e+00  2.58444765e-05  2.21800000e+00  1.00930482e-07  2.21800000e+00  7.50223237e-01  2.21800000e+00  7.87537306e-01  2.21800000e+00  6.08843710e-02  2.21800000e+00  1.34150789e-06  2.21800000e+00  2.74763941e-05  2.21800000e+00  7.80862628e-08 
 2.22000000e+00  1.53995225e+00  2.22000000e+00  9.64846014e-01  2.22000000e+00  1.04793262e+00  2.22000000e+00  6.38813253e-02  2.22000000e+00  1.29862131e-06  2.22000000e+00  2.94650436e-05  2.22000000e+00  1.71057900e-07  2.22000000e+00  1.04484545e+00  2.22000000e+00  1.04976673e+00  2.22000000e+00  8.99517932e-02  2.22000000e+00  5.78056007e-06  2.22000000e+00  1.04168790e-04  2.22000000e+00  1.13071855e-06  2.22000000e+00  7.88663254e-01  2.22000000e+00  7.07554695e-01  2.22000000e+00  1.33283379e-01  2.22000000e+00  7.07917724e-06  2.22000000e+00  8.93053830e-05  2.22000000e+00  5.46026227e-07  2.22000000e+00  7.51919172e-01  2.22000000e+00  7.88455192e-01  2.22000000e+00  6.11141994e-02  2.22000000e+00  1.29862334e-06  2.22000000e+00  2.66727279e-05  2.22000000e+00  1.04155803e-07  2.22000000e+00  7.51919166e-01  2.22000000e+00  7.87539394e-01  2.22000000e+00  6.13869789e-02  2.22000000e+00  1.38865476e-06  2.22000000e+00  2.83421428e-05  2.22000000e+00  8.05604550e-08 
 2.22200000e+00  1.54230027e+00  2.22200000e+00  9.66468025e-01  2.22200000e+00  1.04801652e+00  2.22200000e+00  6.41979215e-02  2.22200000e+00  1.34434426e-06  2.22200000e+00  3.03799346e-05  2.22200000e+00  1.76437161e-07  2.22200000e+00  1.04446747e+00  2.22200000e+00  1.04984348e+00  2.22200000e+00  8.97408020e-02  2.22200000e+00  5.73504351e-06  2.22200000e+00  1.03519420e-04  2.22200000e+00  1.11464768e-06  2.22200000e+00  7.88663254e-01  2.22200000e+00  7.07554247e-01  2.22200000e+00  1.33283679e-01  2.22200000e+00  7.07938362e-06  2.22200000e+00  8.93072309e-05  2.22200000e+00  5.45991399e-07  2.22200000e+00  7.53600297e-01  2.22200000e+00  7.88453667e-01  2.22200000e+00  6.16178100e-02  2.22200000e+00  1.34434630e-06  2.22200000e+00  2.75149113e-05  2.22200000e+00  1.07439165e-07  2.22200000e+00  7.53600292e-01  2.22200000e+00  7.87541528e-01  2.22200000e+00  6.18946069e-02  2.22200000e+00  1.43684573e-06  2.22200000e+00  2.92218649e-05  2.22200000e+00  8.30784953e-08 
 2.22400000e+00  1.54469957e+00  2.22400000e+00  9.68079473e-01  2.22400000e+00  1.04810264e+00  2.22400000e+00  6.45191077e-02  2.22400000e+00  1.39108168e-06  2.22400000e+00  3.13099885e-05  2.22400000e+00  1.81903651e-07  2.22400000e+00  1.04407893e+00  2.22400000e+00  1.04992240e+00  2.22400000e+00  8.95246134e-02  2.22400000e+00  5.68851823e-06  2.22400000e+00  1.02853732e-04  2.22400000e+00  1.09858159e-06  2.22400000e+00  7.88663254e-01  2.22400000e+00  7.07553787e-01  2.22400000e+00  1.33283987e-01  2.22400000e+00  7.07959576e-06  2.22400000e+00  8.93091303e-05  2.22400000e+00  5.45955626e-07  2.22400000e+00  7.55266508e-01  2.22400000e+00  7.88452154e-01  2.22400000e+00  6.21262744e-02  2.22400000e+00  1.39108372e-06  2.22400000e+00  2.83706884e-05  2.22400000e+00  1.10779677e-07  2.22400000e+00  7.55266502e-01  2.22400000e+00  7.87543709e-01  2.22400000e+00  6.24070153e-02  2.22400000e+00  1.48607431e-06  2.22400000e+00  3.01151909e-05  2.22400000e+00  8.56397504e-08 
 2.22600000e+00  1.54714979e+00  2.22600000e+00  9.69680225e-01  2.22600000e+00  1.04819101e+00  2.22600000e+00  6.48447389e-02  2.22600000e+00  1.43882733e-06  2.22600000e+00  3.22548859e-05  2.22600000e+00  1.87455344e-07  2.22600000e+00  1.04367970e+00  2.22600000e+00  1.05000351e+00  2.22600000e+00  8.93032122e-02  2.22600000e+00  5.64099056e-06  2.22600000e+00  1.02171690e-04  2.22600000e+00  1.08253008e-06  2.22600000e+00  7.88663254e-01  2.22600000e+00  7.07553314e-01  2.22600000e+00  1.33284303e-01  2.22600000e+00  7.07981372e-06  2.22600000e+00  8.93110817e-05  2.22600000e+00  5.45918896e-07  2.22600000e+00  7.56917698e-01  2.22600000e+00  7.88450656e-01  2.22600000e+00  6.26393512e-02  2.22600000e+00  1.43882936e-06  2.22600000e+00  2.92396996e-05  2.22600000e+00  1.14176368e-07  2.22600000e+00  7.56917692e-01  2.22600000e+00  7.87545936e-01  2.22600000e+00  6.29239599e-02  2.22600000e+00  1.53633263e-06  2.22600000e+00  3.10217301e-05  2.22600000e+00  8.82435359e-08 
 2.22800000e+00  1.54965050e+00  2.22800000e+00  9.71270150e-01  2.22800000e+00  1.04828166e+00  2.22800000e+00  6.51746637e-02  2.22800000e+00  1.48757355e-06  2.22800000e+00  3.32142845e-05  2.22800000e+00  1.93090092e-07  2.22800000e+00  1.04326963e+00  2.22800000e+00  1.05008684e+00  2.22800000e+00  8.90765882e-02  2.22800000e+00  5.59246819e-06  2.22800000e+00  1.01473279e-04  2.22800000e+00  1.06650252e-06  2.22800000e+00  7.88663253e-01  2.22800000e+00  7.07552828e-01  2.22800000e+00  1.33284628e-01  2.22800000e+00  7.08003758e-06  2.22800000e+00  8.93130858e-05  2.22800000e+00  5.45881201e-07  2.22800000e+00  7.58553765e-01  2.22800000e+00  7.88449171e-01  2.22800000e+00  6.31567943e-02  2.22800000e+00  1.48757559e-06  2.22800000e+00  3.01215645e-05  2.22800000e+00  1.17628192e-07  2.22800000e+00  7.58553759e-01  2.22800000e+00  7.87548210e-01  2.22800000e+00  6.34451919e-02  2.22800000e+00  1.58761138e-06  2.22800000e+00  3.19410708e-05  2.22800000e+00  9.08891159e-08 
 2.23000000e+00  1.55220121e+00  2.23000000e+00  9.72849120e-01  2.23000000e+00  1.04837462e+00  2.23000000e+00  6.55087250e-02  2.23000000e+00  1.53731131e-06  2.23000000e+00  3.41878205e-05  2.23000000e+00  1.98805631e-07  2.23000000e+00  1.04284862e+00  2.23000000e+00  1.05017241e+00  2.23000000e+00  8.88447356e-02  2.23000000e+00  5.54296027e-06  2.23000000e+00  1.00758497e-04  2.23000000e+00  1.05050787e-06  2.23000000e+00  7.88663253e-01  2.23000000e+00  7.07552329e-01  2.23000000e+00  1.33284961e-01  2.23000000e+00  7.08026740e-06  2.23000000e+00  8.93151432e-05  2.23000000e+00  5.45842531e-07  2.23000000e+00  7.60174608e-01  2.23000000e+00  7.88447700e-01  2.23000000e+00  6.36783537e-02  2.23000000e+00  1.53731334e-06  2.23000000e+00  3.10158818e-05  2.23000000e+00  1.21134025e-07  2.23000000e+00  7.60174601e-01  2.23000000e+00  7.87550528e-01  2.23000000e+00  6.39704586e-02  2.23000000e+00  1.63989976e-06  2.23000000e+00  3.28727811e-05  2.23000000e+00  9.35757024e-08 
 2.23200000e+00  1.55480134e+00  2.23200000e+00  9.74417013e-01  2.23200000e+00  1.04846990e+00  2.23200000e+00  6.58467597e-02  2.23200000e+00  1.58803014e-06  2.23200000e+00  3.51751080e-05  2.23200000e+00  2.04599583e-07  2.23200000e+00  1.04241652e+00  2.23200000e+00  1.05026025e+00  2.23200000e+00  8.86076540e-02  2.23200000e+00  5.49247729e-06  2.23200000e+00  1.00027364e-04  2.23200000e+00  1.03455467e-06  2.23200000e+00  7.88663253e-01  2.23200000e+00  7.07551817e-01  2.23200000e+00  1.33285304e-01  2.23200000e+00  7.08050325e-06  2.23200000e+00  8.93172544e-05  2.23200000e+00  5.45802878e-07  2.23200000e+00  7.61780130e-01  2.23200000e+00  7.88446243e-01  2.23200000e+00  6.42037757e-02  2.23200000e+00  1.58803217e-06  2.23200000e+00  3.19222315e-05  2.23200000e+00  1.24692668e-07  2.23200000e+00  7.61780124e-01  2.23200000e+00  7.87552892e-01  2.23200000e+00  6.44995040e-02  2.23200000e+00  1.69318557e-06  2.23200000e+00  3.38164101e-05  2.23200000e+00  9.63024588e-08 
 2.23400000e+00  1.55745025e+00  2.23400000e+00  9.75973709e-01  2.23400000e+00  1.04856754e+00  2.23400000e+00  6.61885998e-02  2.23400000e+00  1.63971819e-06  2.23400000e+00  3.61757407e-05  2.23400000e+00  2.10469466e-07  2.23400000e+00  1.04197323e+00  2.23400000e+00  1.05035039e+00  2.23400000e+00  8.83653476e-02  2.23400000e+00  5.44103119e-06  2.23400000e+00  9.92799184e-05  2.23400000e+00  1.01865102e-06  2.23400000e+00  7.88663253e-01  2.23400000e+00  7.07551292e-01  2.23400000e+00  1.33285655e-01  2.23400000e+00  7.08074519e-06  2.23400000e+00  8.93194201e-05  2.23400000e+00  5.45762232e-07  2.23400000e+00  7.63370239e-01  2.23400000e+00  7.88444800e-01  2.23400000e+00  6.47328031e-02  2.23400000e+00  1.63972021e-06  2.23400000e+00  3.28401742e-05  2.23400000e+00  1.28302846e-07  2.23400000e+00  7.63370232e-01  2.23400000e+00  7.87555300e-01  2.23400000e+00  6.50320687e-02  2.23400000e+00  1.74745513e-06  2.23400000e+00  3.47714881e-05  2.23400000e+00  9.90684980e-08 
 2.23600000e+00  1.56014723e+00  2.23600000e+00  9.77519091e-01  2.23600000e+00  1.04866756e+00  2.23600000e+00  6.65340723e-02  2.23600000e+00  1.69236217e-06  2.23600000e+00  3.71892918e-05  2.23600000e+00  2.16412691e-07  2.23600000e+00  1.04151863e+00  2.23600000e+00  1.05044285e+00  2.23600000e+00  8.81178260e-02  2.23600000e+00  5.38863532e-06  2.23600000e+00  9.85162162e-05  2.23600000e+00  1.00280455e-06  2.23600000e+00  7.88663253e-01  2.23600000e+00  7.07550753e-01  2.23600000e+00  1.33286015e-01  2.23600000e+00  7.08099329e-06  2.23600000e+00  8.93216408e-05  2.23600000e+00  5.45720586e-07  2.23600000e+00  7.64944844e-01  2.23600000e+00  7.88443371e-01  2.23600000e+00  6.52651762e-02  2.23600000e+00  1.69236419e-06  2.23600000e+00  3.37692541e-05  2.23600000e+00  1.31963218e-07  2.23600000e+00  7.64944837e-01  2.23600000e+00  7.87557751e-01  2.23600000e+00  6.55678910e-02  2.23600000e+00  1.80269335e-06  2.23600000e+00  3.57375293e-05  2.23600000e+00  1.01872887e-07 
 2.23800000e+00  1.56289150e+00  2.23800000e+00  9.79053048e-01  2.23800000e+00  1.04876998e+00  2.23800000e+00  6.68829996e-02  2.23800000e+00  1.74594740e-06  2.23800000e+00  3.82153151e-05  2.23800000e+00  2.22426570e-07  2.23800000e+00  1.04105260e+00  2.23800000e+00  1.05053766e+00  2.23800000e+00  8.78651038e-02  2.23800000e+00  5.33530442e-06  2.23800000e+00  9.77363336e-05  2.23800000e+00  9.87022476e-07  2.23800000e+00  7.88663253e-01  2.23800000e+00  7.07550201e-01  2.23800000e+00  1.33286384e-01  2.23800000e+00  7.08124761e-06  2.23800000e+00  8.93239169e-05  2.23800000e+00  5.45677933e-07  2.23800000e+00  7.66503856e-01  2.23800000e+00  7.88441956e-01  2.23800000e+00  6.58006323e-02  2.23800000e+00  1.74594941e-06  2.23800000e+00  3.47089975e-05  2.23800000e+00  1.35672364e-07  2.23800000e+00  7.66503849e-01  2.23800000e+00  7.87560246e-01  2.23800000e+00  6.61067065e-02  2.23800000e+00  1.85888365e-06  2.23800000e+00  3.67140303e-05  2.23800000e+00  1.04714644e-07 
 2.24000000e+00  1.56568220e+00  2.24000000e+00  9.80575472e-01  2.24000000e+00  1.04887483e+00  2.24000000e+00  6.72352001e-02  2.24000000e+00  1.80045778e-06  2.24000000e+00  3.92533457e-05  2.24000000e+00  2.28508324e-07  2.24000000e+00  1.04057503e+00  2.24000000e+00  1.05063484e+00  2.24000000e+00  8.76072008e-02  2.24000000e+00  5.28105464e-06  2.24000000e+00  9.69403657e-05  2.24000000e+00  9.71311548e-07  2.24000000e+00  7.88663253e-01  2.24000000e+00  7.07549635e-01  2.24000000e+00  1.33286763e-01  2.24000000e+00  7.08150820e-06  2.24000000e+00  8.93262491e-05  2.24000000e+00  5.45634266e-07  2.24000000e+00  7.68047193e-01  2.24000000e+00  7.88440556e-01  2.24000000e+00  6.63389071e-02  2.24000000e+00  1.80045979e-06  2.24000000e+00  3.56589157e-05  2.24000000e+00  1.39428801e-07  2.24000000e+00  7.68047185e-01  2.24000000e+00  7.87562782e-01  2.24000000e+00  6.66482490e-02  2.24000000e+00  1.91600809e-06  2.24000000e+00  3.77004736e-05  2.24000000e+00  1.07592741e-07 
 2.24200000e+00  1.56851840e+00  2.24200000e+00  9.82086257e-01  2.24200000e+00  1.04898211e+00  2.24200000e+00  6.75904883e-02  2.24200000e+00  1.85587585e-06  2.24200000e+00  4.03029008e-05  2.24200000e+00  2.34655082e-07  2.24200000e+00  1.04008583e+00  2.24200000e+00  1.05073442e+00  2.24200000e+00  8.73441423e-02  2.24200000e+00  5.22590349e-06  2.24200000e+00  9.61284276e-05  2.24200000e+00  9.55678072e-07  2.24200000e+00  7.88663253e-01  2.24200000e+00  7.07549055e-01  2.24200000e+00  1.33287150e-01  2.24200000e+00  7.08177511e-06  2.24200000e+00  8.93286378e-05  2.24200000e+00  5.45589577e-07  2.24200000e+00  7.69574771e-01  2.24200000e+00  7.88439170e-01  2.24200000e+00  6.68797344e-02  2.24200000e+00  1.85587785e-06  2.24200000e+00  3.66185053e-05  2.24200000e+00  1.43230977e-07  2.24200000e+00  7.69574763e-01  2.24200000e+00  7.87565360e-01  2.24200000e+00  6.71922510e-02  2.24200000e+00  1.97404727e-06  2.24200000e+00  3.86963273e-05  2.24200000e+00  1.10506109e-07 
 2.24400000e+00  1.57139912e+00  2.24400000e+00  9.83585304e-01  2.24400000e+00  1.04909187e+00  2.24400000e+00  6.79486753e-02  2.24400000e+00  1.91218275e-06  2.24400000e+00  4.13634804e-05  2.24400000e+00  2.40863892e-07  2.24400000e+00  1.03958489e+00  2.24400000e+00  1.05083641e+00  2.24400000e+00  8.70759585e-02  2.24400000e+00  5.16986991e-06  2.24400000e+00  9.53006539e-05  2.24400000e+00  9.40127925e-07  2.24400000e+00  7.88663253e-01  2.24400000e+00  7.07548462e-01  2.24400000e+00  1.33287547e-01  2.24400000e+00  7.08204841e-06  2.24400000e+00  8.93310834e-05  2.24400000e+00  5.45543861e-07  2.24400000e+00  7.71086511e-01  2.24400000e+00  7.88437798e-01  2.24400000e+00  6.74228466e-02  2.24400000e+00  1.91218474e-06  2.24400000e+00  3.75872491e-05  2.24400000e+00  1.47077277e-07  2.24400000e+00  7.71086503e-01  2.24400000e+00  7.87567979e-01  2.24400000e+00  6.77384436e-02  2.24400000e+00  2.03298042e-06  2.24400000e+00  3.97010464e-05  2.24400000e+00  1.13453632e-07 
 2.24600000e+00  1.57432328e+00  2.24600000e+00  9.85072516e-01  2.24600000e+00  1.04920411e+00  2.24600000e+00  6.83095690e-02  2.24600000e+00  1.96935827e-06  2.24600000e+00  4.24345686e-05  2.24600000e+00  2.47131723e-07  2.24600000e+00  1.03907212e+00  2.24600000e+00  1.05094084e+00  2.24600000e+00  8.68026853e-02  2.24600000e+00  5.11297412e-06  2.24600000e+00  9.44571990e-05  2.24600000e+00  9.24666544e-07  2.24600000e+00  7.88663252e-01  2.24600000e+00  7.07547854e-01  2.24600000e+00  1.33287953e-01  2.24600000e+00  7.08232815e-06  2.24600000e+00  8.93335864e-05  2.24600000e+00  5.45497113e-07  2.24600000e+00  7.72582338e-01  2.24600000e+00  7.88436441e-01  2.24600000e+00  6.79679755e-02  2.24600000e+00  1.96936026e-06  2.24600000e+00  3.85646180e-05  2.24600000e+00  1.50966023e-07  2.24600000e+00  7.72582330e-01  2.24600000e+00  7.87570637e-01  2.24600000e+00  6.82865574e-02  2.24600000e+00  2.09278543e-06  2.24600000e+00  4.07140748e-05  2.24600000e+00  1.16434155e-07 
 2.24800000e+00  1.57728977e+00  2.24800000e+00  9.86547800e-01  2.24800000e+00  1.04931885e+00  2.24800000e+00  6.86729748e-02  2.24800000e+00  2.02738087e-06  2.24800000e+00  4.35156340e-05  2.24800000e+00  2.53455470e-07  2.24800000e+00  1.03854742e+00  2.24800000e+00  1.05104773e+00  2.24800000e+00  8.65243636e-02  2.24800000e+00  5.05523775e-06  2.24800000e+00  9.35982371e-05  2.24800000e+00  9.09298957e-07  2.24800000e+00  7.88663252e-01  2.24800000e+00  7.07547232e-01  2.24800000e+00  1.33288369e-01  2.24800000e+00  7.08261436e-06  2.24800000e+00  8.93361473e-05  2.24800000e+00  5.45449326e-07  2.24800000e+00  7.74062178e-01  2.24800000e+00  7.88435098e-01  2.24800000e+00  6.85148519e-02  2.24800000e+00  2.02738286e-06  2.24800000e+00  3.95500706e-05  2.24800000e+00  1.54895477e-07  2.24800000e+00  7.74062170e-01  2.24800000e+00  7.87573334e-01  2.24800000e+00  6.88363224e-02  2.24800000e+00  2.15343880e-06  2.24800000e+00  4.17348449e-05  2.24800000e+00  1.19446480e-07 
 2.25000000e+00  1.58029738e+00  2.25000000e+00  9.88011068e-01  2.25000000e+00  1.04943611e+00  2.25000000e+00  6.90386957e-02  2.25000000e+00  2.08622769e-06  2.25000000e+00  4.46061312e-05  2.25000000e+00  2.59831963e-07  2.25000000e+00  1.03801070e+00  2.25000000e+00  1.05115709e+00  2.25000000e+00  8.62410402e-02  2.25000000e+00  4.99668368e-06  2.25000000e+00  9.27239625e-05  2.25000000e+00  8.94029784e-07  2.25000000e+00  7.88663252e-01  2.25000000e+00  7.07546597e-01  2.25000000e+00  1.33288794e-01  2.25000000e+00  7.08290711e-06  2.25000000e+00  8.93387664e-05  2.25000000e+00  5.45400497e-07  2.25000000e+00  7.75525961e-01  2.25000000e+00  7.88433770e-01  2.25000000e+00  6.90632065e-02  2.25000000e+00  2.08622967e-06  2.25000000e+00  4.05430555e-05  2.25000000e+00  1.58863842e-07  2.25000000e+00  7.75525953e-01  2.25000000e+00  7.87576067e-01  2.25000000e+00  6.93874685e-02  2.25000000e+00  2.21491573e-06  2.25000000e+00  4.27627798e-05  2.25000000e+00  1.22489372e-07 
 2.25200000e+00  1.58334486e+00  2.25200000e+00  9.89462234e-01  2.25200000e+00  1.04955591e+00  2.25200000e+00  6.94065328e-02  2.25200000e+00  2.14587458e-06  2.25200000e+00  4.57055012e-05  2.25200000e+00  2.66257967e-07  2.25200000e+00  1.03746188e+00  2.25200000e+00  1.05126896e+00  2.25200000e+00  8.59527667e-02  2.25200000e+00  4.93733611e-06  2.25200000e+00  9.18345891e-05  2.25200000e+00  8.78863251e-07  2.25200000e+00  7.88663252e-01  2.25200000e+00  7.07545946e-01  2.25200000e+00  1.33289229e-01  2.25200000e+00  7.08320642e-06  2.25200000e+00  8.93414442e-05  2.25200000e+00  5.45350620e-07  2.25200000e+00  7.76973618e-01  2.25200000e+00  7.88432456e-01  2.25200000e+00  6.96127703e-02  2.25200000e+00  2.14587657e-06  2.25200000e+00  4.15430127e-05  2.25200000e+00  1.62869271e-07  2.25200000e+00  7.76973610e-01  2.25200000e+00  7.87578838e-01  2.25200000e+00  6.99397261e-02  2.25200000e+00  2.27719017e-06  2.25200000e+00  4.37972949e-05  2.25200000e+00  1.25561559e-07 
 2.25400000e+00  1.58643088e+00  2.25400000e+00  9.90901218e-01  2.25400000e+00  1.04967826e+00  2.25400000e+00  6.97762855e-02  2.25400000e+00  2.20629616e-06  2.25400000e+00  4.68131729e-05  2.25400000e+00  2.72730194e-07  2.25400000e+00  1.03690088e+00  2.25400000e+00  1.05138334e+00  2.25400000e+00  8.56596004e-02  2.25400000e+00  4.87722048e-06  2.25400000e+00  9.09303507e-05  2.25400000e+00  8.63803216e-07  2.25400000e+00  7.88663252e-01  2.25400000e+00  7.07545282e-01  2.25400000e+00  1.33289673e-01  2.25400000e+00  7.08351236e-06  2.25400000e+00  8.93441809e-05  2.25400000e+00  5.45299693e-07  2.25400000e+00  7.78405084e-01  2.25400000e+00  7.88431158e-01  2.25400000e+00  7.01632744e-02  2.25400000e+00  2.20629813e-06  2.25400000e+00  4.25493728e-05  2.25400000e+00  1.66909860e-07  2.25400000e+00  7.78405076e-01  2.25400000e+00  7.87581643e-01  2.25400000e+00  7.04928260e-02  2.25400000e+00  2.34023476e-06  2.25400000e+00  4.48377974e-05  2.25400000e+00  1.28661730e-07 
 2.25600000e+00  1.58955406e+00  2.25600000e+00  9.92327943e-01  2.25600000e+00  1.04980318e+00  2.25600000e+00  7.01477519e-02  2.25600000e+00  2.26746579e-06  2.25600000e+00  4.79285637e-05  2.25600000e+00  2.79245301e-07  2.25600000e+00  1.03632762e+00  2.25600000e+00  1.05150025e+00  2.25600000e+00  8.53616042e-02  2.25600000e+00  4.81636344e-06  2.25600000e+00  9.00115009e-05  2.25600000e+00  8.48853175e-07  2.25600000e+00  7.88663252e-01  2.25600000e+00  7.07544602e-01  2.25600000e+00  1.33290127e-01  2.25600000e+00  7.08382494e-06  2.25600000e+00  8.93469770e-05  2.25600000e+00  5.45247712e-07  2.25600000e+00  7.79820296e-01  2.25600000e+00  7.88429874e-01  2.25600000e+00  7.07144512e-02  2.25600000e+00  2.26746776e-06  2.25600000e+00  4.35615606e-05  2.25600000e+00  1.70983660e-07  2.25600000e+00  7.79820288e-01  2.25600000e+00  7.87584482e-01  2.25600000e+00  7.10465002e-02  2.25600000e+00  2.40402100e-06  2.25600000e+00  4.58836894e-05  2.25600000e+00  1.31788544e-07 
 2.25800000e+00  1.59271296e+00  2.25800000e+00  9.93742336e-01  2.25800000e+00  1.04993069e+00  2.25800000e+00  7.05207292e-02  2.25800000e+00  2.32935567e-06  2.25800000e+00  4.90510811e-05  2.25800000e+00  2.85799904e-07  2.25800000e+00  1.03574203e+00  2.25800000e+00  1.05161971e+00  2.25800000e+00  8.50588461e-02  2.25800000e+00  4.75479285e-06  2.25800000e+00  8.90783128e-05  2.25800000e+00  8.34016287e-07  2.25800000e+00  7.88663252e-01  2.25800000e+00  7.07543908e-01  2.25800000e+00  1.33290591e-01  2.25800000e+00  7.08414422e-06  2.25800000e+00  8.93498328e-05  2.25800000e+00  5.45194673e-07  2.25800000e+00  7.81219195e-01  2.25800000e+00  7.88428605e-01  2.25800000e+00  7.12660338e-02  2.25800000e+00  2.32935764e-06  2.25800000e+00  4.45789945e-05  2.25800000e+00  1.75088673e-07  2.25800000e+00  7.81219187e-01  2.25800000e+00  7.87587353e-01  2.25800000e+00  7.16004818e-02  2.25800000e+00  2.46851919e-06  2.25800000e+00  4.69343674e-05  2.25800000e+00  1.34940623e-07 
 2.26000000e+00  1.59590608e+00  2.26000000e+00  9.95144327e-01  2.26000000e+00  1.05006079e+00  2.26000000e+00  7.08950141e-02  2.26000000e+00  2.39193686e-06  2.26000000e+00  5.01801230e-05  2.26000000e+00  2.92390575e-07  2.26000000e+00  1.03514404e+00  2.26000000e+00  1.05174175e+00  2.26000000e+00  8.47513995e-02  2.26000000e+00  4.69253768e-06  2.26000000e+00  8.81310790e-05  2.26000000e+00  8.19295390e-07  2.26000000e+00  7.88663252e-01  2.26000000e+00  7.07543200e-01  2.26000000e+00  1.33291065e-01  2.26000000e+00  7.08447024e-06  2.26000000e+00  8.93527486e-05  2.26000000e+00  5.45140575e-07  2.26000000e+00  7.82601723e-01  2.26000000e+00  7.88427351e-01  2.26000000e+00  7.18177567e-02  2.26000000e+00  2.39193883e-06  2.26000000e+00  4.56010879e-05  2.26000000e+00  1.79222859e-07  2.26000000e+00  7.82601714e-01  2.26000000e+00  7.87590256e-01  2.26000000e+00  7.21545055e-02  2.26000000e+00  2.53369849e-06  2.26000000e+00  4.79892245e-05  2.26000000e+00  1.38116562e-07 
 2.26200000e+00  1.59913186e+00  2.26200000e+00  9.96533850e-01  2.26200000e+00  1.05019350e+00  2.26200000e+00  7.12704028e-02  2.26200000e+00  2.45517929e-06  2.26200000e+00  5.13150793e-05  2.26200000e+00  2.99013855e-07  2.26200000e+00  1.03453358e+00  2.26200000e+00  1.05186636e+00  2.26200000e+00  8.44393434e-02  2.26200000e+00  4.62962804e-06  2.26200000e+00  8.71701113e-05  2.26200000e+00  8.04693023e-07  2.26200000e+00  7.88663251e-01  2.26200000e+00  7.07542477e-01  2.26200000e+00  1.33291549e-01  2.26200000e+00  7.08480301e-06  2.26200000e+00  8.93557246e-05  2.26200000e+00  5.45085415e-07  2.26200000e+00  7.83967825e-01  2.26200000e+00  7.88426112e-01  2.26200000e+00  7.23693560e-02  2.26200000e+00  2.45518125e-06  2.26200000e+00  4.66272503e-05  2.26200000e+00  1.83384136e-07  2.26200000e+00  7.83967816e-01  2.26200000e+00  7.87593188e-01  2.26200000e+00  7.27083075e-02  2.26200000e+00  2.59952698e-06  2.26200000e+00  4.90476507e-05  2.26200000e+00  1.41314922e-07 
 2.26400000e+00  1.60238871e+00  2.26400000e+00  9.97910845e-01  2.26400000e+00  1.05032883e+00  2.26400000e+00  7.16466919e-02  2.26400000e+00  2.51905185e-06  2.26400000e+00  5.24553326e-05  2.26400000e+00  3.05666253e-07  2.26400000e+00  1.03391059e+00  2.26400000e+00  1.05199357e+00  2.26400000e+00  8.41227620e-02  2.26400000e+00  4.56609506e-06  2.26400000e+00  8.61957408e-05  2.26400000e+00  7.90211444e-07  2.26400000e+00  7.88663251e-01  2.26400000e+00  7.07541738e-01  2.26400000e+00  1.33292042e-01  2.26400000e+00  7.08514258e-06  2.26400000e+00  8.93587611e-05  2.26400000e+00  5.45029192e-07  2.26400000e+00  7.85317450e-01  2.26400000e+00  7.88424887e-01  2.26400000e+00  7.29205703e-02  2.26400000e+00  2.51905380e-06  2.26400000e+00  4.76568890e-05  2.26400000e+00  1.87570388e-07  2.26400000e+00  7.85317441e-01  2.26400000e+00  7.87596148e-01  2.26400000e+00  7.32616268e-02  2.26400000e+00  2.66597176e-06  2.26400000e+00  5.01090348e-05  2.26400000e+00  1.44534239e-07 
 2.26600000e+00  1.60567496e+00  2.26600000e+00  9.99275253e-01  2.26600000e+00  1.05046679e+00  2.26600000e+00  7.20236778e-02  2.26600000e+00  2.58352238e-06  2.26600000e+00  5.36002594e-05  2.26600000e+00  3.12344255e-07  2.26600000e+00  1.03327501e+00  2.26600000e+00  1.05212339e+00  2.26600000e+00  8.38017448e-02  2.26600000e+00  4.50197092e-06  2.26600000e+00  8.52083169e-05  2.26600000e+00  7.75852648e-07  2.26600000e+00  7.88663251e-01  2.26600000e+00  7.07540985e-01  2.26600000e+00  1.33292546e-01  2.26600000e+00  7.08548897e-06  2.26600000e+00  8.93618585e-05  2.26600000e+00  5.44971904e-07  2.26600000e+00  7.86650547e-01  2.26600000e+00  7.88423678e-01  2.26600000e+00  7.34711397e-02  2.26600000e+00  2.58352433e-06  2.26600000e+00  4.86894091e-05  2.26600000e+00  1.91779461e-07  2.26600000e+00  7.86650537e-01  2.26600000e+00  7.87599136e-01  2.26600000e+00  7.38142041e-02  2.26600000e+00  2.73299886e-06  2.26600000e+00  5.11727645e-05  2.26600000e+00  1.47773022e-07 
 2.26800000e+00  1.60898891e+00  2.26800000e+00  1.00062702e+00  2.26800000e+00  1.05060740e+00  2.26800000e+00  7.24011581e-02  2.26800000e+00  2.64855780e-06  2.26800000e+00  5.47492312e-05  2.26800000e+00  3.19044330e-07  2.26800000e+00  1.03262679e+00  2.26800000e+00  1.05225584e+00  2.26800000e+00  8.34763869e-02  2.26800000e+00  4.43728876e-06  2.26800000e+00  8.42082083e-05  2.26800000e+00  7.61618395e-07  2.26800000e+00  7.88663251e-01  2.26800000e+00  7.07540217e-01  2.26800000e+00  1.33293059e-01  2.26800000e+00  7.08584222e-06  2.26800000e+00  8.93650169e-05  2.26800000e+00  5.44913552e-07  2.26800000e+00  7.87967069e-01  2.26800000e+00  7.88422484e-01  2.26800000e+00  7.40208073e-02  2.26800000e+00  2.64855974e-06  2.26800000e+00  4.97242152e-05  2.26800000e+00  1.96009173e-07  2.26800000e+00  7.87967060e-01  2.26800000e+00  7.87602148e-01  2.26800000e+00  7.43657832e-02  2.26800000e+00  2.80057345e-06  2.26800000e+00  5.22382285e-05  2.26800000e+00  1.51029756e-07 
 2.27000000e+00  1.61232881e+00  2.27000000e+00  1.00196610e+00  2.27000000e+00  1.05075065e+00  2.27000000e+00  7.27789308e-02  2.27000000e+00  2.71412408e-06  2.27000000e+00  5.59016154e-05  2.27000000e+00  3.25762931e-07  2.27000000e+00  1.03196589e+00  2.27000000e+00  1.05239092e+00  2.27000000e+00  8.31467882e-02  2.27000000e+00  4.37208261e-06  2.27000000e+00  8.31958011e-05  2.27000000e+00  7.47510218e-07  2.27000000e+00  7.88663251e-01  2.27000000e+00  7.07539434e-01  2.27000000e+00  1.33293583e-01  2.27000000e+00  7.08620234e-06  2.27000000e+00  8.93682365e-05  2.27000000e+00  5.44854134e-07  2.27000000e+00  7.89266974e-01  2.27000000e+00  7.88421305e-01  2.27000000e+00  7.45693187e-02  2.27000000e+00  2.71412602e-06  2.27000000e+00  5.07607122e-05  2.27000000e+00  2.00257314e-07  2.27000000e+00  7.89266964e-01  2.27000000e+00  7.87605184e-01  2.27000000e+00  7.49161105e-02  2.27000000e+00  2.86865979e-06  2.27000000e+00  5.33048165e-05  2.27000000e+00  1.54302902e-07 
 2.27200000e+00  1.61569288e+00  2.27200000e+00  1.00329243e+00  2.27200000e+00  1.05089657e+00  2.27200000e+00  7.31567954e-02  2.27200000e+00  2.78018633e-06  2.27200000e+00  5.70567764e-05  2.27200000e+00  3.32496504e-07  2.27200000e+00  1.03129224e+00  2.27200000e+00  1.05252866e+00  2.27200000e+00  8.28130543e-02  2.27200000e+00  4.30638740e-06  2.27200000e+00  8.21714999e-05  2.27200000e+00  7.33529454e-07  2.27200000e+00  7.88663251e-01  2.27200000e+00  7.07538636e-01  2.27200000e+00  1.33294117e-01  2.27200000e+00  7.08656937e-06  2.27200000e+00  8.93715175e-05  2.27200000e+00  5.44793651e-07  2.27200000e+00  7.90550218e-01  2.27200000e+00  7.88420141e-01  2.27200000e+00  7.51164225e-02  2.27200000e+00  2.78018826e-06  2.27200000e+00  5.17983060e-05  2.27200000e+00  2.04521646e-07  2.27200000e+00  7.90550208e-01  2.27200000e+00  7.87608242e-01  2.27200000e+00  7.54649355e-02  2.27200000e+00  2.93722131e-06  2.27200000e+00  5.43719207e-05  2.27200000e+00  1.57590900e-07 
 2.27400000e+00  1.61907927e+00  2.27400000e+00  1.00460599e+00  2.27400000e+00  1.05104515e+00  2.27400000e+00  7.35345528e-02  2.27400000e+00  2.84670884e-06  2.27400000e+00  5.82140764e-05  2.27400000e+00  3.39241490e-07  2.27400000e+00  1.03060581e+00  2.27400000e+00  1.05266905e+00  2.27400000e+00  8.24752956e-02  2.27400000e+00  4.24023884e-06  2.27400000e+00  8.11357265e-05  2.27400000e+00  7.19677254e-07  2.27400000e+00  7.88663251e-01  2.27400000e+00  7.07537823e-01  2.27400000e+00  1.33294660e-01  2.27400000e+00  7.08694331e-06  2.27400000e+00  8.93748601e-05  2.27400000e+00  5.44732104e-07  2.27400000e+00  7.91816764e-01  2.27400000e+00  7.88418993e-01  2.27400000e+00  7.56618707e-02  2.27400000e+00  2.84671078e-06  2.27400000e+00  5.28364053e-05  2.27400000e+00  2.08799915e-07  2.27400000e+00  7.91816754e-01  2.27400000e+00  7.87611320e-01  2.27400000e+00  7.60120113e-02  2.27400000e+00  3.00622072e-06  2.27400000e+00  5.54389370e-05  2.27400000e+00  1.60892172e-07 
 2.27600000e+00  1.62248613e+00  2.27600000e+00  1.00590672e+00  2.27600000e+00  1.05119641e+00  2.27600000e+00  7.39120056e-02  2.27600000e+00  2.91365517e-06  2.27600000e+00  5.93728768e-05  2.27600000e+00  3.45994334e-07  2.27600000e+00  1.02990656e+00  2.27600000e+00  1.05281211e+00  2.27600000e+00  8.21336280e-02  2.27600000e+00  4.17367340e-06  2.27600000e+00  8.00889199e-05  2.27600000e+00  7.05954608e-07  2.27600000e+00  7.88663250e-01  2.27600000e+00  7.07536994e-01  2.27600000e+00  1.33295214e-01  2.27600000e+00  7.08732420e-06  2.27600000e+00  8.93782645e-05  2.27600000e+00  5.44669492e-07  2.27600000e+00  7.93066575e-01  2.27600000e+00  7.88417859e-01  2.27600000e+00  7.62054184e-02  2.27600000e+00  2.91365709e-06  2.27600000e+00  5.38744211e-05  2.27600000e+00  2.13089845e-07  2.27600000e+00  7.93066565e-01  2.27600000e+00  7.87614417e-01  2.27600000e+00  7.65570942e-02  2.27600000e+00  3.07561996e-06  2.27600000e+00  5.65052650e-05  2.27600000e+00  1.64205119e-07 
 2.27800000e+00  1.62591155e+00  2.27800000e+00  1.00719460e+00  2.27800000e+00  1.05135035e+00  2.27800000e+00  7.42889581e-02  2.27800000e+00  2.98098815e-06  2.27800000e+00  6.05325386e-05  2.27800000e+00  3.52751486e-07  2.27800000e+00  1.02919446e+00  2.27800000e+00  1.05295785e+00  2.27800000e+00  8.17881721e-02  2.27800000e+00  4.10672827e-06  2.27800000e+00  7.90315359e-05  2.27800000e+00  6.92362358e-07  2.27800000e+00  7.88663250e-01  2.27800000e+00  7.07536150e-01  2.27800000e+00  1.33295778e-01  2.27800000e+00  7.08771204e-06  2.27800000e+00  8.93817308e-05  2.27800000e+00  5.44605819e-07  2.27800000e+00  7.94299619e-01  2.27800000e+00  7.88416741e-01  2.27800000e+00  7.67468246e-02  2.27800000e+00  2.98099007e-06  2.27800000e+00  5.49117688e-05  2.27800000e+00  2.17389145e-07  2.27800000e+00  7.94299608e-01  2.27800000e+00  7.87617531e-01  2.27800000e+00  7.70999444e-02  2.27800000e+00  3.14538037e-06  2.27800000e+00  5.75703099e-05  2.27800000e+00  1.67528131e-07 
 2.28000000e+00  1.62935361e+00  2.28000000e+00  1.00846959e+00  2.28000000e+00  1.05150697e+00  2.28000000e+00  7.46652170e-02  2.28000000e+00  3.04866999e-06  2.28000000e+00  6.16924240e-05  2.28000000e+00  3.59509405e-07  2.28000000e+00  1.02846947e+00  2.28000000e+00  1.05310628e+00  2.28000000e+00  8.14390538e-02  2.28000000e+00  4.03944126e-06  2.28000000e+00  7.79640463e-05  2.28000000e+00  6.78901219e-07  2.28000000e+00  7.88663250e-01  2.28000000e+00  7.07535291e-01  2.28000000e+00  1.33296353e-01  2.28000000e+00  7.08810686e-06  2.28000000e+00  8.93852591e-05  2.28000000e+00  5.44541085e-07  2.28000000e+00  7.95515863e-01  2.28000000e+00  7.88415638e-01  2.28000000e+00  7.72858519e-02  2.28000000e+00  3.04867190e-06  2.28000000e+00  5.59478685e-05  2.28000000e+00  2.21695515e-07  2.28000000e+00  7.95515853e-01  2.28000000e+00  7.87620659e-01  2.28000000e+00  7.76403261e-02  2.28000000e+00  3.21546268e-06  2.28000000e+00  5.86334826e-05  2.28000000e+00  1.70859579e-07 
 2.28200000e+00  1.63281034e+00  2.28200000e+00  1.00973166e+00  2.28200000e+00  1.05166629e+00  2.28200000e+00  7.50405914e-02  2.28200000e+00  3.11666232e-06  2.28200000e+00  6.28518970e-05  2.28200000e+00  3.66264569e-07  2.28200000e+00  1.02773155e+00  2.28200000e+00  1.05325740e+00  2.28200000e+00  8.10864039e-02  2.28200000e+00  3.97185075e-06  2.28200000e+00  7.68869390e-05  2.28200000e+00  6.65571793e-07  2.28200000e+00  7.88663250e-01  2.28200000e+00  7.07534417e-01  2.28200000e+00  1.33296937e-01  2.28200000e+00  7.08850866e-06  2.28200000e+00  8.93888495e-05  2.28200000e+00  5.44475293e-07  2.28200000e+00  7.96715282e-01  2.28200000e+00  7.88414550e-01  2.28200000e+00  7.78222672e-02  2.28200000e+00  3.11666422e-06  2.28200000e+00  5.69821462e-05  2.28200000e+00  2.26006646e-07  2.28200000e+00  7.96715271e-01  2.28200000e+00  7.87623802e-01  2.28200000e+00  7.81780075e-02  2.28200000e+00  3.28582713e-06  2.28200000e+00  5.96942011e-05  2.28200000e+00  1.74197824e-07 
 2.28400000e+00  1.63627976e+00  2.28400000e+00  1.01098079e+00  2.28400000e+00  1.05182829e+00  2.28400000e+00  7.54148928e-02  2.28400000e+00  3.18492622e-06  2.28400000e+00  6.40103242e-05  2.28400000e+00  3.73013472e-07  2.28400000e+00  1.02698070e+00  2.28400000e+00  1.05341123e+00  2.28400000e+00  8.07303580e-02  2.28400000e+00  3.90399566e-06  2.28400000e+00  7.58007169e-05  2.28400000e+00  6.52374586e-07  2.28400000e+00  7.88663250e-01  2.28400000e+00  7.07533527e-01  2.28400000e+00  1.33297532e-01  2.28400000e+00  7.08891747e-06  2.28400000e+00  8.93925021e-05  2.28400000e+00  5.44408445e-07  2.28400000e+00  7.97897849e-01  2.28400000e+00  7.88413478e-01  2.28400000e+00  7.83558414e-02  2.28400000e+00  3.18492812e-06  2.28400000e+00  5.80140337e-05  2.28400000e+00  2.30320221e-07  2.28400000e+00  7.97897838e-01  2.28400000e+00  7.87626955e-01  2.28400000e+00  7.87127612e-02  2.28400000e+00  3.35643346e-06  2.28400000e+00  6.07518904e-05  2.28400000e+00  1.77541217e-07 
 2.28600000e+00  1.63975987e+00  2.28600000e+00  1.01221695e+00  2.28600000e+00  1.05199299e+00  2.28600000e+00  7.57879357e-02  2.28600000e+00  3.25342235e-06  2.28600000e+00  6.51670760e-05  2.28600000e+00  3.79752636e-07  2.28600000e+00  1.02621688e+00  2.28600000e+00  1.05356777e+00  2.28600000e+00  8.03710566e-02  2.28600000e+00  3.83591534e-06  2.28600000e+00  7.47058975e-05  2.28600000e+00  6.39310022e-07  2.28600000e+00  7.88663250e-01  2.28600000e+00  7.07532622e-01  2.28600000e+00  1.33298137e-01  2.28600000e+00  7.08933328e-06  2.28600000e+00  8.93962169e-05  2.28600000e+00  5.44340544e-07  2.28600000e+00  7.99063544e-01  2.28600000e+00  7.88412421e-01  2.28600000e+00  7.88863498e-02  2.28600000e+00  3.25342425e-06  2.28600000e+00  5.90429707e-05  2.28600000e+00  2.34633925e-07  2.28600000e+00  7.99063533e-01  2.28600000e+00  7.87630119e-01  2.28600000e+00  7.92443643e-02  2.28600000e+00  3.42724105e-06  2.28600000e+00  6.18059846e-05  2.28600000e+00  1.80888099e-07 
 2.28800000e+00  1.64324864e+00  2.28800000e+00  1.01344013e+00  2.28800000e+00  1.05216040e+00  2.28800000e+00  7.61595375e-02  2.28800000e+00  3.32211096e-06  2.28800000e+00  6.63215273e-05  2.28800000e+00  3.86478609e-07  2.28800000e+00  1.02544008e+00  2.28800000e+00  1.05372702e+00  2.28800000e+00  8.00086448e-02  2.28800000e+00  3.76764956e-06  2.28800000e+00  7.36030128e-05  2.28800000e+00  6.26378457e-07  2.28800000e+00  7.88663249e-01  2.28800000e+00  7.07531702e-01  2.28800000e+00  1.33298753e-01  2.28800000e+00  7.08975610e-06  2.28800000e+00  8.93999941e-05  2.28800000e+00  5.44271594e-07  2.28800000e+00  8.00212347e-01  2.28800000e+00  7.88411379e-01  2.28800000e+00  7.94135724e-02  2.28800000e+00  3.32211285e-06  2.28800000e+00  6.00684041e-05  2.28800000e+00  2.38945441e-07  2.28800000e+00  8.00212336e-01  2.28800000e+00  7.87633290e-01  2.28800000e+00  7.97725984e-02  2.28800000e+00  3.49820892e-06  2.28800000e+00  6.28559260e-05  2.28800000e+00  1.84236804e-07 
 2.29000000e+00  1.64674404e+00  2.29000000e+00  1.01465032e+00  2.29000000e+00  1.05233050e+00  2.29000000e+00  7.65295188e-02  2.29000000e+00  3.39095197e-06  2.29000000e+00  6.74730586e-05  2.29000000e+00  3.93187973e-07  2.29000000e+00  1.02465028e+00  2.29000000e+00  1.05388900e+00  2.29000000e+00  7.96432724e-02  2.29000000e+00  3.69923841e-06  2.29000000e+00  7.24926081e-05  2.29000000e+00  6.13580192e-07  2.29000000e+00  7.88663249e-01  2.29000000e+00  7.07530766e-01  2.29000000e+00  1.33299379e-01  2.29000000e+00  7.09018594e-06  2.29000000e+00  8.94038337e-05  2.29000000e+00  5.44201599e-07  2.29000000e+00  8.01344243e-01  2.29000000e+00  7.88410353e-01  2.29000000e+00  7.99372936e-02  2.29000000e+00  3.39095385e-06  2.29000000e+00  6.10897897e-05  2.29000000e+00  2.43252460e-07  2.29000000e+00  8.01344232e-01  2.29000000e+00  7.87636467e-01  2.29000000e+00  8.02972498e-02  2.29000000e+00  3.56929584e-06  2.29000000e+00  6.39011669e-05  2.29000000e+00  1.87585661e-07 
 2.29200000e+00  1.65024401e+00  2.29200000e+00  1.01584749e+00  2.29200000e+00  1.05250330e+00  2.29200000e+00  7.68977033e-02  2.29200000e+00  3.45990503e-06  2.29200000e+00  6.86210563e-05  2.29200000e+00  3.99877346e-07  2.29200000e+00  1.02384747e+00  2.29200000e+00  1.05405370e+00  2.29200000e+00  7.92750938e-02  2.29200000e+00  3.63072222e-06  2.29200000e+00  7.13752415e-05  2.29200000e+00  6.00915484e-07  2.29200000e+00  7.88663249e-01  2.29200000e+00  7.07529815e-01  2.29200000e+00  1.33300015e-01  2.29200000e+00  7.09062281e-06  2.29200000e+00  8.94077356e-05  2.29200000e+00  5.44130562e-07  2.29200000e+00  8.02459220e-01  2.29200000e+00  7.88409342e-01  2.29200000e+00  8.04573031e-02  2.29200000e+00  3.45990691e-06  2.29200000e+00  6.21065927e-05  2.29200000e+00  2.47552679e-07  2.29200000e+00  8.02459209e-01  2.29200000e+00  7.87639649e-01  2.29200000e+00  8.08181103e-02  2.29200000e+00  3.64046041e-06  2.29200000e+00  6.49411703e-05  2.29200000e+00  1.90932997e-07 
 2.29400000e+00  1.65374650e+00  2.29400000e+00  1.01703165e+00  2.29400000e+00  1.05267880e+00  2.29400000e+00  7.72639187e-02  2.29400000e+00  3.52892960e-06  2.29400000e+00  6.97649143e-05  2.29400000e+00  4.06543386e-07  2.29400000e+00  1.02303164e+00  2.29400000e+00  1.05422113e+00  2.29400000e+00  7.89042678e-02  2.29400000e+00  3.56214155e-06  2.29400000e+00  7.02514837e-05  2.29400000e+00  5.88384560e-07  2.29400000e+00  7.88663249e-01  2.29400000e+00  7.07528848e-01  2.29400000e+00  1.33300661e-01  2.29400000e+00  7.09106670e-06  2.29400000e+00  8.94116998e-05  2.29400000e+00  5.44058489e-07  2.29400000e+00  8.03557268e-01  2.29400000e+00  7.88408347e-01  2.29400000e+00  8.09733952e-02  2.29400000e+00  3.52893148e-06  2.29400000e+00  6.31182877e-05  2.29400000e+00  2.51843806e-07  2.29400000e+00  8.03557256e-01  2.29400000e+00  7.87642832e-01  2.29400000e+00  8.13349759e-02  2.29400000e+00  3.71166105e-06  2.29400000e+00  6.59754096e-05  2.29400000e+00  1.94277138e-07 
 2.29600000e+00  1.65724945e+00  2.29600000e+00  1.01820278e+00  2.29600000e+00  1.05285700e+00  2.29600000e+00  7.76279958e-02  2.29600000e+00  3.59798500e-06  2.29600000e+00  7.09040340e-05  2.29600000e+00  4.13182798e-07  2.29600000e+00  1.02220280e+00  2.29600000e+00  1.05439128e+00  2.29600000e+00  7.85309574e-02  2.29600000e+00  3.49353708e-06  2.29600000e+00  6.91219166e-05  2.29600000e+00  5.75987625e-07  2.29600000e+00  7.88663249e-01  2.29600000e+00  7.07527866e-01  2.29600000e+00  1.33301318e-01  2.29600000e+00  7.09151762e-06  2.29600000e+00  8.94157264e-05  2.29600000e+00  5.43985384e-07  2.29600000e+00  8.04638380e-01  2.29600000e+00  7.88407366e-01  2.29600000e+00  8.14853697e-02  2.29600000e+00  3.59798687e-06  2.29600000e+00  6.41243600e-05  2.29600000e+00  2.56123564e-07  2.29600000e+00  8.04638369e-01  2.29600000e+00  7.87646016e-01  2.29600000e+00  8.18476486e-02  2.29600000e+00  3.78285614e-06  2.29600000e+00  6.70033698e-05  2.29600000e+00  1.97616407e-07 
 2.29800000e+00  1.66075080e+00  2.29800000e+00  1.01936090e+00  2.29800000e+00  1.05303790e+00  2.29800000e+00  7.79897697e-02  2.29800000e+00  3.66703046e-06  2.29800000e+00  7.20378258e-05  2.29800000e+00  4.19792332e-07  2.29800000e+00  1.02136093e+00  2.29800000e+00  1.05456418e+00  2.29800000e+00  7.81553300e-02  2.29800000e+00  3.42494956e-06  2.29800000e+00  6.79871332e-05  2.29800000e+00  5.63724870e-07  2.29800000e+00  7.88663248e-01  2.29800000e+00  7.07526869e-01  2.29800000e+00  1.33301985e-01  2.29800000e+00  7.09197555e-06  2.29800000e+00  8.94198153e-05  2.29800000e+00  5.43911252e-07  2.29800000e+00  8.05702555e-01  2.29800000e+00  7.88406402e-01  2.29800000e+00  8.19930313e-02  2.29800000e+00  3.66703232e-06  2.29800000e+00  6.51243057e-05  2.29800000e+00  2.60389690e-07  2.29800000e+00  8.05702543e-01  2.29800000e+00  7.87649199e-01  2.29800000e+00  8.23559352e-02  2.29800000e+00  3.85400404e-06  2.29800000e+00  6.80245478e-05  2.29800000e+00  2.00949134e-07 
 2.30000000e+00  1.66424847e+00  2.30000000e+00  1.02050599e+00  2.30000000e+00  1.05322150e+00  2.30000000e+00  7.83490792e-02  2.30000000e+00  3.73602526e-06  2.30000000e+00  7.31657094e-05  2.30000000e+00  4.26368792e-07  2.30000000e+00  1.02050604e+00  2.30000000e+00  1.05473980e+00  2.30000000e+00  7.77775571e-02  2.30000000e+00  3.35641973e-06  2.30000000e+00  6.68477365e-05  2.30000000e+00  5.51596482e-07  2.30000000e+00  7.88663248e-01  2.30000000e+00  7.07525856e-01  2.30000000e+00  1.33302662e-01  2.30000000e+00  7.09244051e-06  2.30000000e+00  8.94239664e-05  2.30000000e+00  5.43836099e-07  2.30000000e+00  8.06749794e-01  2.30000000e+00  7.88405452e-01  2.30000000e+00  8.24961906e-02  2.30000000e+00  3.73602711e-06  2.30000000e+00  6.61176331e-05  2.30000000e+00  2.64639948e-07  2.30000000e+00  8.06749782e-01  2.30000000e+00  7.87652379e-01  2.30000000e+00  8.28596485e-02  2.30000000e+00  3.92506323e-06  2.30000000e+00  6.90384536e-05  2.30000000e+00  2.04273651e-07 
 2.30200000e+00  1.66774042e+00  2.30200000e+00  1.02163808e+00  2.30200000e+00  1.05340779e+00  2.30200000e+00  7.87057671e-02  2.30200000e+00  3.80492868e-06  2.30200000e+00  7.42871144e-05  2.30200000e+00  4.32909038e-07  2.30200000e+00  1.01963814e+00  2.30200000e+00  1.05491817e+00  2.30200000e+00  7.73978138e-02  2.30200000e+00  3.28798828e-06  2.30200000e+00  6.57043389e-05  2.30200000e+00  5.39602653e-07  2.30200000e+00  7.88663248e-01  2.30200000e+00  7.07524827e-01  2.30200000e+00  1.33303349e-01  2.30200000e+00  7.09291248e-06  2.30200000e+00  8.94281797e-05  2.30200000e+00  5.43759932e-07  2.30200000e+00  8.07780100e-01  2.30200000e+00  7.88404518e-01  2.30200000e+00  8.29946633e-02  2.30200000e+00  3.80493053e-06  2.30200000e+00  6.71038617e-05  2.30200000e+00  2.68872119e-07  2.30200000e+00  8.07780088e-01  2.30200000e+00  7.87655553e-01  2.30200000e+00  8.33586063e-02  2.30200000e+00  3.99599228e-06  2.30200000e+00  7.00446096e-05  2.30200000e+00  2.07588299e-07 
 2.30400000e+00  1.67122460e+00  2.30400000e+00  1.02275716e+00  2.30400000e+00  1.05359676e+00  2.30400000e+00  7.90596808e-02  2.30400000e+00  3.87370019e-06  2.30400000e+00  7.54014815e-05  2.30400000e+00  4.39409986e-07  2.30400000e+00  1.01875724e+00  2.30400000e+00  1.05509926e+00  2.30400000e+00  7.70162794e-02  2.30400000e+00  3.21969575e-06  2.30400000e+00  6.45575612e-05  2.30400000e+00  5.27743584e-07  2.30400000e+00  7.88663248e-01  2.30400000e+00  7.07523784e-01  2.30400000e+00  1.33304047e-01  2.30400000e+00  7.09339145e-06  2.30400000e+00  8.94324551e-05  2.30400000e+00  5.43682756e-07  2.30400000e+00  8.08793482e-01  2.30400000e+00  7.88403600e-01  2.30400000e+00  8.34882710e-02  2.30400000e+00  3.87370203e-06  2.30400000e+00  6.80825241e-05  2.30400000e+00  2.73084014e-07  2.30400000e+00  8.08793470e-01  2.30400000e+00  7.87658720e-01  2.30400000e+00  8.38526325e-02  2.30400000e+00  4.06674998e-06  2.30400000e+00  7.10425519e-05  2.30400000e+00  2.10891424e-07 
 2.30600000e+00  1.67469896e+00  2.30600000e+00  1.02386325e+00  2.30600000e+00  1.05378842e+00  2.30600000e+00  7.94106717e-02  2.30600000e+00  3.94229941e-06  2.30600000e+00  7.65082631e-05  2.30600000e+00  4.45868618e-07  2.30600000e+00  1.01786335e+00  2.30600000e+00  1.05528309e+00  2.30600000e+00  7.66331368e-02  2.30600000e+00  3.15158250e-06  2.30600000e+00  6.34080322e-05  2.30600000e+00  5.16019492e-07  2.30600000e+00  7.88663248e-01  2.30600000e+00  7.07522724e-01  2.30600000e+00  1.33304756e-01  2.30600000e+00  7.09387741e-06  2.30600000e+00  8.94367924e-05  2.30600000e+00  5.43604578e-07  2.30600000e+00  8.09789952e-01  2.30600000e+00  7.88402696e-01  2.30600000e+00  8.39768412e-02  2.30600000e+00  3.94230125e-06  2.30600000e+00  6.90531657e-05  2.30600000e+00  2.77273474e-07  2.30600000e+00  8.09789940e-01  2.30600000e+00  7.87661878e-01  2.30600000e+00  8.43415568e-02  2.30600000e+00  4.13729540e-06  2.30600000e+00  7.20318306e-05  2.30600000e+00  2.14181386e-07 
 2.30800000e+00  1.67816149e+00  2.30800000e+00  1.02495638e+00  2.30800000e+00  1.05398275e+00  2.30800000e+00  7.97585956e-02  2.30800000e+00  4.01068625e-06  2.30800000e+00  7.76069232e-05  2.30800000e+00  4.52281979e-07  2.30800000e+00  1.01695649e+00  2.30800000e+00  1.05546966e+00  2.30800000e+00  7.62485723e-02  2.30800000e+00  3.08368861e-06  2.30800000e+00  6.22563871e-05  2.30800000e+00  5.04430611e-07  2.30800000e+00  7.88663247e-01  2.30800000e+00  7.07521650e-01  2.30800000e+00  1.33305474e-01  2.30800000e+00  7.09437035e-06  2.30800000e+00  8.94411915e-05  2.30800000e+00  5.43525406e-07  2.30800000e+00  8.10769527e-01  2.30800000e+00  7.88401809e-01  2.30800000e+00  8.44602070e-02  2.30800000e+00  4.01068809e-06  2.30800000e+00  7.00153452e-05  2.30800000e+00  2.81438370e-07  2.30800000e+00  8.10769514e-01  2.30800000e+00  7.87665025e-01  2.30800000e+00  8.48252145e-02  2.30800000e+00  4.20758791e-06  2.30800000e+00  7.30120096e-05  2.30800000e+00  2.17456557e-07 
 2.31000000e+00  1.68161018e+00  2.31000000e+00  1.02603655e+00  2.31000000e+00  1.05417976e+00  2.31000000e+00  8.01033133e-02  2.31000000e+00  4.07882096e-06  2.31000000e+00  7.86969392e-05  2.31000000e+00  4.58647183e-07  2.31000000e+00  1.01603668e+00  2.31000000e+00  1.05565895e+00  2.31000000e+00  7.58627755e-02  2.31000000e+00  3.01605382e-06  2.31000000e+00  6.11032676e-05  2.31000000e+00  4.92977206e-07  2.31000000e+00  7.88663247e-01  2.31000000e+00  7.07520560e-01  2.31000000e+00  1.33306203e-01  2.31000000e+00  7.09487026e-06  2.31000000e+00  8.94456523e-05  2.31000000e+00  5.43445247e-07  2.31000000e+00  8.11732225e-01  2.31000000e+00  7.88400936e-01  2.31000000e+00  8.49382077e-02  2.31000000e+00  4.07882280e-06  2.31000000e+00  7.09686354e-05  2.31000000e+00  2.85576610e-07  2.31000000e+00  8.11732212e-01  2.31000000e+00  7.87668160e-01  2.31000000e+00  8.53034474e-02  2.31000000e+00  4.27758733e-06  2.31000000e+00  7.39826682e-05  2.31000000e+00  2.20715322e-07 
 2.31200000e+00  1.68504306e+00  2.31200000e+00  1.02710379e+00  2.31200000e+00  1.05437943e+00  2.31200000e+00  8.04446899e-02  2.31200000e+00  4.14666415e-06  2.31200000e+00  7.97778016e-05  2.31200000e+00  4.64961416e-07  2.31200000e+00  1.01510394e+00  2.31200000e+00  1.05585096e+00  2.31200000e+00  7.54759393e-02  2.31200000e+00  2.94871750e-06  2.31200000e+00  5.99493200e-05  2.31200000e+00  4.81659564e-07  2.31200000e+00  7.88663247e-01  2.31200000e+00  7.07519455e-01  2.31200000e+00  1.33306942e-01  2.31200000e+00  7.09537712e-06  2.31200000e+00  8.94501747e-05  2.31200000e+00  5.43364108e-07  2.31200000e+00  8.12678071e-01  2.31200000e+00  7.88400079e-01  2.31200000e+00  8.54106885e-02  2.31200000e+00  4.14666597e-06  2.31200000e+00  7.19126228e-05  2.31200000e+00  2.89686139e-07  2.31200000e+00  8.12678058e-01  2.31200000e+00  7.87671281e-01  2.31200000e+00  8.57761029e-02  2.31200000e+00  4.34725390e-06  2.31200000e+00  7.49433997e-05  2.31200000e+00  2.23956084e-07 
 2.31400000e+00  1.68845816e+00  2.31400000e+00  1.02815814e+00  2.31400000e+00  1.05458176e+00  2.31400000e+00  8.07825954e-02  2.31400000e+00  4.21417692e-06  2.31400000e+00  8.08490151e-05  2.31400000e+00  4.71221939e-07  2.31400000e+00  1.01415831e+00  2.31400000e+00  1.05604570e+00  2.31400000e+00  7.50882595e-02  2.31400000e+00  2.88171853e-06  2.31400000e+00  5.87951948e-05  2.31400000e+00  4.70478005e-07  2.31400000e+00  7.88663247e-01  2.31400000e+00  7.07518334e-01  2.31400000e+00  1.33307691e-01  2.31400000e+00  7.09589091e-06  2.31400000e+00  8.94547583e-05  2.31400000e+00  5.43281999e-07  2.31400000e+00  8.13607093e-01  2.31400000e+00  7.88399237e-01  2.31400000e+00  8.58775012e-02  2.31400000e+00  4.21417875e-06  2.31400000e+00  7.28469094e-05  2.31400000e+00  2.93764948e-07  2.31400000e+00  8.13607081e-01  2.31400000e+00  7.87674385e-01  2.31400000e+00  8.62430352e-02  2.31400000e+00  4.41654844e-06  2.31400000e+00  7.58938140e-05  2.31400000e+00  2.27177268e-07 
 2.31600000e+00  1.69185355e+00  2.31600000e+00  1.02919962e+00  2.31600000e+00  1.05478673e+00  2.31600000e+00  8.11169045e-02  2.31600000e+00  4.28132089e-06  2.31600000e+00  8.19100988e-05  2.31600000e+00  4.77426091e-07  2.31600000e+00  1.01319980e+00  2.31600000e+00  1.05624315e+00  2.31600000e+00  7.46999346e-02  2.31600000e+00  2.81509527e-06  2.31600000e+00  5.76415458e-05  2.31600000e+00  4.59432880e-07  2.31600000e+00  7.88663247e-01  2.31600000e+00  7.07517199e-01  2.31600000e+00  1.33308450e-01  2.31600000e+00  7.09641162e-06  2.31600000e+00  8.94594031e-05  2.31600000e+00  5.43198928e-07  2.31600000e+00  8.14519325e-01  2.31600000e+00  7.88398410e-01  2.31600000e+00  8.63385033e-02  2.31600000e+00  4.28132271e-06  2.31600000e+00  7.37711107e-05  2.31600000e+00  2.97811063e-07  2.31600000e+00  8.14519312e-01  2.31600000e+00  7.87677471e-01  2.31600000e+00  8.67041042e-02  2.31600000e+00  4.48543230e-06  2.31600000e+00  7.68335349e-05  2.31600000e+00  2.30377316e-07 
 2.31800000e+00  1.69522734e+00  2.31800000e+00  1.03022827e+00  2.31800000e+00  1.05499435e+00  2.31800000e+00  8.14474971e-02  2.31800000e+00  4.34805825e-06  2.31800000e+00  8.29605871e-05  2.31800000e+00  4.83571290e-07  2.31800000e+00  1.01222847e+00  2.31800000e+00  1.05644331e+00  2.31800000e+00  7.43111657e-02  2.31800000e+00  2.74888551e-06  2.31800000e+00  5.64890287e-05  2.31800000e+00  4.48524575e-07  2.31800000e+00  7.88663246e-01  2.31800000e+00  7.07516048e-01  2.31800000e+00  1.33309220e-01  2.31800000e+00  7.09693921e-06  2.31800000e+00  8.94641089e-05  2.31800000e+00  5.43114903e-07  2.31800000e+00  8.15414802e-01  2.31800000e+00  7.88397598e-01  2.31800000e+00  8.67935593e-02  2.31800000e+00  4.34806007e-06  2.31800000e+00  7.46848584e-05  2.31800000e+00  3.01822565e-07  2.31800000e+00  8.15414789e-01  2.31800000e+00  7.87680538e-01  2.31800000e+00  8.71591766e-02  2.31800000e+00  4.55386754e-06  2.31800000e+00  7.77622035e-05  2.31800000e+00  2.33554695e-07 
 2.32000000e+00  1.69857767e+00  2.32000000e+00  1.03124412e+00  2.32000000e+00  1.05520459e+00  2.32000000e+00  8.17742580e-02  2.32000000e+00  4.41435187e-06  2.32000000e+00  8.40000298e-05  2.32000000e+00  4.89655039e-07  2.32000000e+00  1.01124434e+00  2.32000000e+00  1.05664618e+00  2.32000000e+00  7.39221564e-02  2.32000000e+00  2.68312636e-06  2.32000000e+00  5.53383005e-05  2.32000000e+00  4.37753509e-07  2.32000000e+00  7.88663246e-01  2.32000000e+00  7.07514882e-01  2.32000000e+00  1.33310000e-01  2.32000000e+00  7.09747367e-06  2.32000000e+00  8.94688753e-05  2.32000000e+00  5.43029934e-07  2.32000000e+00  8.16293568e-01  2.32000000e+00  7.88396802e-01  2.32000000e+00  8.72425398e-02  2.32000000e+00  4.41435367e-06  2.32000000e+00  7.55877994e-05  2.32000000e+00  3.05797579e-07  2.32000000e+00  8.16293555e-01  2.32000000e+00  7.87683584e-01  2.32000000e+00  8.76081253e-02  2.32000000e+00  4.62181693e-06  2.32000000e+00  7.86794760e-05  2.32000000e+00  2.36707898e-07 
 2.32200000e+00  1.70190271e+00  2.32200000e+00  1.03224723e+00  2.32200000e+00  1.05541744e+00  2.32200000e+00  8.20970771e-02  2.32200000e+00  4.48016531e-06  2.32200000e+00  8.50279930e-05  2.32200000e+00  4.95674926e-07  2.32200000e+00  1.01024747e+00  2.32200000e+00  1.05685173e+00  2.32200000e+00  7.35331121e-02  2.32200000e+00  2.61785422e-06  2.32200000e+00  5.41900182e-05  2.32200000e+00  4.27120132e-07  2.32200000e+00  7.88663246e-01  2.32200000e+00  7.07513701e-01  2.32200000e+00  1.33310789e-01  2.32200000e+00  7.09801496e-06  2.32200000e+00  8.94737021e-05  2.32200000e+00  5.42944030e-07  2.32200000e+00  8.17155668e-01  2.32200000e+00  7.88396021e-01  2.32200000e+00  8.76853221e-02  2.32200000e+00  4.48016711e-06  2.32200000e+00  7.64795962e-05  2.32200000e+00  3.09734285e-07  2.32200000e+00  8.17155655e-01  2.32200000e+00  7.87686606e-01  2.32200000e+00  8.80508300e-02  2.32200000e+00  4.68924400e-06  2.32200000e+00  7.95850256e-05  2.32200000e+00  2.39835446e-07 
 2.32400000e+00  1.70520067e+00  2.32400000e+00  1.03323764e+00  2.32400000e+00  1.05563290e+00  2.32400000e+00  8.24158495e-02  2.32400000e+00  4.54546290e-06  2.32400000e+00  8.60440592e-05  2.32400000e+00  5.01628626e-07  2.32400000e+00  1.00923789e+00  2.32400000e+00  1.05705998e+00  2.32400000e+00  7.31442402e-02  2.32400000e+00  2.55310474e-06  2.32400000e+00  5.30448378e-05  2.32400000e+00  4.16624931e-07  2.32400000e+00  7.88663246e-01  2.32400000e+00  7.07512504e-01  2.32400000e+00  1.33311589e-01  2.32400000e+00  7.09856306e-06  2.32400000e+00  8.94785890e-05  2.32400000e+00  5.42857202e-07  2.32400000e+00  8.18001154e-01  2.32400000e+00  7.88395254e-01  2.32400000e+00  8.81217899e-02  2.32400000e+00  4.54546470e-06  2.32400000e+00  7.73599271e-05  2.32400000e+00  3.13630913e-07  2.32400000e+00  8.18001141e-01  2.32400000e+00  7.87689604e-01  2.32400000e+00  8.84871767e-02  2.32400000e+00  4.75611312e-06  2.32400000e+00  8.04785412e-05  2.32400000e+00  2.42935889e-07 
 2.32600000e+00  1.70846981e+00  2.32600000e+00  1.03421540e+00  2.32600000e+00  1.05585095e+00  2.32600000e+00  8.27304756e-02  2.32600000e+00  4.61020983e-06  2.32600000e+00  8.70478281e-05  2.32600000e+00  5.07513905e-07  2.32600000e+00  1.00821567e+00  2.32600000e+00  1.05727089e+00  2.32600000e+00  7.27557497e-02  2.32600000e+00  2.48891270e-06  2.32600000e+00  5.19034131e-05  2.32600000e+00  4.06268422e-07  2.32600000e+00  7.88663245e-01  2.32600000e+00  7.07511293e-01  2.32600000e+00  1.33312399e-01  2.32600000e+00  7.09911795e-06  2.32600000e+00  8.94835358e-05  2.32600000e+00  5.42769461e-07  2.32600000e+00  8.18830083e-01  2.32600000e+00  7.88394503e-01  2.32600000e+00  8.85518338e-02  2.32600000e+00  4.61021163e-06  2.32600000e+00  7.82284867e-05  2.32600000e+00  3.17485755e-07  2.32600000e+00  8.18830070e-01  2.32600000e+00  7.87692575e-01  2.32600000e+00  8.89170584e-02  2.32600000e+00  4.82238955e-06  2.32600000e+00  8.13597290e-05  2.32600000e+00  2.46007810e-07 
 2.32800000e+00  1.71170844e+00  2.32800000e+00  1.03518057e+00  2.32800000e+00  1.05607158e+00  2.32800000e+00  8.30408609e-02  2.32800000e+00  4.67437215e-06  2.32800000e+00  8.80389167e-05  2.32800000e+00  5.13328624e-07  2.32800000e+00  1.00718085e+00  2.32800000e+00  1.05748448e+00  2.32800000e+00  7.23678509e-02  2.32800000e+00  2.42531202e-06  2.32800000e+00  5.07663949e-05  2.32800000e+00  3.96051151e-07  2.32800000e+00  7.88663245e-01  2.32800000e+00  7.07510067e-01  2.32800000e+00  1.33313219e-01  2.32800000e+00  7.09967957e-06  2.32800000e+00  8.94885421e-05  2.32800000e+00  5.42680816e-07  2.32800000e+00  8.19642516e-01  2.32800000e+00  7.88393767e-01  2.32800000e+00  8.89753512e-02  2.32800000e+00  4.67437395e-06  2.32800000e+00  7.90849859e-05  2.32800000e+00  3.21297158e-07  2.32800000e+00  8.19642502e-01  2.32800000e+00  7.87695519e-01  2.32800000e+00  8.93403746e-02  2.32800000e+00  4.88803952e-06  2.32800000e+00  8.22283116e-05  2.32800000e+00  2.49049826e-07 
 2.33000000e+00  1.71491490e+00  2.33000000e+00  1.03613320e+00  2.33000000e+00  1.05629477e+00  2.33000000e+00  8.33469164e-02  2.33000000e+00  4.73791686e-06  2.33000000e+00  8.90169597e-05  2.33000000e+00  5.19070735e-07  2.33000000e+00  1.00613350e+00  2.33000000e+00  1.05770071e+00  2.33000000e+00  7.19807551e-02  2.33000000e+00  2.36233565e-06  2.33000000e+00  4.96344296e-05  2.33000000e+00  3.85973691e-07  2.33000000e+00  7.88663245e-01  2.33000000e+00  7.07508826e-01  2.33000000e+00  1.33314049e-01  2.33000000e+00  7.10024791e-06  2.33000000e+00  8.94936076e-05  2.33000000e+00  5.42591279e-07  2.33000000e+00  8.20438520e-01  2.33000000e+00  7.88393046e-01  2.33000000e+00  8.93922460e-02  2.33000000e+00  4.73791865e-06  2.33000000e+00  7.99291519e-05  2.33000000e+00  3.25063529e-07  2.33000000e+00  8.20438506e-01  2.33000000e+00  7.87698434e-01  2.33000000e+00  8.97570315e-02  2.33000000e+00  4.95303023e-06  2.33000000e+00  8.30840283e-05  2.33000000e+00  2.52060590e-07 
 2.33200000e+00  1.71808761e+00  2.33200000e+00  1.03707336e+00  2.33200000e+00  1.05652051e+00  2.33200000e+00  8.36485585e-02  2.33200000e+00  4.80081196e-06  2.33200000e+00  8.99816102e-05  2.33200000e+00  5.24738289e-07  2.33200000e+00  1.00507367e+00  2.33200000e+00  1.05791959e+00  2.33200000e+00  7.15946743e-02  2.33200000e+00  2.30001557e-06  2.33200000e+00  4.85081582e-05  2.33200000e+00  3.76036639e-07  2.33200000e+00  7.88663245e-01  2.33200000e+00  7.07507570e-01  2.33200000e+00  1.33314888e-01  2.33200000e+00  7.10082292e-06  2.33200000e+00  8.94987320e-05  2.33200000e+00  5.42500861e-07  2.33200000e+00  8.21218166e-01  2.33200000e+00  7.88392339e-01  2.33200000e+00  8.98024293e-02  2.33200000e+00  4.80081375e-06  2.33200000e+00  8.07607287e-05  2.33200000e+00  3.28783343e-07  2.33200000e+00  8.21218152e-01  2.33200000e+00  7.87701318e-01  2.33200000e+00  9.01669425e-02  2.33200000e+00  5.01732995e-06  2.33200000e+00  8.39266360e-05  2.33200000e+00  2.55038793e-07 
 2.33400000e+00  1.72122502e+00  2.33400000e+00  1.03800111e+00  2.33400000e+00  1.05674878e+00  2.33400000e+00  8.39457091e-02  2.33400000e+00  4.86302651e-06  2.33400000e+00  9.09325393e-05  2.33400000e+00  5.30329438e-07  2.33400000e+00  1.00400144e+00  2.33400000e+00  1.05814109e+00  2.33400000e+00  7.12098210e-02  2.33400000e+00  2.23838268e-06  2.33400000e+00  4.73882149e-05  2.33400000e+00  3.66240614e-07  2.33400000e+00  7.88663244e-01  2.33400000e+00  7.07506300e-01  2.33400000e+00  1.33315738e-01  2.33400000e+00  7.10140456e-06  2.33400000e+00  8.95039148e-05  2.33400000e+00  5.42409574e-07  2.33400000e+00  8.21981533e-01  2.33400000e+00  7.88391647e-01  2.33400000e+00  9.02058189e-02  2.33400000e+00  4.86302828e-06  2.33400000e+00  8.15794769e-05  2.33400000e+00  3.32455136e-07  2.33400000e+00  8.21981519e-01  2.33400000e+00  7.87704170e-01  2.33400000e+00  9.05700276e-02  2.33400000e+00  5.08090803e-06  2.33400000e+00  8.47559079e-05  2.33400000e+00  2.57983169e-07 
 2.33600000e+00  1.72432563e+00  2.33600000e+00  1.03891653e+00  2.33600000e+00  1.05697956e+00  2.33600000e+00  8.42382954e-02  2.33600000e+00  4.92453063e-06  2.33600000e+00  9.18694372e-05  2.33600000e+00  5.35842430e-07  2.33600000e+00  1.00291688e+00  2.33600000e+00  1.05836520e+00  2.33600000e+00  7.08264077e-02  2.33600000e+00  2.17746680e-06  2.33600000e+00  4.62752266e-05  2.33600000e+00  3.56586252e-07  2.33600000e+00  7.88663244e-01  2.33600000e+00  7.07505015e-01  2.33600000e+00  1.33316597e-01  2.33600000e+00  7.10199279e-06  2.33600000e+00  8.95091556e-05  2.33600000e+00  5.42317431e-07  2.33600000e+00  8.22728703e-01  2.33600000e+00  7.88390970e-01  2.33600000e+00  9.06023396e-02  2.33600000e+00  4.92453240e-06  2.33600000e+00  8.23851739e-05  2.33600000e+00  3.36077512e-07  2.33600000e+00  8.22728689e-01  2.33600000e+00  7.87706988e-01  2.33600000e+00  9.09662136e-02  2.33600000e+00  5.14373502e-06  2.33600000e+00  8.55716349e-05  2.33600000e+00  2.60892491e-07 
 2.33800000e+00  1.72738804e+00  2.33800000e+00  1.03981970e+00  2.33800000e+00  1.05721284e+00  2.33800000e+00  8.45262503e-02  2.33800000e+00  4.98529563e-06  2.33800000e+00  9.27920131e-05  2.33800000e+00  5.41275618e-07  2.33800000e+00  1.00182006e+00  2.33800000e+00  1.05859191e+00  2.33800000e+00  7.04446468e-02  2.33800000e+00  2.11729658e-06  2.33800000e+00  4.51698110e-05  2.33800000e+00  3.47074203e-07  2.33800000e+00  7.88663244e-01  2.33800000e+00  7.07503715e-01  2.33800000e+00  1.33317466e-01  2.33800000e+00  7.10258757e-06  2.33800000e+00  8.95144541e-05  2.33800000e+00  5.42224443e-07  2.33800000e+00  8.23459766e-01  2.33800000e+00  7.88390308e-01  2.33800000e+00  9.09919233e-02  2.33800000e+00  4.98529740e-06  2.33800000e+00  8.31776143e-05  2.33800000e+00  3.39649146e-07  2.33800000e+00  8.23459752e-01  2.33800000e+00  7.87709772e-01  2.33800000e+00  9.13554347e-02  2.33800000e+00  5.20578261e-06  2.33800000e+00  8.63736249e-05  2.33800000e+00  2.63765581e-07 
 2.34000000e+00  1.73041086e+00  2.34000000e+00  1.04071069e+00  2.34000000e+00  1.05744859e+00  2.34000000e+00  8.48095120e-02  2.34000000e+00  5.04529398e-06  2.34000000e+00  9.36999952e-05  2.34000000e+00  5.46627458e-07  2.34000000e+00  1.00071106e+00  2.34000000e+00  1.05882120e+00  2.34000000e+00  7.00647500e-02  2.34000000e+00  2.05789952e-06  2.34000000e+00  4.40725758e-05  2.34000000e+00  3.37705123e-07  2.34000000e+00  7.88663244e-01  2.34000000e+00  7.07502401e-01  2.34000000e+00  1.33318345e-01  2.34000000e+00  7.10318885e-06  2.34000000e+00  8.95198098e-05  2.34000000e+00  5.42130624e-07  2.34000000e+00  8.24174815e-01  2.34000000e+00  7.88389660e-01  2.34000000e+00  9.13745087e-02  2.34000000e+00  5.04529575e-06  2.34000000e+00  8.39566089e-05  2.34000000e+00  3.43168779e-07  2.34000000e+00  8.24174801e-01  2.34000000e+00  7.87712520e-01  2.34000000e+00  9.17376314e-02  2.34000000e+00  5.26702373e-06  2.34000000e+00  8.71617025e-05  2.34000000e+00  2.66601304e-07 
 2.34200000e+00  1.73339281e+00  2.34200000e+00  1.04158959e+00  2.34200000e+00  1.05768680e+00  2.34200000e+00  8.50880244e-02  2.34200000e+00  5.10449940e-06  2.34200000e+00  9.45931312e-05  2.34200000e+00  5.51896510e-07  2.34200000e+00  9.99589976e-01  2.34200000e+00  1.05905305e+00  2.34200000e+00  6.96869282e-02  2.34200000e+00  1.99930184e-06  2.34200000e+00  4.29841175e-05  2.34200000e+00  3.28479676e-07  2.34200000e+00  7.88663243e-01  2.34200000e+00  7.07501073e-01  2.34200000e+00  1.33319233e-01  2.34200000e+00  7.10379658e-06  2.34200000e+00  8.95252223e-05  2.34200000e+00  5.42035987e-07  2.34200000e+00  8.24873951e-01  2.34200000e+00  7.88389027e-01  2.34200000e+00  9.17500416e-02  2.34200000e+00  5.10450116e-06  2.34200000e+00  8.47219861e-05  2.34200000e+00  3.46635229e-07  2.34200000e+00  8.24873937e-01  2.34200000e+00  7.87715230e-01  2.34200000e+00  9.21127519e-02  2.34200000e+00  5.32743262e-06  2.34200000e+00  8.79357100e-05  2.34200000e+00  2.69398574e-07 
 2.34400000e+00  1.73633262e+00  2.34400000e+00  1.04245648e+00  2.34400000e+00  1.05792745e+00  2.34400000e+00  8.53617369e-02  2.34400000e+00  5.16288685e-06  2.34400000e+00  9.54711885e-05  2.34400000e+00  5.57081441e-07  2.34400000e+00  9.98456884e-01  2.34400000e+00  1.05928744e+00  2.34400000e+00  6.93113907e-02  2.34400000e+00  1.94152853e-06  2.34400000e+00  4.19050205e-05  2.34400000e+00  3.19398522e-07  2.34400000e+00  7.88663243e-01  2.34400000e+00  7.07499730e-01  2.34400000e+00  1.33320131e-01  2.34400000e+00  7.10441071e-06  2.34400000e+00  8.95306910e-05  2.34400000e+00  5.41940545e-07  2.34400000e+00  8.25557279e-01  2.34400000e+00  7.88388408e-01  2.34400000e+00  9.21184747e-02  2.34400000e+00  5.16288861e-06  2.34400000e+00  8.54735909e-05  2.34400000e+00  3.50047382e-07  2.34400000e+00  8.25557265e-01  2.34400000e+00  7.87717902e-01  2.34400000e+00  9.24807507e-02  2.34400000e+00  5.38698478e-06  2.34400000e+00  8.86955062e-05  2.34400000e+00  2.72156356e-07 
 2.34600000e+00  1.73922915e+00  2.34600000e+00  1.04331146e+00  2.34600000e+00  1.05817051e+00  2.34600000e+00  8.56306045e-02  2.34600000e+00  5.22043262e-06  2.34600000e+00  9.63339540e-05  2.34600000e+00  5.62181023e-07  2.34600000e+00  9.97311881e-01  2.34600000e+00  1.05952435e+00  2.34600000e+00  6.89383455e-02  2.34600000e+00  1.88460323e-06  2.34600000e+00  4.08358554e-05  2.34600000e+00  3.10462317e-07  2.34600000e+00  7.88663243e-01  2.34600000e+00  7.07498373e-01  2.34600000e+00  1.33321038e-01  2.34600000e+00  7.10503118e-06  2.34600000e+00  8.95362155e-05  2.34600000e+00  5.41844312e-07  2.34600000e+00  8.26224913e-01  2.34600000e+00  7.88387803e-01  2.34600000e+00  9.24797680e-02  2.34600000e+00  5.22043438e-06  2.34600000e+00  8.62112853e-05  2.34600000e+00  3.53404204e-07  2.34600000e+00  8.26224898e-01  2.34600000e+00  7.87720535e-01  2.34600000e+00  9.28415896e-02  2.34600000e+00  5.44565708e-06  2.34600000e+00  8.94409673e-05  2.34600000e+00  2.74873666e-07 
 2.34800000e+00  1.74208127e+00  2.34800000e+00  1.04415463e+00  2.34800000e+00  1.05841596e+00  2.34800000e+00  8.58945876e-02  2.34800000e+00  5.27711434e-06  2.34800000e+00  9.71812345e-05  2.34800000e+00  5.67194139e-07  2.34800000e+00  9.96155064e-01  2.34800000e+00  1.05976377e+00  2.34800000e+00  6.85679983e-02  2.34800000e+00  1.82854830e-06  2.34800000e+00  3.97771788e-05  2.34800000e+00  3.01671705e-07  2.34800000e+00  7.88663243e-01  2.34800000e+00  7.07497003e-01  2.34800000e+00  1.33321955e-01  2.34800000e+00  7.10565794e-06  2.34800000e+00  8.95417953e-05  2.34800000e+00  5.41747303e-07  2.34800000e+00  8.26876968e-01  2.34800000e+00  7.88387212e-01  2.34800000e+00  9.28338884e-02  2.34800000e+00  5.27711609e-06  2.34800000e+00  8.69349482e-05  2.34800000e+00  3.56704732e-07  2.34800000e+00  8.26876954e-01  2.34800000e+00  7.87723128e-01  2.34800000e+00  9.31952376e-02  2.34800000e+00  5.50342778e-06  2.34800000e+00  9.01719864e-05  2.34800000e+00  2.77549574e-07 
 2.35000000e+00  1.74488796e+00  2.35000000e+00  1.04498609e+00  2.35000000e+00  1.05866379e+00  2.35000000e+00  8.61536523e-02  2.35000000e+00  5.33291097e-06  2.35000000e+00  9.80128566e-05  2.35000000e+00  5.72119775e-07  2.35000000e+00  9.94986535e-01  2.35000000e+00  1.06000567e+00  2.35000000e+00  6.82005524e-02  2.35000000e+00  1.77338466e-06  2.35000000e+00  3.87295310e-05  2.35000000e+00  2.93027313e-07  2.35000000e+00  7.88663242e-01  2.35000000e+00  7.07495618e-01  2.35000000e+00  1.33322880e-01  2.35000000e+00  7.10629094e-06  2.35000000e+00  8.95474298e-05  2.35000000e+00  5.41649531e-07  2.35000000e+00  8.27513570e-01  2.35000000e+00  7.88386635e-01  2.35000000e+00  9.31808094e-02  2.35000000e+00  5.33291272e-06  2.35000000e+00  8.76444748e-05  2.35000000e+00  3.59948080e-07  2.35000000e+00  8.27513556e-01  2.35000000e+00  7.87725679e-01  2.35000000e+00  9.35416699e-02  2.35000000e+00  5.56027647e-06  2.35000000e+00  9.08884729e-05  2.35000000e+00  2.80183205e-07 
 2.35200000e+00  1.74764825e+00  2.35200000e+00  1.04580594e+00  2.35200000e+00  1.05891395e+00  2.35200000e+00  8.64077700e-02  2.35200000e+00  5.38780291e-06  2.35200000e+00  9.88286668e-05  2.35200000e+00  5.76957031e-07  2.35200000e+00  9.93806399e-01  2.35200000e+00  1.06025003e+00  2.35200000e+00  6.78362084e-02  2.35200000e+00  1.71913190e-06  2.35200000e+00  3.76934363e-05  2.35200000e+00  2.84529745e-07  2.35200000e+00  7.88663242e-01  2.35200000e+00  7.07494220e-01  2.35200000e+00  1.33323815e-01  2.35200000e+00  7.10693011e-06  2.35200000e+00  8.95531184e-05  2.35200000e+00  5.41551011e-07  2.35200000e+00  8.28134849e-01  2.35200000e+00  7.88386073e-01  2.35200000e+00  9.35205121e-02  2.35200000e+00  5.38780466e-06  2.35200000e+00  8.83397778e-05  2.35200000e+00  3.63133444e-07  2.35200000e+00  8.28134834e-01  2.35200000e+00  7.87728188e-01  2.35200000e+00  9.38808695e-02  2.35200000e+00  5.61618425e-06  2.35200000e+00  9.15903536e-05  2.35200000e+00  2.82773741e-07 
 2.35400000e+00  1.75036124e+00  2.35400000e+00  1.04661429e+00  2.35400000e+00  1.05916643e+00  2.35400000e+00  8.66569178e-02  2.35400000e+00  5.44177194e-06  2.35400000e+00  9.96285313e-05  2.35400000e+00  5.81705111e-07  2.35400000e+00  9.92614766e-01  2.35400000e+00  1.06049682e+00  2.35400000e+00  6.74751634e-02  2.35400000e+00  1.66580816e-06  2.35400000e+00  3.66694007e-05  2.35400000e+00  2.76179577e-07  2.35400000e+00  7.88663242e-01  2.35400000e+00  7.07492808e-01  2.35400000e+00  1.33324760e-01  2.35400000e+00  7.10757538e-06  2.35400000e+00  8.95588606e-05  2.35400000e+00  5.41451759e-07  2.35400000e+00  8.28740939e-01  2.35400000e+00  7.88385523e-01  2.35400000e+00  9.38529840e-02  2.35400000e+00  5.44177369e-06  2.35400000e+00  8.90207855e-05  2.35400000e+00  3.66260090e-07  2.35400000e+00  8.28740924e-01  2.35400000e+00  7.87730654e-01  2.35400000e+00  9.42128254e-02  2.35400000e+00  5.67113360e-06  2.35400000e+00  9.22775709e-05  2.35400000e+00  2.85320419e-07 
 2.35600000e+00  1.75302612e+00  2.35600000e+00  1.04741126e+00  2.35600000e+00  1.05942121e+00  2.35600000e+00  8.69010779e-02  2.35600000e+00  5.49480128e-06  2.35600000e+00  1.00412336e-04  2.35600000e+00  5.86363329e-07  2.35600000e+00  9.91411751e-01  2.35600000e+00  1.06074602e+00  2.35600000e+00  6.71176111e-02  2.35600000e+00  1.61343015e-06  2.35600000e+00  3.56579120e-05  2.35600000e+00  2.67977351e-07  2.35600000e+00  7.88663242e-01  2.35600000e+00  7.07491383e-01  2.35600000e+00  1.33325713e-01  2.35600000e+00  7.10822670e-06  2.35600000e+00  8.95646558e-05  2.35600000e+00  5.41351790e-07  2.35600000e+00  8.29331983e-01  2.35600000e+00  7.88384988e-01  2.35600000e+00  9.41782197e-02  2.35600000e+00  5.49480302e-06  2.35600000e+00  8.96874429e-05  2.35600000e+00  3.69327369e-07  2.35600000e+00  8.29331968e-01  2.35600000e+00  7.87733077e-01  2.35600000e+00  9.45375340e-02  2.35600000e+00  5.72510846e-06  2.35600000e+00  9.29500839e-05  2.35600000e+00  2.87822535e-07 
 2.35800000e+00  1.75564213e+00  2.35800000e+00  1.04819697e+00  2.35800000e+00  1.05967825e+00  2.35800000e+00  8.71402382e-02  2.35800000e+00  5.54687561e-06  2.35800000e+00  1.01179987e-04  2.35800000e+00  5.90931110e-07  2.35800000e+00  9.90197472e-01  2.35800000e+00  1.06099760e+00  2.35800000e+00  6.67637411e-02  2.35800000e+00  1.56201313e-06  2.35800000e+00  3.46594381e-05  2.35800000e+00  2.59923570e-07  2.35800000e+00  7.88663241e-01  2.35800000e+00  7.07489944e-01  2.35800000e+00  1.33326675e-01  2.35800000e+00  7.10888400e-06  2.35800000e+00  8.95705034e-05  2.35800000e+00  5.41251120e-07  2.35800000e+00  8.29908128e-01  2.35800000e+00  7.88384466e-01  2.35800000e+00  9.44962204e-02  2.35800000e+00  5.54687735e-06  2.35800000e+00  9.03397116e-05  2.35800000e+00  3.72334706e-07  2.35800000e+00  8.29908114e-01  2.35800000e+00  7.87735455e-01  2.35800000e+00  9.48549981e-02  2.35800000e+00  5.77809427e-06  2.35800000e+00  9.36078681e-05  2.35800000e+00  2.90279448e-07 
 2.36000000e+00  1.75820861e+00  2.36000000e+00  1.04897154e+00  2.36000000e+00  1.05993753e+00  2.36000000e+00  8.73743918e-02  2.36000000e+00  5.59798105e-06  2.36000000e+00  1.01931409e-04  2.36000000e+00  5.95407983e-07  2.36000000e+00  9.88972051e-01  2.36000000e+00  1.06125154e+00  2.36000000e+00  6.64137383e-02  2.36000000e+00  1.51157091e-06  2.36000000e+00  3.36744266e-05  2.36000000e+00  2.52018688e-07  2.36000000e+00  7.88663241e-01  2.36000000e+00  7.07488492e-01  2.36000000e+00  1.33327646e-01  2.36000000e+00  7.10954720e-06  2.36000000e+00  8.95764027e-05  2.36000000e+00  5.41149764e-07  2.36000000e+00  8.30469529e-01  2.36000000e+00  7.88383958e-01  2.36000000e+00  9.48069941e-02  2.36000000e+00  5.59798278e-06  2.36000000e+00  9.09775683e-05  2.36000000e+00  3.75281605e-07  2.36000000e+00  8.30469514e-01  2.36000000e+00  7.87737788e-01  2.36000000e+00  9.51652273e-02  2.36000000e+00  5.83007790e-06  2.36000000e+00  9.42509142e-05  2.36000000e+00  2.92690573e-07 
 2.36200000e+00  1.76072496e+00  2.36200000e+00  1.04973509e+00  2.36200000e+00  1.06019902e+00  2.36200000e+00  8.76035368e-02  2.36200000e+00  5.64810519e-06  2.36200000e+00  1.02666547e-04  2.36200000e+00  5.99793586e-07  2.36200000e+00  9.87735616e-01  2.36200000e+00  1.06150781e+00  2.36200000e+00  6.60677832e-02  2.36200000e+00  1.46211582e-06  2.36200000e+00  3.27033037e-05  2.36200000e+00  2.44263112e-07  2.36200000e+00  7.88663241e-01  2.36200000e+00  7.07487027e-01  2.36200000e+00  1.33328625e-01  2.36200000e+00  7.11021624e-06  2.36200000e+00  8.95823531e-05  2.36200000e+00  5.41047739e-07  2.36200000e+00  8.31016344e-01  2.36200000e+00  7.88383462e-01  2.36200000e+00  9.51105556e-02  2.36200000e+00  5.64810692e-06  2.36200000e+00  9.16010061e-05  2.36200000e+00  3.78167651e-07  2.36200000e+00  8.31016329e-01  2.36200000e+00  7.87740075e-01  2.36200000e+00  9.54682377e-02  2.36200000e+00  5.88104776e-06  2.36200000e+00  9.48792286e-05  2.36200000e+00  2.95055388e-07 
 2.36400000e+00  1.76319064e+00  2.36400000e+00  1.05048776e+00  2.36400000e+00  1.06046268e+00  2.36400000e+00  8.78276768e-02  2.36400000e+00  5.69723709e-06  2.36400000e+00  1.03385364e-04  2.36400000e+00  6.04087663e-07  2.36400000e+00  9.86488296e-01  2.36400000e+00  1.06176638e+00  2.36400000e+00  6.57260508e-02  2.36400000e+00  1.41365872e-06  2.36400000e+00  3.17464733e-05  2.36400000e+00  2.36657189e-07  2.36400000e+00  7.88663240e-01  2.36400000e+00  7.07485549e-01  2.36400000e+00  1.33329614e-01  2.36400000e+00  7.11089104e-06  2.36400000e+00  8.95883538e-05  2.36400000e+00  5.40945061e-07  2.36400000e+00  8.31548739e-01  2.36400000e+00  7.88382980e-01  2.36400000e+00  9.54069259e-02  2.36400000e+00  5.69723883e-06  2.36400000e+00  9.22100332e-05  2.36400000e+00  3.80992503e-07  2.36400000e+00  8.31548724e-01  2.36400000e+00  7.87742316e-01  2.36400000e+00  9.57640518e-02  2.36400000e+00  5.93099369e-06  2.36400000e+00  9.54928333e-05  2.36400000e+00  2.97373434e-07 
 2.36600000e+00  1.76560520e+00  2.36600000e+00  1.05122967e+00  2.36600000e+00  1.06072850e+00  2.36600000e+00  8.80468203e-02  2.36600000e+00  5.74536730e-06  2.36600000e+00  1.04087844e-04  2.36600000e+00  6.08290063e-07  2.36600000e+00  9.85230226e-01  2.36600000e+00  1.06202722e+00  2.36600000e+00  6.53887104e-02  2.36600000e+00  1.36620902e-06  2.36600000e+00  3.08043168e-05  2.36600000e+00  2.29201206e-07  2.36600000e+00  7.88663240e-01  2.36600000e+00  7.07484058e-01  2.36600000e+00  1.33330610e-01  2.36600000e+00  7.11157152e-06  2.36600000e+00  8.95944042e-05  2.36600000e+00  5.40841747e-07  2.36600000e+00  8.32066884e-01  2.36600000e+00  7.88382511e-01  2.36600000e+00  9.56961325e-02  2.36600000e+00  5.74536902e-06  2.36600000e+00  9.28046727e-05  2.36600000e+00  3.83755899e-07  2.36600000e+00  8.32066869e-01  2.36600000e+00  7.87744511e-01  2.36600000e+00  9.60526985e-02  2.36600000e+00  5.97990702e-06  2.36600000e+00  9.60917644e-05  2.36600000e+00  2.99644310e-07 
 2.36800000e+00  1.76796827e+00  2.36800000e+00  1.05196098e+00  2.36800000e+00  1.06099644e+00  2.36800000e+00  8.82609808e-02  2.36800000e+00  5.79248779e-06  2.36800000e+00  1.04773986e-04  2.36800000e+00  6.12400739e-07  2.36800000e+00  9.83961545e-01  2.36800000e+00  1.06229030e+00  2.36800000e+00  6.50559255e-02  2.36800000e+00  1.31977464e-06  2.36800000e+00  2.98771921e-05  2.36800000e+00  2.21895381e-07  2.36800000e+00  7.88663240e-01  2.36800000e+00  7.07482555e-01  2.36800000e+00  1.33331616e-01  2.36800000e+00  7.11225762e-06  2.36800000e+00  8.96005036e-05  2.36800000e+00  5.40737814e-07  2.36800000e+00  8.32570957e-01  2.36800000e+00  7.88382054e-01  2.36800000e+00  9.59782093e-02  2.36800000e+00  5.79248951e-06  2.36800000e+00  9.33849632e-05  2.36800000e+00  3.86457655e-07  2.36800000e+00  8.32570942e-01  2.36800000e+00  7.87746659e-01  2.36800000e+00  9.63342130e-02  2.36800000e+00  6.02778059e-06  2.36800000e+00  9.66760738e-05  2.36800000e+00  3.01867681e-07 
 2.37000000e+00  1.77027954e+00  2.37000000e+00  1.05268182e+00  2.37000000e+00  1.06126646e+00  2.37000000e+00  8.84701767e-02  2.37000000e+00  5.83859200e-06  2.37000000e+00  1.05443811e-04  2.37000000e+00  6.16419745e-07  2.37000000e+00  9.82682394e-01  2.37000000e+00  1.06255558e+00  2.37000000e+00  6.47278532e-02  2.37000000e+00  1.27436207e-06  2.37000000e+00  2.89654328e-05  2.37000000e+00  2.14739859e-07  2.37000000e+00  7.88663240e-01  2.37000000e+00  7.07481039e-01  2.37000000e+00  1.33332629e-01  2.37000000e+00  7.11294924e-06  2.37000000e+00  8.96066513e-05  2.37000000e+00  5.40633278e-07  2.37000000e+00  8.33061139e-01  2.37000000e+00  7.88381610e-01  2.37000000e+00  9.62531961e-02  2.37000000e+00  5.83859371e-06  2.37000000e+00  9.39509569e-05  2.37000000e+00  3.89097660e-07  2.37000000e+00  8.33061124e-01  2.37000000e+00  7.87748760e-01  2.37000000e+00  9.66086362e-02  2.37000000e+00  6.07460862e-06  2.37000000e+00  9.72458263e-05  2.37000000e+00  3.04043270e-07 
 2.37200000e+00  1.77253877e+00  2.37200000e+00  1.05339233e+00  2.37200000e+00  1.06153853e+00  2.37200000e+00  8.86744311e-02  2.37200000e+00  5.88367482e-06  2.37200000e+00  1.06097355e-04  2.37200000e+00  6.20347238e-07  2.37200000e+00  9.81392920e-01  2.37200000e+00  1.06282305e+00  2.37200000e+00  6.44046437e-02  2.37200000e+00  1.22997632e-06  2.37200000e+00  2.80693482e-05  2.37200000e+00  2.07734710e-07  2.37200000e+00  7.88663239e-01  2.37200000e+00  7.07479512e-01  2.37200000e+00  1.33333651e-01  2.37200000e+00  7.11364631e-06  2.37200000e+00  8.96128465e-05  2.37200000e+00  5.40528158e-07  2.37200000e+00  8.33537616e-01  2.37200000e+00  7.88381179e-01  2.37200000e+00  9.65211390e-02  2.37200000e+00  5.88367654e-06  2.37200000e+00  9.45027208e-05  2.37200000e+00  3.91675879e-07  2.37200000e+00  8.33537601e-01  2.37200000e+00  7.87750814e-01  2.37200000e+00  9.68760153e-02  2.37200000e+00  6.12038684e-06  2.37200000e+00  9.78011014e-05  2.37200000e+00  3.06170866e-07 
 2.37400000e+00  1.77474581e+00  2.37400000e+00  1.05409267e+00  2.37400000e+00  1.06181263e+00  2.37400000e+00  8.88737717e-02  2.37400000e+00  5.92773257e-06  2.37400000e+00  1.06734673e-04  2.37400000e+00  6.24183469e-07  2.37400000e+00  9.80093270e-01  2.37400000e+00  1.06309265e+00  2.37400000e+00  6.40864403e-02  2.37400000e+00  1.18662103e-06  2.37400000e+00  2.71892228e-05  2.37400000e+00  2.00879922e-07  2.37400000e+00  7.88663239e-01  2.37400000e+00  7.07477972e-01  2.37400000e+00  1.33334681e-01  2.37400000e+00  7.11434874e-06  2.37400000e+00  8.96190884e-05  2.37400000e+00  5.40422470e-07  2.37400000e+00  8.34000582e-01  2.37400000e+00  7.88380759e-01  2.37400000e+00  9.67820897e-02  2.37400000e+00  5.92773428e-06  2.37400000e+00  9.50403351e-05  2.37400000e+00  3.94192351e-07  2.37400000e+00  8.34000567e-01  2.37400000e+00  7.87752820e-01  2.37400000e+00  9.71364033e-02  2.37400000e+00  6.16511239e-06  2.37400000e+00  9.83419917e-05  2.37400000e+00  3.08250317e-07 
 2.37600000e+00  1.77690056e+00  2.37600000e+00  1.05478299e+00  2.37600000e+00  1.06208871e+00  2.37600000e+00  8.90682309e-02  2.37600000e+00  5.97076294e-06  2.37600000e+00  1.07355836e-04  2.37600000e+00  6.27928789e-07  2.37600000e+00  9.78783598e-01  2.37600000e+00  1.06336437e+00  2.37600000e+00  6.37733789e-02  2.37600000e+00  1.14429838e-06  2.37600000e+00  2.63253155e-05  2.37600000e+00  1.94175395e-07  2.37600000e+00  7.88663239e-01  2.37600000e+00  7.07476420e-01  2.37600000e+00  1.33335718e-01  2.37600000e+00  7.11505645e-06  2.37600000e+00  8.96253763e-05  2.37600000e+00  5.40316232e-07  2.37600000e+00  8.34450234e-01  2.37600000e+00  7.88380352e-01  2.37600000e+00  9.70361054e-02  2.37600000e+00  5.97076465e-06  2.37600000e+00  9.55638936e-05  2.37600000e+00  3.96647185e-07  2.37600000e+00  8.34450219e-01  2.37600000e+00  7.87754778e-01  2.37600000e+00  9.73898584e-02  2.37600000e+00  6.20878381e-06  2.37600000e+00  9.88686026e-05  2.37600000e+00  3.10281531e-07 
 2.37800000e+00  1.77900300e+00  2.37800000e+00  1.05546344e+00  2.37800000e+00  1.06236675e+00  2.37800000e+00  8.92578452e-02  2.37800000e+00  6.01276503e-06  2.37800000e+00  1.07960934e-04  2.37800000e+00  6.31583641e-07  2.37800000e+00  9.77464060e-01  2.37800000e+00  1.06363816e+00  2.37800000e+00  6.34655877e-02  2.37800000e+00  1.10300920e-06  2.37800000e+00  2.54778598e-05  2.37800000e+00  1.87620943e-07  2.37800000e+00  7.88663238e-01  2.37800000e+00  7.07474856e-01  2.37800000e+00  1.33336764e-01  2.37800000e+00  7.11576935e-06  2.37800000e+00  8.96317094e-05  2.37800000e+00  5.40209463e-07  2.37800000e+00  8.34886772e-01  2.37800000e+00  7.88379957e-01  2.37800000e+00  9.72832492e-02  2.37800000e+00  6.01276673e-06  2.37800000e+00  9.60735026e-05  2.37800000e+00  3.99040561e-07  2.37800000e+00  8.34886757e-01  2.37800000e+00  7.87756689e-01  2.37800000e+00  9.76364446e-02  2.37800000e+00  6.25140100e-06  2.37800000e+00  9.93810523e-05  2.37800000e+00  3.12264477e-07 
 2.38000000e+00  1.78105317e+00  2.38000000e+00  1.05613418e+00  2.38000000e+00  1.06264670e+00  2.38000000e+00  8.94426554e-02  2.38000000e+00  6.05373928e-06  2.38000000e+00  1.08550068e-04  2.38000000e+00  6.35148559e-07  2.38000000e+00  9.76134814e-01  2.38000000e+00  1.06391398e+00  2.38000000e+00  6.31631868e-02  2.38000000e+00  1.06275297e-06  2.38000000e+00  2.46470638e-05  2.38000000e+00  1.81216284e-07  2.38000000e+00  7.88663238e-01  2.38000000e+00  7.07473281e-01  2.38000000e+00  1.33337817e-01  2.38000000e+00  7.11648736e-06  2.38000000e+00  8.96380868e-05  2.38000000e+00  5.40102179e-07  2.38000000e+00  8.35310405e-01  2.38000000e+00  7.88379573e-01  2.38000000e+00  9.75235891e-02  2.38000000e+00  6.05374098e-06  2.38000000e+00  9.65692810e-05  2.38000000e+00  4.01372730e-07  2.38000000e+00  8.35310390e-01  2.38000000e+00  7.87758553e-01  2.38000000e+00  9.78762308e-02  2.38000000e+00  6.29296523e-06  2.38000000e+00  9.98794708e-05  2.38000000e+00  3.14199186e-07 
 2.38200000e+00  1.78305118e+00  2.38200000e+00  1.05679538e+00  2.38200000e+00  1.06292854e+00  2.38200000e+00  8.96227064e-02  2.38200000e+00  6.09368746e-06  2.38200000e+00  1.09123361e-04  2.38200000e+00  6.38624165e-07  2.38200000e+00  9.74796021e-01  2.38200000e+00  1.06419181e+00  2.38200000e+00  6.28662884e-02  2.38200000e+00  1.02352783e-06  2.38200000e+00  2.38331093e-05  2.38200000e+00  1.74961042e-07  2.38200000e+00  7.88663238e-01  2.38200000e+00  7.07471695e-01  2.38200000e+00  1.33338878e-01  2.38200000e+00  7.11721038e-06  2.38200000e+00  8.96445078e-05  2.38200000e+00  5.39994399e-07  2.38200000e+00  8.35721341e-01  2.38200000e+00  7.88379201e-01  2.38200000e+00  9.77571984e-02  2.38200000e+00  6.09368916e-06  2.38200000e+00  9.70513596e-05  2.38200000e+00  4.03644006e-07  2.38200000e+00  8.35721326e-01  2.38200000e+00  7.87760369e-01  2.38200000e+00  9.81092911e-02  2.38200000e+00  6.33347908e-06  2.38200000e+00  1.00364000e-04  2.38200000e+00  3.16085742e-07 
 2.38400000e+00  1.78499722e+00  2.38400000e+00  1.05744720e+00  2.38400000e+00  1.06321222e+00  2.38400000e+00  8.97980469e-02  2.38400000e+00  6.13261259e-06  2.38400000e+00  1.09680944e-04  2.38400000e+00  6.42011166e-07  2.38400000e+00  9.73447846e-01  2.38400000e+00  1.06447161e+00  2.38400000e+00  6.25749958e-02  2.38400000e+00  9.85330654e-07  2.38400000e+00  2.30361529e-05  2.38400000e+00  1.68854744e-07  2.38400000e+00  7.88663238e-01  2.38400000e+00  7.07470098e-01  2.38400000e+00  1.33339946e-01  2.38400000e+00  7.11793831e-06  2.38400000e+00  8.96509715e-05  2.38400000e+00  5.39886142e-07  2.38400000e+00  8.36119797e-01  2.38400000e+00  7.88378840e-01  2.38400000e+00  9.79841549e-02  2.38400000e+00  6.13261429e-06  2.38400000e+00  9.75198800e-05  2.38400000e+00  4.05854768e-07  2.38400000e+00  8.36119782e-01  2.38400000e+00  7.87762138e-01  2.38400000e+00  9.83357042e-02  2.38400000e+00  6.37294639e-06  2.38400000e+00  1.00834792e-04  2.38400000e+00  3.17924290e-07 
 2.38600000e+00  1.78689151e+00  2.38600000e+00  1.05808980e+00  2.38600000e+00  1.06349771e+00  2.38600000e+00  8.99687294e-02  2.38600000e+00  6.17051899e-06  2.38600000e+00  1.10222968e-04  2.38600000e+00  6.45310353e-07  2.38600000e+00  9.72090455e-01  2.38600000e+00  1.06475333e+00  2.38600000e+00  6.22894041e-02  2.38600000e+00  9.48157044e-07  2.38600000e+00  2.22563252e-05  2.38600000e+00  1.62896814e-07  2.38600000e+00  7.88663237e-01  2.38600000e+00  7.07468489e-01  2.38600000e+00  1.33341022e-01  2.38600000e+00  7.11867108e-06  2.38600000e+00  8.96574771e-05  2.38600000e+00  5.39777424e-07  2.38600000e+00  8.36505990e-01  2.38600000e+00  7.88378490e-01  2.38600000e+00  9.82045414e-02  2.38600000e+00  6.17052068e-06  2.38600000e+00  9.79749954e-05  2.38600000e+00  4.08005460e-07  2.38600000e+00  8.36505975e-01  2.38600000e+00  7.87763860e-01  2.38600000e+00  9.85555536e-02  2.38600000e+00  6.41137225e-06  2.38600000e+00  1.01292009e-04  2.38600000e+00  3.19715030e-07 
 2.38800000e+00  1.78873436e+00  2.38800000e+00  1.05872335e+00  2.38800000e+00  1.06378498e+00  2.38800000e+00  9.01348099e-02  2.38800000e+00  6.20741214e-06  2.38800000e+00  1.10749594e-04  2.38800000e+00  6.48522592e-07  2.38800000e+00  9.70724017e-01  2.38800000e+00  1.06503694e+00  2.38800000e+00  6.20095992e-02  2.38800000e+00  9.12001410e-07  2.38800000e+00  2.14937313e-05  2.38800000e+00  1.57086576e-07  2.38800000e+00  7.88663237e-01  2.38800000e+00  7.07466870e-01  2.38800000e+00  1.33342104e-01  2.38800000e+00  7.11940858e-06  2.38800000e+00  8.96640237e-05  2.38800000e+00  5.39668266e-07  2.38800000e+00  8.36880142e-01  2.38800000e+00  7.88378151e-01  2.38800000e+00  9.84184449e-02  2.38800000e+00  6.20741383e-06  2.38800000e+00  9.84168687e-05  2.38800000e+00  4.10096582e-07  2.38800000e+00  8.36880127e-01  2.38800000e+00  7.87765535e-01  2.38800000e+00  9.87689270e-02  2.38800000e+00  6.44876295e-06  2.38800000e+00  1.01735826e-04  2.38800000e+00  3.21458213e-07 
 2.39000000e+00  1.79052611e+00  2.39000000e+00  1.05934803e+00  2.39000000e+00  1.06407398e+00  2.39000000e+00  9.02963477e-02  2.39000000e+00  6.24329871e-06  2.39000000e+00  1.11260998e-04  2.39000000e+00  6.51648828e-07  2.39000000e+00  9.69348704e-01  2.39000000e+00  1.06532241e+00  2.39000000e+00  6.17356582e-02  2.39000000e+00  8.76856993e-07  2.39000000e+00  2.07484512e-05  2.39000000e+00  1.51423249e-07  2.39000000e+00  7.88663237e-01  2.39000000e+00  7.07465241e-01  2.39000000e+00  1.33343194e-01  2.39000000e+00  7.12015072e-06  2.39000000e+00  8.96706105e-05  2.39000000e+00  5.39558683e-07  2.39000000e+00  8.37242479e-01  2.39000000e+00  7.88377823e-01  2.39000000e+00  9.86259566e-02  2.39000000e+00  6.24330040e-06  2.39000000e+00  9.88456730e-05  2.39000000e+00  4.12128696e-07  2.39000000e+00  8.37242464e-01  2.39000000e+00  7.87767164e-01  2.39000000e+00  9.89759161e-02  2.39000000e+00  6.48512593e-06  2.39000000e+00  1.02166425e-04  2.39000000e+00  3.23154146e-07 
 2.39200000e+00  1.79226719e+00  2.39200000e+00  1.05996400e+00  2.39200000e+00  1.06436467e+00  2.39200000e+00  9.04534053e-02  2.39200000e+00  6.27818650e-06  2.39200000e+00  1.11757367e-04  2.39200000e+00  6.54690076e-07  2.39200000e+00  9.67964688e-01  2.39200000e+00  1.06560968e+00  2.39200000e+00  6.14676491e-02  2.39200000e+00  8.42715915e-07  2.39200000e+00  2.00205401e-05  2.39200000e+00  1.45905950e-07  2.39200000e+00  7.88663236e-01  2.39200000e+00  7.07463601e-01  2.39200000e+00  1.33344291e-01  2.39200000e+00  7.12089741e-06  2.39200000e+00  8.96772366e-05  2.39200000e+00  5.39448696e-07  2.39200000e+00  8.37593228e-01  2.39200000e+00  7.88377506e-01  2.39200000e+00  9.88271719e-02  2.39200000e+00  6.27818820e-06  2.39200000e+00  9.92615905e-05  2.39200000e+00  4.14102416e-07  2.39200000e+00  8.37593213e-01  2.39200000e+00  7.87768747e-01  2.39200000e+00  9.91766169e-02  2.39200000e+00  6.52046976e-06  2.39200000e+00  1.02583996e-04  2.39200000e+00  3.24803187e-07 
 2.39400000e+00  1.79395806e+00  2.39400000e+00  1.06057145e+00  2.39400000e+00  1.06465703e+00  2.39400000e+00  9.06060483e-02  2.39400000e+00  6.31208434e-06  2.39400000e+00  1.12238901e-04  2.39400000e+00  6.57647417e-07  2.39400000e+00  9.66572144e-01  2.39400000e+00  1.06589873e+00  2.39400000e+00  6.12056305e-02  2.39400000e+00  8.09569225e-07  2.39400000e+00  1.93100284e-05  2.39400000e+00  1.40533690e-07  2.39400000e+00  7.88663236e-01  2.39400000e+00  7.07461951e-01  2.39400000e+00  1.33345394e-01  2.39400000e+00  7.12164854e-06  2.39400000e+00  8.96839012e-05  2.39400000e+00  5.39338322e-07  2.39400000e+00  8.37932621e-01  2.39400000e+00  7.88377198e-01  2.39400000e+00  9.90221892e-02  2.39400000e+00  6.31208603e-06  2.39400000e+00  9.96648113e-05  2.39400000e+00  4.16018406e-07  2.39400000e+00  8.37932606e-01  2.39400000e+00  7.87770283e-01  2.39400000e+00  9.93711284e-02  2.39400000e+00  6.55480399e-06  2.39400000e+00  1.02988739e-04  2.39400000e+00  3.26405737e-07 
 2.39600000e+00  1.79559923e+00  2.39600000e+00  1.06117055e+00  2.39600000e+00  1.06495100e+00  2.39600000e+00  9.07543448e-02  2.39600000e+00  6.34500212e-06  2.39600000e+00  1.12705810e-04  2.39600000e+00  6.60521999e-07  2.39600000e+00  9.65171247e-01  2.39600000e+00  1.06618952e+00  2.39600000e+00  6.09496522e-02  2.39600000e+00  7.77406951e-07  2.39600000e+00  1.86169230e-05  2.39600000e+00  1.35305379e-07  2.39600000e+00  7.88663236e-01  2.39600000e+00  7.07460291e-01  2.39600000e+00  1.33346504e-01  2.39600000e+00  7.12240402e-06  2.39600000e+00  8.96906033e-05  2.39600000e+00  5.39227580e-07  2.39600000e+00  8.38260890e-01  2.39600000e+00  7.88376901e-01  2.39600000e+00  9.92111108e-02  2.39600000e+00  6.34500380e-06  2.39600000e+00  1.00055535e-04  2.39600000e+00  4.17877385e-07  2.39600000e+00  8.38260875e-01  2.39600000e+00  7.87771775e-01  2.39600000e+00  9.95595533e-02  2.39600000e+00  6.58813926e-06  2.39600000e+00  1.03380862e-04  2.39600000e+00  3.27962251e-07 
 2.39800000e+00  1.79719126e+00  2.39800000e+00  1.06176147e+00  2.39800000e+00  1.06524656e+00  2.39800000e+00  9.08983659e-02  2.39800000e+00  6.37695068e-06  2.39800000e+00  1.13158315e-04  2.39800000e+00  6.63315030e-07  2.39800000e+00  9.63762176e-01  2.39800000e+00  1.06648200e+00  2.39800000e+00  6.06997543e-02  2.39800000e+00  7.46218153e-07  2.39800000e+00  1.79412070e-05  2.39800000e+00  1.30219820e-07  2.39800000e+00  7.88663235e-01  2.39800000e+00  7.07458621e-01  2.39800000e+00  1.33347621e-01  2.39800000e+00  7.12316376e-06  2.39800000e+00  8.96973420e-05  2.39800000e+00  5.39116487e-07  2.39800000e+00  8.38578271e-01  2.39800000e+00  7.88376614e-01  2.39800000e+00  9.93940422e-02  2.39800000e+00  6.37695235e-06  2.39800000e+00  1.00433967e-04  2.39800000e+00  4.19680115e-07  2.39800000e+00  8.38578255e-01  2.39800000e+00  7.87773222e-01  2.39800000e+00  9.97419974e-02  2.39800000e+00  6.62048713e-06  2.39800000e+00  1.03760577e-04  2.39800000e+00  3.29473223e-07 
 2.40000000e+00  1.79873478e+00  2.40000000e+00  1.06234439e+00  2.40000000e+00  1.06554366e+00  2.40000000e+00  9.10381847e-02  2.40000000e+00  6.40794177e-06  2.40000000e+00  1.13596644e-04  2.40000000e+00  6.66027772e-07  2.40000000e+00  9.62345108e-01  2.40000000e+00  1.06677613e+00  2.40000000e+00  6.04559679e-02  2.40000000e+00  7.15990972e-07  2.40000000e+00  1.72828409e-05  2.40000000e+00  1.25275718e-07  2.40000000e+00  7.88663235e-01  2.40000000e+00  7.07456942e-01  2.40000000e+00  1.33348743e-01  2.40000000e+00  7.12392765e-06  2.40000000e+00  8.97041165e-05  2.40000000e+00  5.39005061e-07  2.40000000e+00  8.38885000e-01  2.40000000e+00  7.88376336e-01  2.40000000e+00  9.95710915e-02  2.40000000e+00  6.40794344e-06  2.40000000e+00  1.00800320e-04  2.40000000e+00  4.21427402e-07  2.40000000e+00  8.38884984e-01  2.40000000e+00  7.87774625e-01  2.40000000e+00  9.99185694e-02  2.40000000e+00  6.65186006e-06  2.40000000e+00  1.04128108e-04  2.40000000e+00  3.30939192e-07 
 2.40200000e+00  1.80023041e+00  2.40200000e+00  1.06291950e+00  2.40200000e+00  1.06584227e+00  2.40200000e+00  9.11738768e-02  2.40200000e+00  6.43798802e-06  2.40200000e+00  1.14021038e-04  2.40200000e+00  6.68661540e-07  2.40200000e+00  9.60920222e-01  2.40200000e+00  1.06707188e+00  2.40200000e+00  6.02183150e-02  2.40200000e+00  6.86712687e-07  2.40200000e+00  1.66417632e-05  2.40200000e+00  1.20471673e-07  2.40200000e+00  7.88663235e-01  2.40200000e+00  7.07455254e-01  2.40200000e+00  1.33349872e-01  2.40200000e+00  7.12469559e-06  2.40200000e+00  8.97109260e-05  2.40200000e+00  5.38893322e-07  2.40200000e+00  8.39181315e-01  2.40200000e+00  7.88376067e-01  2.40200000e+00  9.97423697e-02  2.40200000e+00  6.43798969e-06  2.40200000e+00  1.01154815e-04  2.40200000e+00  4.23120094e-07  2.40200000e+00  8.39181300e-01  2.40200000e+00  7.87775985e-01  2.40200000e+00  1.00089380e-01  2.40200000e+00  6.68227136e-06  2.40200000e+00  1.04483678e-04  2.40200000e+00  3.32360737e-07 
 2.40400000e+00  1.80167887e+00  2.40400000e+00  1.06348697e+00  2.40400000e+00  1.06614234e+00  2.40400000e+00  9.13055196e-02  2.40400000e+00  6.46710286e-06  2.40400000e+00  1.14431743e-04  2.40400000e+00  6.71217699e-07  2.40400000e+00  9.59487699e-01  2.40400000e+00  1.06736919e+00  2.40400000e+00  5.99868082e-02  2.40400000e+00  6.58369771e-07  2.40400000e+00  1.60178909e-05  2.40400000e+00  1.15806191e-07  2.40400000e+00  7.88663234e-01  2.40400000e+00  7.07453557e-01  2.40400000e+00  1.33351008e-01  2.40400000e+00  7.12546749e-06  2.40400000e+00  8.97177694e-05  2.40400000e+00  5.38781286e-07  2.40400000e+00  8.39467456e-01  2.40400000e+00  7.88375808e-01  2.40400000e+00  9.99079900e-02  2.40400000e+00  6.46710453e-06  2.40400000e+00  1.01497675e-04  2.40400000e+00  4.24759077e-07  2.40400000e+00  8.39467441e-01  2.40400000e+00  7.87777302e-01  2.40400000e+00  1.00254544e-01  2.40400000e+00  6.71173511e-06  2.40400000e+00  1.04827522e-04  2.40400000e+00  3.33738473e-07 
 2.40600000e+00  1.80308088e+00  2.40600000e+00  1.06404698e+00  2.40600000e+00  1.06644384e+00  2.40600000e+00  9.14331923e-02  2.40600000e+00  6.49530047e-06  2.40600000e+00  1.14829013e-04  2.40600000e+00  6.73697657e-07  2.40600000e+00  9.58047717e-01  2.40600000e+00  1.06766804e+00  2.40600000e+00  5.97614515e-02  2.40600000e+00  6.30947943e-07  2.40600000e+00  1.54111206e-05  2.40600000e+00  1.11277681e-07  2.40600000e+00  7.88663234e-01  2.40600000e+00  7.07451851e-01  2.40600000e+00  1.33352149e-01  2.40600000e+00  7.12624325e-06  2.40600000e+00  8.97246459e-05  2.40600000e+00  5.38668971e-07  2.40600000e+00  8.39743664e-01  2.40600000e+00  7.88375558e-01  2.40600000e+00  1.00068068e-01  2.40600000e+00  6.49530214e-06  2.40600000e+00  1.01829132e-04  2.40600000e+00  4.26345270e-07  2.40600000e+00  8.39743648e-01  2.40600000e+00  7.87778576e-01  2.40600000e+00  1.00414175e-01  2.40600000e+00  6.74026616e-06  2.40600000e+00  1.05159875e-04  2.40600000e+00  3.35073051e-07 
 2.40800000e+00  1.80443720e+00  2.40800000e+00  1.06459971e+00  2.40800000e+00  1.06674672e+00  2.40800000e+00  9.15569759e-02  2.40800000e+00  6.52259572e-06  2.40800000e+00  1.15213109e-04  2.40800000e+00  6.76102863e-07  2.40800000e+00  9.56600457e-01  2.40800000e+00  1.06796838e+00  2.40800000e+00  5.95422396e-02  2.40800000e+00  6.04432229e-07  2.40800000e+00  1.48213292e-05  2.40800000e+00  1.06884456e-07  2.40800000e+00  7.88663234e-01  2.40800000e+00  7.07450136e-01  2.40800000e+00  1.33353295e-01  2.40800000e+00  7.12702277e-06  2.40800000e+00  8.97315546e-05  2.40800000e+00  5.38556395e-07  2.40800000e+00  8.40010177e-01  2.40800000e+00  7.88375317e-01  2.40800000e+00  1.00222720e-01  2.40800000e+00  6.52259740e-06  2.40800000e+00  1.02149420e-04  2.40800000e+00  4.27879627e-07  2.40800000e+00  8.40010162e-01  2.40800000e+00  7.87779809e-01  2.40800000e+00  1.00568393e-01  2.40800000e+00  6.76788002e-06  2.40800000e+00  1.05480979e-04  2.40800000e+00  3.36365156e-07 
 2.41000000e+00  1.80574863e+00  2.41000000e+00  1.06514535e+00  2.41000000e+00  1.06705096e+00  2.41000000e+00  9.16769525e-02  2.41000000e+00  6.54900414e-06  2.41000000e+00  1.15584298e-04  2.41000000e+00  6.78434800e-07  2.41000000e+00  9.55146098e-01  2.41000000e+00  1.06827018e+00  2.41000000e+00  5.93291590e-02  2.41000000e+00  5.78807015e-07  2.41000000e+00  1.42483748e-05  2.41000000e+00  1.02624744e-07  2.41000000e+00  7.88663233e-01  2.41000000e+00  7.07448413e-01  2.41000000e+00  1.33354448e-01  2.41000000e+00  7.12780594e-06  2.41000000e+00  8.97384947e-05  2.41000000e+00  5.38443576e-07  2.41000000e+00  8.40267237e-01  2.41000000e+00  7.88375084e-01  2.41000000e+00  1.00372066e-01  2.41000000e+00  6.54900581e-06  2.41000000e+00  1.02458776e-04  2.41000000e+00  4.29363126e-07  2.41000000e+00  8.40267222e-01  2.41000000e+00  7.87781001e-01  2.41000000e+00  1.00717314e-01  2.41000000e+00  6.79459278e-06  2.41000000e+00  1.05791078e-04  2.41000000e+00  3.37615499e-07 
 2.41200000e+00  1.80701600e+00  2.41200000e+00  1.06568406e+00  2.41200000e+00  1.06735650e+00  2.41200000e+00  9.17932057e-02  2.41200000e+00  6.57454181e-06  2.41200000e+00  1.15942852e-04  2.41200000e+00  6.80694984e-07  2.41200000e+00  9.53684821e-01  2.41200000e+00  1.06857338e+00  2.41200000e+00  5.91221874e-02  2.41200000e+00  5.54056106e-07  2.41200000e+00  1.36920976e-05  2.41200000e+00  9.84966828e-08  2.41200000e+00  7.88663233e-01  2.41200000e+00  7.07446681e-01  2.41200000e+00  1.33355606e-01  2.41200000e+00  7.12859268e-06  2.41200000e+00  8.97454652e-05  2.41200000e+00  5.38330530e-07  2.41200000e+00  8.40515085e-01  2.41200000e+00  7.88374860e-01  2.41200000e+00  1.00516226e-01  2.41200000e+00  6.57454347e-06  2.41200000e+00  1.02757444e-04  2.41200000e+00  4.30796777e-07  2.41200000e+00  8.40515069e-01  2.41200000e+00  7.87782153e-01  2.41200000e+00  1.00861061e-01  2.41200000e+00  6.82042116e-06  2.41200000e+00  1.06090419e-04  2.41200000e+00  3.38824825e-07 
 2.41400000e+00  1.80824014e+00  2.41400000e+00  1.06621604e+00  2.41400000e+00  1.06766332e+00  2.41400000e+00  9.19058199e-02  2.41400000e+00  6.59922536e-06  2.41400000e+00  1.16289048e-04  2.41400000e+00  6.82884962e-07  2.41400000e+00  9.52216804e-01  2.41400000e+00  1.06887795e+00  2.41400000e+00  5.89212945e-02  2.41400000e+00  5.30162778e-07  2.41400000e+00  1.31523210e-05  2.41400000e+00  9.44983307e-08  2.41400000e+00  7.88663233e-01  2.41400000e+00  7.07444942e-01  2.41400000e+00  1.33356769e-01  2.41400000e+00  7.12938288e-06  2.41400000e+00  8.97524652e-05  2.41400000e+00  5.38217275e-07  2.41400000e+00  8.40753959e-01  2.41400000e+00  7.88374643e-01  2.41400000e+00  1.00655321e-01  2.41400000e+00  6.59922703e-06  2.41400000e+00  1.03045669e-04  2.41400000e+00  4.32181609e-07  2.41400000e+00  8.40753944e-01  2.41400000e+00  7.87783266e-01  2.41400000e+00  1.00999754e-01  2.41400000e+00  6.84538236e-06  2.41400000e+00  1.06379253e-04  2.41400000e+00  3.39993900e-07 
 2.41600000e+00  1.80942194e+00  2.41600000e+00  1.06674145e+00  2.41600000e+00  1.06797138e+00  2.41600000e+00  9.20148805e-02  2.41600000e+00  6.62307190e-06  2.41600000e+00  1.16623165e-04  2.41600000e+00  6.85006301e-07  2.41600000e+00  9.50742224e-01  2.41600000e+00  1.06918385e+00  2.41600000e+00  5.87264419e-02  2.41600000e+00  5.07109836e-07  2.41600000e+00  1.26288523e-05  2.41600000e+00  9.06276668e-08  2.41600000e+00  7.88663232e-01  2.41600000e+00  7.07443195e-01  2.41600000e+00  1.33357937e-01  2.41600000e+00  7.13017644e-06  2.41600000e+00  8.97594939e-05  2.41600000e+00  5.38103827e-07  2.41600000e+00  8.40984100e-01  2.41600000e+00  7.88374435e-01  2.41600000e+00  1.00789473e-01  2.41600000e+00  6.62307357e-06  2.41600000e+00  1.03323697e-04  2.41600000e+00  4.33518674e-07  2.41600000e+00  8.40984084e-01  2.41600000e+00  7.87784340e-01  2.41600000e+00  1.01133515e-01  2.41600000e+00  6.86949404e-06  2.41600000e+00  1.06657833e-04  2.41600000e+00  3.41123513e-07 
 2.41800000e+00  1.81056229e+00  2.41800000e+00  1.06726048e+00  2.41800000e+00  1.06828063e+00  2.41800000e+00  9.21204735e-02  2.41800000e+00  6.64609892e-06  2.41800000e+00  1.16945488e-04  2.41800000e+00  6.87060592e-07  2.41800000e+00  9.49261260e-01  2.41800000e+00  1.06949104e+00  2.41800000e+00  5.85375837e-02  2.41800000e+00  4.84879669e-07  2.41800000e+00  1.21214841e-05  2.41800000e+00  8.68825967e-08  2.41800000e+00  7.88663232e-01  2.41800000e+00  7.07441440e-01  2.41800000e+00  1.33359111e-01  2.41800000e+00  7.13097327e-06  2.41800000e+00  8.97665504e-05  2.41800000e+00  5.37990203e-07  2.41800000e+00  8.41205744e-01  2.41800000e+00  7.88374234e-01  2.41800000e+00  1.00918805e-01  2.41800000e+00  6.64610059e-06  2.41800000e+00  1.03591777e-04  2.41800000e+00  4.34809038e-07  2.41800000e+00  8.41205729e-01  2.41800000e+00  7.87785377e-01  2.41800000e+00  1.01262467e-01  2.41800000e+00  6.89277423e-06  2.41800000e+00  1.06926410e-04  2.41800000e+00  3.42214475e-07 
 2.42000000e+00  1.81166211e+00  2.42000000e+00  1.06777331e+00  2.42000000e+00  1.06859103e+00  2.42000000e+00  9.22226854e-02  2.42000000e+00  6.66832432e-06  2.42000000e+00  1.17256302e-04  2.42000000e+00  6.89049439e-07  2.42000000e+00  9.47774088e-01  2.42000000e+00  1.06979948e+00  2.42000000e+00  5.83546664e-02  2.42000000e+00  4.63454303e-07  2.42000000e+00  1.16299946e-05  2.42000000e+00  8.32609575e-08  2.42000000e+00  7.88663232e-01  2.42000000e+00  7.07439678e-01  2.42000000e+00  1.33360289e-01  2.42000000e+00  7.13177328e-06  2.42000000e+00  8.97736338e-05  2.42000000e+00  5.37876420e-07  2.42000000e+00  8.41419130e-01  2.42000000e+00  7.88374041e-01  2.42000000e+00  1.01043439e-01  2.42000000e+00  6.66832598e-06  2.42000000e+00  1.03850159e-04  2.42000000e+00  4.36053784e-07  2.42000000e+00  8.41419114e-01  2.42000000e+00  7.87786376e-01  2.42000000e+00  1.01386733e-01  2.42000000e+00  6.91524134e-06  2.42000000e+00  1.07185241e-04  2.42000000e+00  3.43267613e-07 
 2.42200000e+00  1.81272231e+00  2.42200000e+00  1.06828009e+00  2.42200000e+00  1.06890256e+00  2.42200000e+00  9.23216029e-02  2.42200000e+00  6.68976629e-06  2.42200000e+00  1.17555896e-04  2.42200000e+00  6.90974465e-07  2.42200000e+00  9.46280881e-01  2.42200000e+00  1.07010913e+00  2.42200000e+00  5.81776297e-02  2.42200000e+00  4.42815453e-07  2.42200000e+00  1.11541494e-05  2.42200000e+00  7.97605223e-08  2.42200000e+00  7.88663231e-01  2.42200000e+00  7.07437908e-01  2.42200000e+00  1.33361472e-01  2.42200000e+00  7.13257636e-06  2.42200000e+00  8.97807434e-05  2.42200000e+00  5.37762494e-07  2.42200000e+00  8.41624491e-01  2.42200000e+00  7.88373855e-01  2.42200000e+00  1.01163500e-01  2.42200000e+00  6.68976794e-06  2.42200000e+00  1.04099095e-04  2.42200000e+00  4.37254007e-07  2.42200000e+00  8.41624476e-01  2.42200000e+00  7.87787340e-01  2.42200000e+00  1.01506437e-01  2.42200000e+00  6.93691407e-06  2.42200000e+00  1.07434580e-04  2.42200000e+00  3.44283772e-07 
 2.42400000e+00  1.81374383e+00  2.42400000e+00  1.06878102e+00  2.42400000e+00  1.06921518e+00  2.42400000e+00  9.24173130e-02  2.42400000e+00  6.71044326e-06  2.42400000e+00  1.17844558e-04  2.42400000e+00  6.92837296e-07  2.42400000e+00  9.44781813e-01  2.42400000e+00  1.07041996e+00  2.42400000e+00  5.80064064e-02  2.42400000e+00  4.22944573e-07  2.42400000e+00  1.06937020e-05  2.42400000e+00  7.63790051e-08  2.42400000e+00  7.88663231e-01  2.42400000e+00  7.07436132e-01  2.42400000e+00  1.33362660e-01  2.42400000e+00  7.13338242e-06  2.42400000e+00  8.97878781e-05  2.42400000e+00  5.37648440e-07  2.42400000e+00  8.41822061e-01  2.42400000e+00  7.88373676e-01  2.42400000e+00  1.01279111e-01  2.42400000e+00  6.71044491e-06  2.42400000e+00  1.04338835e-04  2.42400000e+00  4.38410811e-07  2.42400000e+00  8.41822045e-01  2.42400000e+00  7.87788269e-01  2.42400000e+00  1.01621701e-01  2.42400000e+00  6.95781135e-06  2.42400000e+00  1.07674682e-04  2.42400000e+00  3.45263807e-07 
 2.42600000e+00  1.81472763e+00  2.42600000e+00  1.06927626e+00  2.42600000e+00  1.06952884e+00  2.42600000e+00  9.25099025e-02  2.42600000e+00  6.73037390e-06  2.42600000e+00  1.18122578e-04  2.42600000e+00  6.94639568e-07  2.42600000e+00  9.43277055e-01  2.42600000e+00  1.07073191e+00  2.42600000e+00  5.78409231e-02  2.42600000e+00  4.03822907e-07  2.42600000e+00  1.02483951e-05  2.42600000e+00  7.31140664e-08  2.42600000e+00  7.88663231e-01  2.42600000e+00  7.07434349e-01  2.42600000e+00  1.33363853e-01  2.42600000e+00  7.13419136e-06  2.42600000e+00  8.97950373e-05  2.42600000e+00  5.37534273e-07  2.42600000e+00  8.42012070e-01  2.42600000e+00  7.88373504e-01  2.42600000e+00  1.01390394e-01  2.42600000e+00  6.73037556e-06  2.42600000e+00  1.04569631e-04  2.42600000e+00  4.39525306e-07  2.42600000e+00  8.42012055e-01  2.42600000e+00  7.87789163e-01  2.42600000e+00  1.01732649e-01  2.42600000e+00  6.97795230e-06  2.42600000e+00  1.07905803e-04  2.42600000e+00  3.46208586e-07 
 2.42800000e+00  1.81567467e+00  2.42800000e+00  1.06976598e+00  2.42800000e+00  1.06984351e+00  2.42800000e+00  9.25994583e-02  2.42800000e+00  6.74957704e-06  2.42800000e+00  1.18390247e-04  2.42800000e+00  6.96382921e-07  2.42800000e+00  9.41766777e-01  2.42800000e+00  1.07104496e+00  2.42800000e+00  5.76811004e-02  2.42800000e+00  3.85431540e-07  2.42800000e+00  9.81796108e-06  2.42800000e+00  6.99633188e-08  2.42800000e+00  7.88663230e-01  2.42800000e+00  7.07432560e-01  2.42800000e+00  1.33365050e-01  2.42800000e+00  7.13500311e-06  2.42800000e+00  8.98022200e-05  2.42800000e+00  5.37420010e-07  2.42800000e+00  8.42194748e-01  2.42800000e+00  7.88373339e-01  2.42800000e+00  1.01497473e-01  2.42800000e+00  6.74957870e-06  2.42800000e+00  1.04791734e-04  2.42800000e+00  4.40598606e-07  2.42800000e+00  8.42194732e-01  2.42800000e+00  7.87790024e-01  2.42800000e+00  1.01839403e-01  2.42800000e+00  6.99735619e-06  2.42800000e+00  1.08128195e-04  2.42800000e+00  3.47118986e-07 
 2.43000000e+00  1.81658590e+00  2.43000000e+00  1.07025034e+00  2.43000000e+00  1.07015915e+00  2.43000000e+00  9.26860666e-02  2.43000000e+00  6.76807163e-06  2.43000000e+00  1.18647853e-04  2.43000000e+00  6.98068991e-07  2.43000000e+00  9.40251146e-01  2.43000000e+00  1.07135906e+00  2.43000000e+00  5.75268535e-02  2.43000000e+00  3.67751438e-07  2.43000000e+00  9.40212364e-06  2.43000000e+00  6.69243311e-08  2.43000000e+00  7.88663230e-01  2.43000000e+00  7.07430764e-01  2.43000000e+00  1.33366251e-01  2.43000000e+00  7.13581755e-06  2.43000000e+00  8.98094254e-05  2.43000000e+00  5.37305665e-07  2.43000000e+00  8.42370319e-01  2.43000000e+00  7.88373180e-01  2.43000000e+00  1.01600468e-01  2.43000000e+00  6.76807328e-06  2.43000000e+00  1.05005392e-04  2.43000000e+00  4.41631830e-07  2.43000000e+00  8.42370304e-01  2.43000000e+00  7.87790852e-01  2.43000000e+00  1.01942085e-01  2.43000000e+00  7.01604242e-06  2.43000000e+00  1.08342112e-04  2.43000000e+00  3.47995887e-07 
 2.43200000e+00  1.81746229e+00  2.43200000e+00  1.07072952e+00  2.43200000e+00  1.07047574e+00  2.43200000e+00  9.27698135e-02  2.43200000e+00  6.78587667e-06  2.43200000e+00  1.18895686e-04  2.43200000e+00  6.99699414e-07  2.43200000e+00  9.38730326e-01  2.43200000e+00  1.07167418e+00  2.43200000e+00  5.73780921e-02  2.43200000e+00  3.50763495e-07  2.43200000e+00  9.00059830e-06  2.43200000e+00  6.39946352e-08  2.43200000e+00  7.88663230e-01  2.43200000e+00  7.07428962e-01  2.43200000e+00  1.33367456e-01  2.43200000e+00  7.13663461e-06  2.43200000e+00  8.98166528e-05  2.43200000e+00  5.37191252e-07  2.43200000e+00  8.42539008e-01  2.43200000e+00  7.88373027e-01  2.43200000e+00  1.01699501e-01  2.43200000e+00  6.78587832e-06  2.43200000e+00  1.05210854e-04  2.43200000e+00  4.42626092e-07  2.43200000e+00  8.42538992e-01  2.43200000e+00  7.87791649e-01  2.43200000e+00  1.02040816e-01  2.43200000e+00  7.03403038e-06  2.43200000e+00  1.08547804e-04  2.43200000e+00  3.48840178e-07 
 2.43400000e+00  1.81830480e+00  2.43400000e+00  1.07120367e+00  2.43400000e+00  1.07079324e+00  2.43400000e+00  9.28507844e-02  2.43400000e+00  6.80301120e-06  2.43400000e+00  1.19134033e-04  2.43400000e+00  7.01275819e-07  2.43400000e+00  9.37204481e-01  2.43400000e+00  1.07199029e+00  2.43400000e+00  5.72347215e-02  2.43400000e+00  3.34448577e-07  2.43400000e+00  8.61309351e-06  2.43400000e+00  6.11717305e-08  2.43400000e+00  7.88663229e-01  2.43400000e+00  7.07427154e-01  2.43400000e+00  1.33368665e-01  2.43400000e+00  7.13745420e-06  2.43400000e+00  8.98239013e-05  2.43400000e+00  5.37076787e-07  2.43400000e+00  8.42701033e-01  2.43400000e+00  7.88372880e-01  2.43400000e+00  1.01794693e-01  2.43400000e+00  6.80301286e-06  2.43400000e+00  1.05408365e-04  2.43400000e+00  4.43582508e-07  2.43400000e+00  8.42701017e-01  2.43400000e+00  7.87792415e-01  2.43400000e+00  1.02135715e-01  2.43400000e+00  7.05133955e-06  2.43400000e+00  1.08745521e-04  2.43400000e+00  3.49652746e-07 
 2.43600000e+00  1.81911441e+00  2.43600000e+00  1.07167295e+00  2.43600000e+00  1.07111160e+00  2.43600000e+00  9.29290640e-02  2.43600000e+00  6.81949428e-06  2.43600000e+00  1.19363178e-04  2.43600000e+00  7.02799825e-07  2.43600000e+00  9.35673772e-01  2.43600000e+00  1.07230734e+00  2.43600000e+00  5.70966424e-02  2.43600000e+00  3.18787563e-07  2.43600000e+00  8.23931151e-06  2.43600000e+00  5.84530899e-08  2.43600000e+00  7.88663229e-01  2.43600000e+00  7.07425340e-01  2.43600000e+00  1.33369878e-01  2.43600000e+00  7.13827622e-06  2.43600000e+00  8.98311702e-05  2.43600000e+00  5.36962282e-07  2.43600000e+00  8.42856611e-01  2.43600000e+00  7.88372740e-01  2.43600000e+00  1.01886161e-01  2.43600000e+00  6.81949593e-06  2.43600000e+00  1.05598171e-04  2.43600000e+00  4.44502186e-07  2.43600000e+00  8.42856596e-01  2.43600000e+00  7.87793151e-01  2.43600000e+00  1.02226901e-01  2.43600000e+00  7.06798932e-06  2.43600000e+00  1.08935508e-04  2.43600000e+00  3.50434482e-07 
 2.43800000e+00  1.81989208e+00  2.43800000e+00  1.07213753e+00  2.43800000e+00  1.07143081e+00  2.43800000e+00  9.30047360e-02  2.43800000e+00  6.83534488e-06  2.43800000e+00  1.19583405e-04  2.43800000e+00  7.04273042e-07  2.43800000e+00  9.34138355e-01  2.43800000e+00  1.07262530e+00  2.43800000e+00  5.69637515e-02  2.43800000e+00  3.03761379e-07  2.43800000e+00  7.87894926e-06  2.43800000e+00  5.58361647e-08  2.43800000e+00  7.88663229e-01  2.43800000e+00  7.07423521e-01  2.43800000e+00  1.33371094e-01  2.43800000e+00  7.13910060e-06  2.43800000e+00  8.98384587e-05  2.43800000e+00  5.36847752e-07  2.43800000e+00  8.43005956e-01  2.43800000e+00  7.88372604e-01  2.43800000e+00  1.01974024e-01  2.43800000e+00  6.83534652e-06  2.43800000e+00  1.05780512e-04  2.43800000e+00  4.45386230e-07  2.43800000e+00  8.43005941e-01  2.43800000e+00  7.87793857e-01  2.43800000e+00  1.02314492e-01  2.43800000e+00  7.08399906e-06  2.43800000e+00  1.09118011e-04  2.43800000e+00  3.51186274e-07 
 2.44000000e+00  1.82063876e+00  2.44000000e+00  1.07259756e+00  2.44000000e+00  1.07175082e+00  2.44000000e+00  9.30778834e-02  2.44000000e+00  6.85058190e-06  2.44000000e+00  1.19794993e-04  2.44000000e+00  7.05697065e-07  2.44000000e+00  9.32598385e-01  2.44000000e+00  1.07294414e+00  2.44000000e+00  5.68359421e-02  2.44000000e+00  2.89351038e-07  2.44000000e+00  7.53169926e-06  2.44000000e+00  5.33183900e-08  2.44000000e+00  7.88663228e-01  2.44000000e+00  7.07421697e-01  2.44000000e+00  1.33372315e-01  2.44000000e+00  7.13992724e-06  2.44000000e+00  8.98457661e-05  2.44000000e+00  5.36733209e-07  2.44000000e+00  8.43149278e-01  2.44000000e+00  7.88372475e-01  2.44000000e+00  1.02058398e-01  2.44000000e+00  6.85058354e-06  2.44000000e+00  1.05955628e-04  2.44000000e+00  4.46235735e-07  2.44000000e+00  8.43149262e-01  2.44000000e+00  7.87794536e-01  2.44000000e+00  1.02398603e-01  2.44000000e+00  7.09938802e-06  2.44000000e+00  1.09293269e-04  2.44000000e+00  3.51909007e-07 
 2.44200000e+00  1.82135540e+00  2.44200000e+00  1.07305318e+00  2.44200000e+00  1.07207160e+00  2.44200000e+00  9.31485881e-02  2.44200000e+00  6.86522413e-06  2.44200000e+00  1.19998221e-04  2.44200000e+00  7.07073472e-07  2.44200000e+00  9.31054015e-01  2.44200000e+00  1.07326381e+00  2.44200000e+00  5.67131044e-02  2.44200000e+00  2.75537674e-07  2.44200000e+00  7.19725039e-06  2.44200000e+00  5.08971899e-08  2.44200000e+00  7.88663228e-01  2.44200000e+00  7.07419867e-01  2.44200000e+00  1.33373539e-01  2.44200000e+00  7.14075607e-06  2.44200000e+00  8.98530915e-05  2.44200000e+00  5.36618667e-07  2.44200000e+00  8.43286782e-01  2.44200000e+00  7.88372350e-01  2.44200000e+00  1.02139396e-01  2.44200000e+00  6.86522577e-06  2.44200000e+00  1.06123753e-04  2.44200000e+00  4.47051786e-07  2.44200000e+00  8.43286766e-01  2.44200000e+00  7.87795188e-01  2.44200000e+00  1.02479350e-01  2.44200000e+00  7.11417532e-06  2.44200000e+00  1.09461521e-04  2.44200000e+00  3.52603560e-07 
 2.44400000e+00  1.82204296e+00  2.44400000e+00  1.07350456e+00  2.44400000e+00  1.07239313e+00  2.44400000e+00  9.32169308e-02  2.44400000e+00  6.87929021e-06  2.44400000e+00  1.20193361e-04  2.44400000e+00  7.08403824e-07  2.44400000e+00  9.29505393e-01  2.44400000e+00  1.07358430e+00  2.44400000e+00  5.65951256e-02  2.44400000e+00  2.62302571e-07  2.44400000e+00  6.87528874e-06  2.44400000e+00  4.85699828e-08  2.44400000e+00  7.88663228e-01  2.44400000e+00  7.07418032e-01  2.44400000e+00  1.33374766e-01  2.44400000e+00  7.14158701e-06  2.44400000e+00  8.98604343e-05  2.44400000e+00  5.36504139e-07  2.44400000e+00  8.43418670e-01  2.44400000e+00  7.88372231e-01  2.44400000e+00  1.02217133e-01  2.44400000e+00  6.87929186e-06  2.44400000e+00  1.06285122e-04  2.44400000e+00  4.47835457e-07  2.44400000e+00  8.43418654e-01  2.44400000e+00  7.87795813e-01  2.44400000e+00  1.02556844e-01  2.44400000e+00  7.12837993e-06  2.44400000e+00  1.09623002e-04  2.44400000e+00  3.53270809e-07 
 2.44600000e+00  1.82270236e+00  2.44600000e+00  1.07395183e+00  2.44600000e+00  1.07271537e+00  2.44600000e+00  9.32829910e-02  2.44600000e+00  6.89279858e-06  2.44600000e+00  1.20380683e-04  2.44600000e+00  7.09689662e-07  2.44600000e+00  9.27952667e-01  2.44600000e+00  1.07390556e+00  2.44600000e+00  5.64818908e-02  2.44600000e+00  2.49627197e-07  2.44600000e+00  6.56549831e-06  2.44600000e+00  4.63341857e-08  2.44600000e+00  7.88663227e-01  2.44600000e+00  7.07416192e-01  2.44600000e+00  1.33375996e-01  2.44600000e+00  7.14241996e-06  2.44600000e+00  8.98677938e-05  2.44600000e+00  5.36389636e-07  2.44600000e+00  8.43545140e-01  2.44600000e+00  7.88372116e-01  2.44600000e+00  1.02291719e-01  2.44600000e+00  6.89280021e-06  2.44600000e+00  1.06439961e-04  2.44600000e+00  4.48587808e-07  2.44600000e+00  8.43545125e-01  2.44600000e+00  7.87796412e-01  2.44600000e+00  1.02631197e-01  2.44600000e+00  7.14202058e-06  2.44600000e+00  1.09777940e-04  2.44600000e+00  3.53911618e-07 
 2.44800000e+00  1.82333453e+00  2.44800000e+00  1.07439514e+00  2.44800000e+00  1.07303828e+00  2.44800000e+00  9.33468469e-02  2.44800000e+00  6.90576750e-06  2.44800000e+00  1.20560453e-04  2.44800000e+00  7.10932506e-07  2.44800000e+00  9.26395978e-01  2.44800000e+00  1.07422756e+00  2.44800000e+00  5.63732830e-02  2.44800000e+00  2.37493229e-07  2.44800000e+00  6.26756181e-06  2.44800000e+00  4.41872195e-08  2.44800000e+00  7.88663227e-01  2.44800000e+00  7.07414348e-01  2.44800000e+00  1.33377230e-01  2.44800000e+00  7.14325487e-06  2.44800000e+00  8.98751693e-05  2.44800000e+00  5.36275170e-07  2.44800000e+00  8.43666387e-01  2.44800000e+00  7.88372006e-01  2.44800000e+00  1.02363264e-01  2.44800000e+00  6.90576913e-06  2.44800000e+00  1.06588497e-04  2.44800000e+00  4.49309886e-07  2.44800000e+00  8.43666371e-01  2.44800000e+00  7.87796987e-01  2.44800000e+00  1.02702516e-01  2.44800000e+00  7.15511585e-06  2.44800000e+00  1.09926563e-04  2.44800000e+00  3.54526845e-07 
 2.45000000e+00  1.82394037e+00  2.45000000e+00  1.07483462e+00  2.45000000e+00  1.07336185e+00  2.45000000e+00  9.34085755e-02  2.45000000e+00  6.91821497e-06  2.45000000e+00  1.20732932e-04  2.45000000e+00  7.12133849e-07  2.45000000e+00  9.24835467e-01  2.45000000e+00  1.07455027e+00  2.45000000e+00  5.62691836e-02  2.45000000e+00  2.25882577e-07  2.45000000e+00  5.98116129e-06  2.45000000e+00  4.21265131e-08  2.45000000e+00  7.88663227e-01  2.45000000e+00  7.07412499e-01  2.45000000e+00  1.33378466e-01  2.45000000e+00  7.14409165e-06  2.45000000e+00  8.98825601e-05  2.45000000e+00  5.36160752e-07  2.45000000e+00  8.43782600e-01  2.45000000e+00  7.88371901e-01  2.45000000e+00  1.02431873e-01  2.45000000e+00  6.91821660e-06  2.45000000e+00  1.06730950e-04  2.45000000e+00  4.50002721e-07  2.45000000e+00  8.43782585e-01  2.45000000e+00  7.87797537e-01  2.45000000e+00  1.02770910e-01  2.45000000e+00  7.16768401e-06  2.45000000e+00  1.10069093e-04  2.45000000e+00  3.55117338e-07 
 2.45200000e+00  1.82452080e+00  2.45200000e+00  1.07527043e+00  2.45200000e+00  1.07368605e+00  2.45200000e+00  9.34682521e-02  2.45200000e+00  6.93015875e-06  2.45200000e+00  1.20898376e-04  2.45200000e+00  7.13295164e-07  2.45200000e+00  9.23271271e-01  2.45200000e+00  1.07487366e+00  2.45200000e+00  5.61694727e-02  2.45200000e+00  2.14777414e-07  2.45200000e+00  5.70597886e-06  2.45200000e+00  4.01495083e-08  2.45200000e+00  7.88663226e-01  2.45200000e+00  7.07410645e-01  2.45200000e+00  1.33379706e-01  2.45200000e+00  7.14493022e-06  2.45200000e+00  8.98899656e-05  2.45200000e+00  5.36046395e-07  2.45200000e+00  8.43893965e-01  2.45200000e+00  7.88371800e-01  2.45200000e+00  1.02497654e-01  2.45200000e+00  6.93016039e-06  2.45200000e+00  1.06867537e-04  2.45200000e+00  4.50667328e-07  2.45200000e+00  8.43893949e-01  2.45200000e+00  7.87798065e-01  2.45200000e+00  1.02836483e-01  2.45200000e+00  7.17974310e-06  2.45200000e+00  1.10205748e-04  2.45200000e+00  3.55683932e-07 
 2.45400000e+00  1.82507669e+00  2.45400000e+00  1.07570267e+00  2.45400000e+00  1.07401083e+00  2.45400000e+00  9.35259507e-02  2.45400000e+00  6.94161632e-06  2.45400000e+00  1.21057038e-04  2.45400000e+00  7.14417893e-07  2.45400000e+00  9.21703524e-01  2.45400000e+00  1.07519770e+00  2.45400000e+00  5.60740297e-02  2.45400000e+00  2.04160188e-07  2.45400000e+00  5.44169725e-06  2.45400000e+00  3.82536633e-08  2.45400000e+00  7.88663226e-01  2.45400000e+00  7.07408788e-01  2.45400000e+00  1.33380948e-01  2.45400000e+00  7.14577052e-06  2.45400000e+00  8.98973850e-05  2.45400000e+00  5.35932109e-07  2.45400000e+00  8.44000662e-01  2.45400000e+00  7.88371704e-01  2.45400000e+00  1.02560707e-01  2.45400000e+00  6.94161795e-06  2.45400000e+00  1.06998471e-04  2.45400000e+00  4.51304703e-07  2.45400000e+00  8.44000647e-01  2.45400000e+00  7.87798570e-01  2.45400000e+00  1.02899338e-01  2.45400000e+00  7.19131084e-06  2.45400000e+00  1.10336743e-04  2.45400000e+00  3.56227449e-07 
 2.45600000e+00  1.82560891e+00  2.45600000e+00  1.07613150e+00  2.45600000e+00  1.07433619e+00  2.45600000e+00  9.35817436e-02  2.45600000e+00  6.95260486e-06  2.45600000e+00  1.21209164e-04  2.45600000e+00  7.15503452e-07  2.45600000e+00  9.20132354e-01  2.45600000e+00  1.07552236e+00  2.45600000e+00  5.59827331e-02  2.45600000e+00  1.94013649e-07  2.45600000e+00  5.18800044e-06  2.45600000e+00  3.64364572e-08  2.45600000e+00  7.88663225e-01  2.45600000e+00  7.07406926e-01  2.45600000e+00  1.33382193e-01  2.45600000e+00  7.14661247e-06  2.45600000e+00  8.99048178e-05  2.45600000e+00  5.35817903e-07  2.45600000e+00  8.44102869e-01  2.45600000e+00  7.88371611e-01  2.45600000e+00  1.02621134e-01  2.45600000e+00  6.95260649e-06  2.45600000e+00  1.07123958e-04  2.45600000e+00  4.51915823e-07  2.45600000e+00  8.44102854e-01  2.45600000e+00  7.87799054e-01  2.45600000e+00  1.02959574e-01  2.45600000e+00  7.20240468e-06  2.45600000e+00  1.10462285e-04  2.45600000e+00  3.56748698e-07 
 2.45800000e+00  1.82611831e+00  2.45800000e+00  1.07655704e+00  2.45800000e+00  1.07466208e+00  2.45800000e+00  9.36357017e-02  2.45800000e+00  6.96314123e-06  2.45800000e+00  1.21354996e-04  2.45800000e+00  7.16553230e-07  2.45800000e+00  9.18557890e-01  2.45800000e+00  1.07584761e+00  2.45800000e+00  5.58954615e-02  2.45800000e+00  1.84320864e-07  2.45800000e+00  4.94457420e-06  2.45800000e+00  3.46953934e-08  2.45800000e+00  7.88663225e-01  2.45800000e+00  7.07405060e-01  2.45800000e+00  1.33383441e-01  2.45800000e+00  7.14745601e-06  2.45800000e+00  8.99122634e-05  2.45800000e+00  5.35703789e-07  2.45800000e+00  8.44200758e-01  2.45800000e+00  7.88371523e-01  2.45800000e+00  1.02679034e-01  2.45800000e+00  6.96314286e-06  2.45800000e+00  1.07244204e-04  2.45800000e+00  4.52501647e-07  2.45800000e+00  8.44200743e-01  2.45800000e+00  7.87799517e-01  2.45800000e+00  1.03017291e-01  2.45800000e+00  7.21304170e-06  2.45800000e+00  1.10582579e-04  2.45800000e+00  3.57248476e-07 
 2.46000000e+00  1.82660573e+00  2.46000000e+00  1.07697940e+00  2.46000000e+00  1.07498849e+00  2.46000000e+00  9.36878941e-02  2.46000000e+00  6.97324197e-06  2.46000000e+00  1.21494769e-04  2.46000000e+00  7.17568585e-07  2.46000000e+00  9.16980254e-01  2.46000000e+00  1.07617343e+00  2.46000000e+00  5.58120934e-02  2.46000000e+00  1.75065232e-07  2.46000000e+00  4.71110662e-06  2.46000000e+00  3.30280034e-08  2.46000000e+00  7.88663225e-01  2.46000000e+00  7.07403191e-01  2.46000000e+00  1.33384691e-01  2.46000000e+00  7.14830107e-06  2.46000000e+00  8.99197211e-05  2.46000000e+00  5.35589776e-07  2.46000000e+00  8.44294497e-01  2.46000000e+00  7.88371438e-01  2.46000000e+00  1.02734502e-01  2.46000000e+00  6.97324360e-06  2.46000000e+00  1.07359405e-04  2.46000000e+00  4.53063113e-07  2.46000000e+00  8.44294481e-01  2.46000000e+00  7.87799960e-01  2.46000000e+00  1.03072583e-01  2.46000000e+00  7.22323867e-06  2.46000000e+00  1.10697824e-04  2.46000000e+00  3.57727562e-07 
 2.46200000e+00  1.82707199e+00  2.46200000e+00  1.07739871e+00  2.46200000e+00  1.07531539e+00  2.46200000e+00  9.37383884e-02  2.46200000e+00  6.98292327e-06  2.46200000e+00  1.21628714e-04  2.46200000e+00  7.18550845e-07  2.46200000e+00  9.15399568e-01  2.46200000e+00  1.07649978e+00  2.46200000e+00  5.57325076e-02  2.46200000e+00  1.66230495e-07  2.46200000e+00  4.48728853e-06  2.46200000e+00  3.14318496e-08  2.46200000e+00  7.88663224e-01  2.46200000e+00  7.07401318e-01  2.46200000e+00  1.33385944e-01  2.46200000e+00  7.14914758e-06  2.46200000e+00  8.99271905e-05  2.46200000e+00  5.35475873e-07  2.46200000e+00  8.44384249e-01  2.46200000e+00  7.88371356e-01  2.46200000e+00  1.02787631e-01  2.46200000e+00  6.98292489e-06  2.46200000e+00  1.07469757e-04  2.46200000e+00  4.53601137e-07  2.46200000e+00  8.44384233e-01  2.46200000e+00  7.87800384e-01  2.46200000e+00  1.03125545e-01  2.46200000e+00  7.23301199e-06  2.46200000e+00  1.10808215e-04  2.46200000e+00  3.58186721e-07 
 2.46400000e+00  1.82751789e+00  2.46400000e+00  1.07781509e+00  2.46400000e+00  1.07564275e+00  2.46400000e+00  9.37872504e-02  2.46400000e+00  6.99220096e-06  2.46400000e+00  1.21757056e-04  2.46400000e+00  7.19501304e-07  2.46400000e+00  9.13815948e-01  2.46400000e+00  1.07682664e+00  2.46400000e+00  5.56565836e-02  2.46400000e+00  1.57800757e-07  2.46400000e+00  4.27281404e-06  2.46400000e+00  2.99045286e-08  2.46400000e+00  7.88663224e-01  2.46400000e+00  7.07399442e-01  2.46400000e+00  1.33387199e-01  2.46400000e+00  7.14999548e-06  2.46400000e+00  8.99346709e-05  2.46400000e+00  5.35362089e-07  2.46400000e+00  8.44470172e-01  2.46400000e+00  7.88371279e-01  2.46400000e+00  1.02838514e-01  2.46400000e+00  6.99220258e-06  2.46400000e+00  1.07575447e-04  2.46400000e+00  4.54116617e-07  2.46400000e+00  8.44470156e-01  2.46400000e+00  7.87800789e-01  2.46400000e+00  1.03176267e-01  2.46400000e+00  7.24237771e-06  2.46400000e+00  1.10913942e-04  2.46400000e+00  3.58626700e-07 
 2.46600000e+00  1.82794421e+00  2.46600000e+00  1.07822864e+00  2.46600000e+00  1.07597056e+00  2.46600000e+00  9.38345442e-02  2.46600000e+00  7.00109051e-06  2.46600000e+00  1.21880015e-04  2.46600000e+00  7.20421230e-07  2.46600000e+00  9.12229507e-01  2.46600000e+00  1.07715399e+00  2.46600000e+00  5.55842017e-02  2.46600000e+00  1.49760487e-07  2.46600000e+00  4.06738088e-06  2.46600000e+00  2.84436742e-08  2.46600000e+00  7.88663224e-01  2.46600000e+00  7.07397562e-01  2.46600000e+00  1.33388456e-01  2.46600000e+00  7.15084472e-06  2.46600000e+00  8.99421617e-05  2.46600000e+00  5.35248434e-07  2.46600000e+00  8.44552422e-01  2.46600000e+00  7.88371204e-01  2.46600000e+00  1.02887240e-01  2.46600000e+00  7.00109214e-06  2.46600000e+00  1.07676660e-04  2.46600000e+00  4.54610427e-07  2.46600000e+00  8.44552406e-01  2.46600000e+00  7.87801177e-01  2.46600000e+00  1.03224839e-01  2.46600000e+00  7.25135151e-06  2.46600000e+00  1.11015189e-04  2.46600000e+00  3.59048230e-07 
 2.46800000e+00  1.82835172e+00  2.46800000e+00  1.07863949e+00  2.46800000e+00  1.07629878e+00  2.46800000e+00  9.38803323e-02  2.46800000e+00  7.00960702e-06  2.46800000e+00  1.21997803e-04  2.46800000e+00  7.21311853e-07  2.46800000e+00  9.10640356e-01  2.46800000e+00  1.07748180e+00  2.46800000e+00  5.55152434e-02  2.46800000e+00  1.42094531e-07  2.46800000e+00  3.87069080e-06  2.46800000e+00  2.70469595e-08  2.46800000e+00  7.88663223e-01  2.46800000e+00  7.07395679e-01  2.46800000e+00  1.33389716e-01  2.46800000e+00  7.15169522e-06  2.46800000e+00  8.99496626e-05  2.46800000e+00  5.35134914e-07  2.46800000e+00  8.44631148e-01  2.46800000e+00  7.88371133e-01  2.46800000e+00  1.02933894e-01  2.46800000e+00  7.00960866e-06  2.46800000e+00  1.07773575e-04  2.46800000e+00  4.55083417e-07  2.46800000e+00  8.44631132e-01  2.46800000e+00  7.87801547e-01  2.46800000e+00  1.03271345e-01  2.46800000e+00  7.25994864e-06  2.46800000e+00  1.11112136e-04  2.46800000e+00  3.59452026e-07 
 2.47000000e+00  1.82874115e+00  2.47000000e+00  1.07904773e+00  2.47000000e+00  1.07662740e+00  2.47000000e+00  9.39246753e-02  2.47000000e+00  7.01776520e-06  2.47000000e+00  1.22110630e-04  2.47000000e+00  7.22174374e-07  2.47000000e+00  9.09048602e-01  2.47000000e+00  1.07781005e+00  2.47000000e+00  5.54495913e-02  2.47000000e+00  1.34788118e-07  2.47000000e+00  3.68244992e-06  2.47000000e+00  2.57120994e-08  2.47000000e+00  7.88663223e-01  2.47000000e+00  7.07393793e-01  2.47000000e+00  1.33390977e-01  2.47000000e+00  7.15254694e-06  2.47000000e+00  8.99571728e-05  2.47000000e+00  5.35021539e-07  2.47000000e+00  8.44706494e-01  2.47000000e+00  7.88371065e-01  2.47000000e+00  1.02978560e-01  2.47000000e+00  7.01776683e-06  2.47000000e+00  1.07866364e-04  2.47000000e+00  4.55536416e-07  2.47000000e+00  8.44706479e-01  2.47000000e+00  7.87801901e-01  2.47000000e+00  1.03315871e-01  2.47000000e+00  7.26818398e-06  2.47000000e+00  1.11204956e-04  2.47000000e+00  3.59838782e-07 
 2.47200000e+00  1.82911322e+00  2.47200000e+00  1.07945348e+00  2.47200000e+00  1.07695639e+00  2.47200000e+00  9.39676322e-02  2.47200000e+00  7.02557938e-06  2.47200000e+00  1.22218695e-04  2.47200000e+00  7.23009961e-07  2.47200000e+00  9.07454348e-01  2.47200000e+00  1.07813870e+00  2.47200000e+00  5.53871298e-02  2.47200000e+00  1.27826867e-07  2.47200000e+00  3.50236905e-06  2.47200000e+00  2.44368528e-08  2.47200000e+00  7.88663223e-01  2.47200000e+00  7.07391904e-01  2.47200000e+00  1.33392240e-01  2.47200000e+00  7.15339981e-06  2.47200000e+00  8.99646921e-05  2.47200000e+00  5.34908316e-07  2.47200000e+00  8.44778603e-01  2.47200000e+00  7.88370999e-01  2.47200000e+00  1.03021321e-01  2.47200000e+00  7.02558100e-06  2.47200000e+00  1.07955199e-04  2.47200000e+00  4.55970234e-07  2.47200000e+00  8.44778588e-01  2.47200000e+00  7.87802239e-01  2.47200000e+00  1.03358497e-01  2.47200000e+00  7.27607208e-06  2.47200000e+00  1.11293820e-04  2.47200000e+00  3.60209177e-07 
 2.47400000e+00  1.82946866e+00  2.47400000e+00  1.07985682e+00  2.47400000e+00  1.07728573e+00  2.47400000e+00  9.40092602e-02  2.47400000e+00  7.03306349e-06  2.47400000e+00  1.22322196e-04  2.47400000e+00  7.23819747e-07  2.47400000e+00  9.05857694e-01  2.47400000e+00  1.07846775e+00  2.47400000e+00  5.53277449e-02  2.47400000e+00  1.21196789e-07  2.47400000e+00  3.33016399e-06  2.47400000e+00  2.32190242e-08  2.47400000e+00  7.88663222e-01  2.47400000e+00  7.07390012e-01  2.47400000e+00  1.33393506e-01  2.47400000e+00  7.15425378e-06  2.47400000e+00  8.99722198e-05  2.47400000e+00  5.34795253e-07  2.47400000e+00  8.44847611e-01  2.47400000e+00  7.88370937e-01  2.47400000e+00  1.03062255e-01  2.47400000e+00  7.03306512e-06  2.47400000e+00  1.08040242e-04  2.47400000e+00  4.56385653e-07  2.47400000e+00  8.44847595e-01  2.47400000e+00  7.87802563e-01  2.47400000e+00  1.03399302e-01  2.47400000e+00  7.28362700e-06  2.47400000e+00  1.11378892e-04  2.47400000e+00  3.60563872e-07 
 2.47600000e+00  1.82980813e+00  2.47600000e+00  1.08025787e+00  2.47600000e+00  1.07761541e+00  2.47600000e+00  9.40496148e-02  2.47600000e+00  7.04023107e-06  2.47600000e+00  1.22421323e-04  2.47600000e+00  7.24604835e-07  2.47600000e+00  9.04258739e-01  2.47600000e+00  1.07879717e+00  2.47600000e+00  5.52713242e-02  2.47600000e+00  1.14884291e-07  2.47600000e+00  3.16555572e-06  2.47600000e+00  2.20564655e-08  2.47600000e+00  7.88663222e-01  2.47600000e+00  7.07388118e-01  2.47600000e+00  1.33394773e-01  2.47600000e+00  7.15510881e-06  2.47600000e+00  8.99797555e-05  2.47600000e+00  5.34682356e-07  2.47600000e+00  8.44913649e-01  2.47600000e+00  7.88370877e-01  2.47600000e+00  1.03101439e-01  2.47600000e+00  7.04023271e-06  2.47600000e+00  1.08121652e-04  2.47600000e+00  4.56783435e-07  2.47600000e+00  8.44913633e-01  2.47600000e+00  7.87802871e-01  2.47600000e+00  1.03438363e-01  2.47600000e+00  7.29086245e-06  2.47600000e+00  1.11460331e-04  2.47600000e+00  3.60903508e-07 
 2.47800000e+00  1.83013230e+00  2.47800000e+00  1.08065670e+00  2.47800000e+00  1.07794540e+00  2.47800000e+00  9.40887498e-02  2.47800000e+00  7.04709527e-06  2.47800000e+00  1.22516259e-04  2.47800000e+00  7.25366293e-07  2.47800000e+00  9.02657575e-01  2.47800000e+00  1.07912693e+00  2.47800000e+00  5.52177578e-02  2.47800000e+00  1.08876177e-07  2.47800000e+00  3.00827071e-06  2.47800000e+00  2.09470776e-08  2.47800000e+00  7.88663222e-01  2.47800000e+00  7.07386221e-01  2.47800000e+00  1.33396042e-01  2.47800000e+00  7.15596484e-06  2.47800000e+00  8.99872988e-05  2.47800000e+00  5.34569632e-07  2.47800000e+00  8.44976845e-01  2.47800000e+00  7.88370820e-01  2.47800000e+00  1.03138947e-01  2.47800000e+00  7.04709689e-06  2.47800000e+00  1.08199583e-04  2.47800000e+00  4.57164316e-07  2.47800000e+00  8.44976829e-01  2.47800000e+00  7.87803166e-01  2.47800000e+00  1.03475753e-01  2.47800000e+00  7.29779169e-06  2.47800000e+00  1.11538290e-04  2.47800000e+00  3.61228705e-07 
 2.48000000e+00  1.83044181e+00  2.48000000e+00  1.08105342e+00  2.48000000e+00  1.07827569e+00  2.48000000e+00  9.41267172e-02  2.48000000e+00  7.05366884e-06  2.48000000e+00  1.22607184e-04  2.48000000e+00  7.26105156e-07  2.48000000e+00  9.01054293e-01  2.48000000e+00  1.07945703e+00  2.48000000e+00  5.51669375e-02  2.48000000e+00  1.03159648e-07  2.48000000e+00  2.85804108e-06  2.48000000e+00  1.98888109e-08  2.48000000e+00  7.88663221e-01  2.48000000e+00  7.07384321e-01  2.48000000e+00  1.33397312e-01  2.48000000e+00  7.15682181e-06  2.48000000e+00  8.99948492e-05  2.48000000e+00  5.34457088e-07  2.48000000e+00  8.45037323e-01  2.48000000e+00  7.88370765e-01  2.48000000e+00  1.03174851e-01  2.48000000e+00  7.05367046e-06  2.48000000e+00  1.08274184e-04  2.48000000e+00  4.57529014e-07  2.48000000e+00  8.45037307e-01  2.48000000e+00  7.87803447e-01  2.48000000e+00  1.03511545e-01  2.48000000e+00  7.30442766e-06  2.48000000e+00  1.11612920e-04  2.48000000e+00  3.61540072e-07 
 2.48200000e+00  1.83073730e+00  2.48200000e+00  1.08144810e+00  2.48200000e+00  1.07860625e+00  2.48200000e+00  9.41635674e-02  2.48200000e+00  7.05996412e-06  2.48200000e+00  1.22694270e-04  2.48200000e+00  7.26822428e-07  2.48200000e+00  8.99448982e-01  2.48200000e+00  1.07978743e+00  2.48200000e+00  5.51187577e-02  2.48200000e+00  9.77223038e-08  2.48200000e+00  2.71460476e-06  2.48200000e+00  1.88796670e-08  2.48200000e+00  7.88663221e-01  2.48200000e+00  7.07382419e-01  2.48200000e+00  1.33398585e-01  2.48200000e+00  7.15767970e-06  2.48200000e+00  9.00024063e-05  2.48200000e+00  5.34344730e-07  2.48200000e+00  8.45095201e-01  2.48200000e+00  7.88370713e-01  2.48200000e+00  1.03209221e-01  2.48200000e+00  7.05996575e-06  2.48200000e+00  1.08345600e-04  2.48200000e+00  4.57878221e-07  2.48200000e+00  8.45095186e-01  2.48200000e+00  7.87803716e-01  2.48200000e+00  1.03545808e-01  2.48200000e+00  7.31078281e-06  2.48200000e+00  1.11684365e-04  2.48200000e+00  3.61838191e-07 
 2.48400000e+00  1.83101936e+00  2.48400000e+00  1.08184085e+00  2.48400000e+00  1.07893707e+00  2.48400000e+00  9.41993490e-02  2.48400000e+00  7.06599309e-06  2.48400000e+00  1.22777683e-04  2.48400000e+00  7.27519079e-07  2.48400000e+00  8.97841725e-01  2.48400000e+00  1.08011811e+00  2.48400000e+00  5.50731148e-02  2.48400000e+00  9.25521378e-08  2.48400000e+00  2.57770569e-06  2.48400000e+00  1.79176994e-08  2.48400000e+00  7.88663220e-01  2.48400000e+00  7.07380515e-01  2.48400000e+00  1.33399858e-01  2.48400000e+00  7.15853844e-06  2.48400000e+00  9.00099698e-05  2.48400000e+00  5.34232563e-07  2.48400000e+00  8.45150596e-01  2.48400000e+00  7.88370663e-01  2.48400000e+00  1.03242124e-01  2.48400000e+00  7.06599472e-06  2.48400000e+00  1.08413969e-04  2.48400000e+00  4.58212607e-07  2.48400000e+00  8.45150580e-01  2.48400000e+00  7.87803972e-01  2.48400000e+00  1.03578609e-01  2.48400000e+00  7.31686926e-06  2.48400000e+00  1.11752764e-04  2.48400000e+00  3.62123633e-07 
 2.48600000e+00  1.83128857e+00  2.48600000e+00  1.08223172e+00  2.48600000e+00  1.07926814e+00  2.48600000e+00  9.42341090e-02  2.48600000e+00  7.07176731e-06  2.48600000e+00  1.22857586e-04  2.48600000e+00  7.28196047e-07  2.48600000e+00  8.96232604e-01  2.48600000e+00  1.08044907e+00  2.48600000e+00  5.50299081e-02  2.48600000e+00  8.76375366e-08  2.48600000e+00  2.44709387e-06  2.48600000e+00  1.70010136e-08  2.48600000e+00  7.88663220e-01  2.48600000e+00  7.07378608e-01  2.48600000e+00  1.33401134e-01  2.48600000e+00  7.15939799e-06  2.48600000e+00  9.00175392e-05  2.48600000e+00  5.34120594e-07  2.48600000e+00  8.45203616e-01  2.48600000e+00  7.88370615e-01  2.48600000e+00  1.03273625e-01  2.48600000e+00  7.07176893e-06  2.48600000e+00  1.08479425e-04  2.48600000e+00  4.58532819e-07  2.48600000e+00  8.45203601e-01  2.48600000e+00  7.87804217e-01  2.48600000e+00  1.03610011e-01  2.48600000e+00  7.32269866e-06  2.48600000e+00  1.11818251e-04  2.48600000e+00  3.62396943e-07 
 2.48800000e+00  1.83154550e+00  2.48800000e+00  1.08262082e+00  2.48800000e+00  1.07959942e+00  2.48800000e+00  9.42678928e-02  2.48800000e+00  7.07729797e-06  2.48800000e+00  1.22934133e-04  2.48800000e+00  7.28854241e-07  2.48800000e+00  8.94621698e-01  2.48800000e+00  1.08078029e+00  2.48800000e+00  5.49890389e-02  2.48800000e+00  8.29672759e-08  2.48800000e+00  2.32252554e-06  2.48800000e+00  1.61277682e-08  2.48800000e+00  7.88663220e-01  2.48800000e+00  7.07376699e-01  2.48800000e+00  1.33402410e-01  2.48800000e+00  7.16025833e-06  2.48800000e+00  9.00251142e-05  2.48800000e+00  5.34008827e-07  2.48800000e+00  8.45254371e-01  2.48800000e+00  7.88370569e-01  2.48800000e+00  1.03303785e-01  2.48800000e+00  7.07729959e-06  2.48800000e+00  1.08542100e-04  2.48800000e+00  4.58839484e-07  2.48800000e+00  8.45254355e-01  2.48800000e+00  7.87804450e-01  2.48800000e+00  1.03640079e-01  2.48800000e+00  7.32828235e-06  2.48800000e+00  1.11880958e-04  2.48800000e+00  3.62658656e-07 
 2.49000000e+00  1.83179070e+00  2.49000000e+00  1.08300820e+00  2.49000000e+00  1.07993092e+00  2.49000000e+00  9.43007442e-02  2.49000000e+00  7.08259586e-06  2.49000000e+00  1.23007476e-04  2.49000000e+00  7.29494534e-07  2.49000000e+00  8.93009082e-01  2.49000000e+00  1.08111174e+00  2.49000000e+00  5.49504116e-02  2.49000000e+00  7.85305164e-08  2.49000000e+00  2.20376322e-06  2.49000000e+00  1.52961747e-08  2.49000000e+00  7.88663219e-01  2.49000000e+00  7.07374789e-01  2.49000000e+00  1.33403688e-01  2.49000000e+00  7.16111939e-06  2.49000000e+00  9.00326943e-05  2.49000000e+00  5.33897268e-07  2.49000000e+00  8.45302961e-01  2.49000000e+00  7.88370525e-01  2.49000000e+00  1.03332666e-01  2.49000000e+00  7.08259748e-06  2.49000000e+00  1.08602117e-04  2.49000000e+00  4.59133206e-07  2.49000000e+00  8.45302946e-01  2.49000000e+00  7.87804673e-01  2.49000000e+00  1.03668871e-01  2.49000000e+00  7.33363121e-06  2.49000000e+00  1.11941008e-04  2.49000000e+00  3.62909282e-07 
 2.49200000e+00  1.83202469e+00  2.49200000e+00  1.08339395e+00  2.49200000e+00  1.08026262e+00  2.49200000e+00  9.43327054e-02  2.49200000e+00  7.08767140e-06  2.49200000e+00  1.23077759e-04  2.49200000e+00  7.30117772e-07  2.49200000e+00  8.91394829e-01  2.49200000e+00  1.08144340e+00  2.49200000e+00  5.49139329e-02  2.49200000e+00  7.43167986e-08  2.49200000e+00  2.09057578e-06  2.49200000e+00  1.45044979e-08  2.49200000e+00  7.88663219e-01  2.49200000e+00  7.07372876e-01  2.49200000e+00  1.33404968e-01  2.49200000e+00  7.16198115e-06  2.49200000e+00  9.00402793e-05  2.49200000e+00  5.33785922e-07  2.49200000e+00  8.45349488e-01  2.49200000e+00  7.88370483e-01  2.49200000e+00  1.03360326e-01  2.49200000e+00  7.08767302e-06  2.49200000e+00  1.08659597e-04  2.49200000e+00  4.59414566e-07  2.49200000e+00  8.45349472e-01  2.49200000e+00  7.87804886e-01  2.49200000e+00  1.03696446e-01  2.49200000e+00  7.33875577e-06  2.49200000e+00  1.11998522e-04  2.49200000e+00  3.63149317e-07 
 2.49400000e+00  1.83224797e+00  2.49400000e+00  1.08377812e+00  2.49400000e+00  1.08059449e+00  2.49400000e+00  9.43638169e-02  2.49400000e+00  7.09253464e-06  2.49400000e+00  1.23145121e-04  2.49400000e+00  7.30724768e-07  2.49400000e+00  8.89779009e-01  2.49400000e+00  1.08177528e+00  2.49400000e+00  5.48795122e-02  2.49400000e+00  7.03160377e-08  2.49400000e+00  1.98273845e-06  2.49400000e+00  1.37510555e-08  2.49400000e+00  7.88663219e-01  2.49400000e+00  7.07370961e-01  2.49400000e+00  1.33406248e-01  2.49400000e+00  7.16284356e-06  2.49400000e+00  9.00478689e-05  2.49400000e+00  5.33674792e-07  2.49400000e+00  8.45394045e-01  2.49400000e+00  7.88370442e-01  2.49400000e+00  1.03386820e-01  2.49400000e+00  7.09253626e-06  2.49400000e+00  1.08714657e-04  2.49400000e+00  4.59684127e-07  2.49400000e+00  8.45394029e-01  2.49400000e+00  7.87805089e-01  2.49400000e+00  1.03722859e-01  2.49400000e+00  7.34366620e-06  2.49400000e+00  1.12053617e-04  2.49400000e+00  3.63379238e-07 
 2.49600000e+00  1.83246105e+00  2.49600000e+00  1.08416080e+00  2.49600000e+00  1.08092653e+00  2.49600000e+00  9.43941178e-02  2.49600000e+00  7.09719527e-06  2.49600000e+00  1.23209696e-04  2.49600000e+00  7.31316309e-07  2.49600000e+00  8.88161691e-01  2.49600000e+00  1.08210734e+00  2.49600000e+00  5.48470618e-02  2.49600000e+00  6.65185169e-08  2.49600000e+00  1.88003292e-06  2.49600000e+00  1.30342184e-08  2.49600000e+00  7.88663218e-01  2.49600000e+00  7.07369045e-01  2.49600000e+00  1.33407530e-01  2.49600000e+00  7.16370660e-06  2.49600000e+00  9.00554627e-05  2.49600000e+00  5.33563884e-07  2.49600000e+00  8.45436724e-01  2.49600000e+00  7.88370404e-01  2.49600000e+00  1.03412202e-01  2.49600000e+00  7.09719689e-06  2.49600000e+00  1.08767407e-04  2.49600000e+00  4.59942428e-07  2.49600000e+00  8.45436708e-01  2.49600000e+00  7.87805283e-01  2.49600000e+00  1.03748165e-01  2.49600000e+00  7.34837225e-06  2.49600000e+00  1.12106405e-04  2.49600000e+00  3.63599506e-07 
 2.49800000e+00  1.83266438e+00  2.49800000e+00  1.08454205e+00  2.49800000e+00  1.08125872e+00  2.49800000e+00  9.44236458e-02  2.49800000e+00  7.10166260e-06  2.49800000e+00  1.23271615e-04  2.49800000e+00  7.31893148e-07  2.49800000e+00  8.86542937e-01  2.49800000e+00  1.08243958e+00  2.49800000e+00  5.48164963e-02  2.49800000e+00  6.29148811e-08  2.49800000e+00  1.78224725e-06  2.49800000e+00  1.23524101e-08  2.49800000e+00  7.88663218e-01  2.49800000e+00  7.07367127e-01  2.49800000e+00  1.33408813e-01  2.49800000e+00  7.16457022e-06  2.49800000e+00  9.00630603e-05  2.49800000e+00  5.33453201e-07  2.49800000e+00  8.45477614e-01  2.49800000e+00  7.88370367e-01  2.49800000e+00  1.03436525e-01  2.49800000e+00  7.10166422e-06  2.49800000e+00  1.08817956e-04  2.49800000e+00  4.60189991e-07  2.49800000e+00  8.45477599e-01  2.49800000e+00  7.87805468e-01  2.49800000e+00  1.03772414e-01  2.49800000e+00  7.35288335e-06  2.49800000e+00  1.12156992e-04  2.49800000e+00  3.63810564e-07 
 2.50000000e+00  1.83285842e+00  2.50000000e+00  1.08492192e+00  2.50000000e+00  1.08159105e+00  2.50000000e+00  9.44524370e-02  2.50000000e+00  7.10594560e-06  2.50000000e+00  1.23331000e-04  2.50000000e+00  7.32456014e-07  2.50000000e+00  8.84922811e-01  2.50000000e+00  1.08277198e+00  2.50000000e+00  5.47877334e-02  2.50000000e+00  5.94961296e-08  2.50000000e+00  1.68917593e-06  2.50000000e+00  1.17041063e-08  2.50000000e+00  7.88663218e-01  2.50000000e+00  7.07365207e-01  2.50000000e+00  1.33410097e-01  2.50000000e+00  7.16543439e-06  2.50000000e+00  9.00706616e-05  2.50000000e+00  5.33342747e-07  2.50000000e+00  8.45516799e-01  2.50000000e+00  7.88370331e-01  2.50000000e+00  1.03459837e-01  2.50000000e+00  7.10594722e-06  2.50000000e+00  1.08866407e-04  2.50000000e+00  4.60427314e-07  2.50000000e+00  8.45516783e-01  2.50000000e+00  7.87805644e-01  2.50000000e+00  1.03795656e-01  2.50000000e+00  7.35720853e-06  2.50000000e+00  1.12205482e-04  2.50000000e+00  3.64012837e-07 
