 1.15000000e+00  2.95673365e+00  1.15000000e+00  3.03586754e+00  1.15000000e+00  1.07331482e+00  1.15000000e+00  7.72820634e-01  1.15000000e+00  2.92640040e-01  1.15000000e+00  1.42432998e-04  1.15000000e+00  7.61014799e-04  1.15000000e+00  3.15305879e-05  1.15000000e+00  1.01331705e+00  1.15000000e+00  7.59850798e-01  1.15000000e+00  2.57963772e-01  1.15000000e+00  1.09564401e-04  1.15000000e+00  6.91595946e-04  1.15000000e+00  1.38171165e-05  1.15000000e+00  5.70446407e-01  1.15000000e+00  8.86672073e-01  1.15000000e+00  5.13162187e-02  1.15000000e+00  6.40497182e-09  1.15000000e+00  1.85705920e-07  1.15000000e+00  9.14082050e-10  1.15000000e+00  1.07043743e+00  1.15000000e+00  8.86791413e-01  1.15000000e+00  2.11310237e-01  1.15000000e+00  1.42426869e-04  1.15000000e+00  1.15675093e-03  1.15000000e+00  6.31617665e-06  1.15000000e+00  1.04621160e+00  1.15000000e+00  8.93090311e-01  1.15000000e+00  1.88704446e-01  1.15000000e+00  1.09562082e-04  1.15000000e+00  1.00241361e-03  1.15000000e+00  5.35245330e-06  1.15000000e+00  5.46218505e-01  1.15000000e+00  8.93206390e-01  1.15000000e+00  5.13879532e-02  1.15000000e+00  2.55207934e-09  1.15000000e+00  7.45587726e-08  1.15000000e+00  3.67355263e-10  1.15000000e+00  1.49199829e+00  1.15000000e+00  6.88214190e-01  1.15000000e+00  6.58064602e-01  1.15000000e+00  1.39865902e-04  1.15000000e+00  1.70003329e-04  1.15000000e+00  6.65601465e-04  1.15000000e+00  1.49200266e+00  1.15000000e+00  6.88212588e-01  1.15000000e+00  6.58068525e-01  1.15000000e+00  1.12131507e-04  1.15000000e+00  1.31701921e-04  1.15000000e+00  7.21714818e-04 
 1.16000000e+00  2.95673628e+00  1.16000000e+00  3.03586485e+00  1.16000000e+00  1.07331480e+00  1.16000000e+00  7.72820639e-01  1.16000000e+00  2.92640022e-01  1.16000000e+00  1.42433022e-04  1.16000000e+00  7.61015229e-04  1.16000000e+00  3.15302196e-05  1.16000000e+00  1.01331705e+00  1.16000000e+00  7.59850799e-01  1.16000000e+00  2.57963767e-01  1.16000000e+00  1.09564406e-04  1.16000000e+00  6.91596020e-04  1.16000000e+00  1.38170729e-05  1.16000000e+00  5.80444966e-01  1.16000000e+00  8.86672460e-01  1.16000000e+00  5.13246273e-02  1.16000000e+00  8.55580088e-09  1.16000000e+00  2.47452268e-07  1.16000000e+00  1.22007914e-09  1.16000000e+00  1.07043599e+00  1.16000000e+00  8.86791793e-01  1.16000000e+00  2.11308882e-01  1.16000000e+00  1.42424762e-04  1.16000000e+00  1.15674190e-03  1.16000000e+00  6.31611872e-06  1.16000000e+00  1.04621085e+00  1.16000000e+00  8.93090513e-01  1.16000000e+00  1.88703746e-01  1.16000000e+00  1.09561110e-04  1.16000000e+00  1.00240858e-03  1.16000000e+00  5.35242442e-06  1.16000000e+00  5.56217754e-01  1.16000000e+00  8.93206584e-01  1.16000000e+00  5.13913796e-02  1.16000000e+00  3.41712239e-09  1.16000000e+00  9.96694737e-08  1.16000000e+00  4.91638521e-10  1.16000000e+00  1.49199829e+00  1.16000000e+00  6.88214190e-01  1.16000000e+00  6.58064602e-01  1.16000000e+00  1.39865916e-04  1.16000000e+00  1.70003349e-04  1.16000000e+00  6.65601436e-04  1.16000000e+00  1.49200266e+00  1.16000000e+00  6.88212588e-01  1.16000000e+00  6.58068525e-01  1.16000000e+00  1.12131511e-04  1.16000000e+00  1.31701927e-04  1.16000000e+00  7.21714810e-04 
 1.17000000e+00  2.95674075e+00  1.17000000e+00  3.03586030e+00  1.17000000e+00  1.07331476e+00  1.17000000e+00  7.72820648e-01  1.17000000e+00  2.92639988e-01  1.17000000e+00  1.42433049e-04  1.17000000e+00  7.61015851e-04  1.17000000e+00  3.15296707e-05  1.17000000e+00  1.01331704e+00  1.17000000e+00  7.59850800e-01  1.17000000e+00  2.57963759e-01  1.17000000e+00  1.09564411e-04  1.17000000e+00  6.91596111e-04  1.17000000e+00  1.38170160e-05  1.17000000e+00  5.90442823e-01  1.17000000e+00  8.86673037e-01  1.17000000e+00  5.13358215e-02  1.17000000e+00  1.14197955e-08  1.17000000e+00  3.29344498e-07  1.17000000e+00  1.62698917e-09  1.17000000e+00  1.07043385e+00  1.17000000e+00  8.86792356e-01  1.17000000e+00  2.11306869e-01  1.17000000e+00  1.42421631e-04  1.17000000e+00  1.15672848e-03  1.17000000e+00  6.31603243e-06  1.17000000e+00  1.04620987e+00  1.17000000e+00  8.93090777e-01  1.17000000e+00  1.88702832e-01  1.17000000e+00  1.09559840e-04  1.17000000e+00  1.00240200e-03  1.17000000e+00  5.35238688e-06  1.17000000e+00  5.66216777e-01  1.17000000e+00  8.93206835e-01  1.17000000e+00  5.13959574e-02  1.17000000e+00  4.57302561e-09  1.17000000e+00  1.33137079e-07  1.17000000e+00  6.57575815e-10  1.17000000e+00  1.49199829e+00  1.17000000e+00  6.88214190e-01  1.17000000e+00  6.58064602e-01  1.17000000e+00  1.39865942e-04  1.17000000e+00  1.70003386e-04  1.17000000e+00  6.65601382e-04  1.17000000e+00  1.49200266e+00  1.17000000e+00  6.88212588e-01  1.17000000e+00  6.58068525e-01  1.17000000e+00  1.12131518e-04  1.17000000e+00  1.31701936e-04  1.17000000e+00  7.21714797e-04 
 1.18000000e+00  2.95674612e+00  1.18000000e+00  3.03585482e+00  1.18000000e+00  1.07331472e+00  1.18000000e+00  7.72820660e-01  1.18000000e+00  2.92639947e-01  1.18000000e+00  1.42433082e-04  1.18000000e+00  7.61016602e-04  1.18000000e+00  3.15290087e-05  1.18000000e+00  1.01331703e+00  1.18000000e+00  7.59850803e-01  1.18000000e+00  2.57963750e-01  1.18000000e+00  1.09564417e-04  1.18000000e+00  6.91596221e-04  1.18000000e+00  1.38169471e-05  1.18000000e+00  6.00440239e-01  1.18000000e+00  8.86673733e-01  1.18000000e+00  5.13507025e-02  1.18000000e+00  1.52288008e-08  1.18000000e+00  4.37758182e-07  1.18000000e+00  2.16730338e-09  1.18000000e+00  1.07043127e+00  1.18000000e+00  8.86793036e-01  1.18000000e+00  2.11304441e-01  1.18000000e+00  1.42417855e-04  1.18000000e+00  1.15671230e-03  1.18000000e+00  6.31592837e-06  1.18000000e+00  1.04620869e+00  1.18000000e+00  8.93091097e-01  1.18000000e+00  1.88701727e-01  1.18000000e+00  1.09558302e-04  1.18000000e+00  1.00239403e-03  1.18000000e+00  5.35234146e-06  1.18000000e+00  5.76215594e-01  1.18000000e+00  8.93207138e-01  1.18000000e+00  5.14020681e-02  1.18000000e+00  6.11634246e-09  1.18000000e+00  1.77689322e-07  1.18000000e+00  8.78916976e-10  1.18000000e+00  1.49199829e+00  1.18000000e+00  6.88214190e-01  1.18000000e+00  6.58064602e-01  1.18000000e+00  1.39865973e-04  1.18000000e+00  1.70003430e-04  1.18000000e+00  6.65601318e-04  1.18000000e+00  1.49200266e+00  1.18000000e+00  6.88212588e-01  1.18000000e+00  6.58068525e-01  1.18000000e+00  1.12131526e-04  1.18000000e+00  1.31701947e-04  1.18000000e+00  7.21714781e-04 
 1.19000000e+00  2.95675324e+00  1.19000000e+00  3.03584757e+00  1.19000000e+00  1.07331466e+00  1.19000000e+00  7.72820675e-01  1.19000000e+00  2.92639893e-01  1.19000000e+00  1.42433127e-04  1.19000000e+00  7.61017599e-04  1.19000000e+00  3.15281296e-05  1.19000000e+00  1.01331701e+00  1.19000000e+00  7.59850806e-01  1.19000000e+00  2.57963737e-01  1.19000000e+00  1.09564425e-04  1.19000000e+00  6.91596368e-04  1.19000000e+00  1.38168553e-05  1.19000000e+00  6.10436808e-01  1.19000000e+00  8.86674657e-01  1.19000000e+00  5.13704541e-02  1.19000000e+00  2.02871343e-08  1.19000000e+00  5.80970925e-07  1.19000000e+00  2.88348846e-09  1.19000000e+00  1.07042784e+00  1.19000000e+00  8.86793939e-01  1.19000000e+00  2.11301216e-01  1.19000000e+00  1.42412841e-04  1.19000000e+00  1.15669081e-03  1.19000000e+00  6.31579019e-06  1.19000000e+00  1.04620711e+00  1.19000000e+00  8.93091524e-01  1.19000000e+00  1.88700253e-01  1.19000000e+00  1.09556251e-04  1.19000000e+00  1.00238340e-03  1.19000000e+00  5.35228085e-06  1.19000000e+00  5.86214017e-01  1.19000000e+00  8.93207544e-01  1.19000000e+00  5.14102173e-02  1.19000000e+00  8.17495121e-09  1.19000000e+00  2.36913970e-07  1.19000000e+00  1.17382773e-09  1.19000000e+00  1.49199829e+00  1.19000000e+00  6.88214190e-01  1.19000000e+00  6.58064602e-01  1.19000000e+00  1.39866014e-04  1.19000000e+00  1.70003489e-04  1.19000000e+00  6.65601232e-04  1.19000000e+00  1.49200266e+00  1.19000000e+00  6.88212588e-01  1.19000000e+00  6.58068525e-01  1.19000000e+00  1.12131537e-04  1.19000000e+00  1.31701961e-04  1.19000000e+00  7.21714760e-04 
 1.20000000e+00  2.95676264e+00  1.20000000e+00  3.03583799e+00  1.20000000e+00  1.07331457e+00  1.20000000e+00  7.72820696e-01  1.20000000e+00  2.92639821e-01  1.20000000e+00  1.42433185e-04  1.20000000e+00  7.61018921e-04  1.20000000e+00  3.15269643e-05  1.20000000e+00  1.01331699e+00  1.20000000e+00  7.59850809e-01  1.20000000e+00  2.57963720e-01  1.20000000e+00  1.09564435e-04  1.20000000e+00  6.91596564e-04  1.20000000e+00  1.38167328e-05  1.20000000e+00  6.20432258e-01  1.20000000e+00  8.86675882e-01  1.20000000e+00  5.13966221e-02  1.20000000e+00  2.69933093e-08  1.20000000e+00  7.69687251e-07  1.20000000e+00  3.83087379e-09  1.20000000e+00  1.07042329e+00  1.20000000e+00  8.86795135e-01  1.20000000e+00  2.11296941e-01  1.20000000e+00  1.42406193e-04  1.20000000e+00  1.15666232e-03  1.20000000e+00  6.31560699e-06  1.20000000e+00  1.04620501e+00  1.20000000e+00  8.93092092e-01  1.20000000e+00  1.88698288e-01  1.20000000e+00  1.09553519e-04  1.20000000e+00  1.00236924e-03  1.20000000e+00  5.35220008e-06  1.20000000e+00  5.96211914e-01  1.20000000e+00  8.93208084e-01  1.20000000e+00  5.14210724e-02  1.20000000e+00  1.09179079e-08  1.20000000e+00  3.15516210e-07  1.20000000e+00  1.56625288e-09  1.20000000e+00  1.49199829e+00  1.20000000e+00  6.88214190e-01  1.20000000e+00  6.58064602e-01  1.20000000e+00  1.39866068e-04  1.20000000e+00  1.70003567e-04  1.20000000e+00  6.65601118e-04  1.20000000e+00  1.49200266e+00  1.20000000e+00  6.88212588e-01  1.20000000e+00  6.58068525e-01  1.20000000e+00  1.12131551e-04  1.20000000e+00  1.31701980e-04  1.20000000e+00  7.21714732e-04 
 1.21000000e+00  2.95677503e+00  1.21000000e+00  3.03582536e+00  1.21000000e+00  1.07331447e+00  1.21000000e+00  7.72820723e-01  1.21000000e+00  2.92639725e-01  1.21000000e+00  1.42433262e-04  1.21000000e+00  7.61020670e-04  1.21000000e+00  3.15254223e-05  1.21000000e+00  1.01331697e+00  1.21000000e+00  7.59850815e-01  1.21000000e+00  2.57963697e-01  1.21000000e+00  1.09564449e-04  1.21000000e+00  6.91596825e-04  1.21000000e+00  1.38165699e-05  1.21000000e+00  6.30426238e-01  1.21000000e+00  8.86677502e-01  1.21000000e+00  5.14312165e-02  1.21000000e+00  3.58670472e-08  1.21000000e+00  1.01766690e-06  1.21000000e+00  5.08117780e-09  1.21000000e+00  1.07041727e+00  1.21000000e+00  8.86796719e-01  1.21000000e+00  2.11291284e-01  1.21000000e+00  1.42397397e-04  1.21000000e+00  1.15662462e-03  1.21000000e+00  6.31536460e-06  1.21000000e+00  1.04620221e+00  1.21000000e+00  8.93092849e-01  1.21000000e+00  1.88695673e-01  1.21000000e+00  1.09549883e-04  1.21000000e+00  1.00235039e-03  1.21000000e+00  5.35209257e-06  1.21000000e+00  6.06209115e-01  1.21000000e+00  8.93208803e-01  1.21000000e+00  5.14355122e-02  1.21000000e+00  1.45681196e-08  1.21000000e+00  4.19642658e-07  1.21000000e+00  2.08765396e-09  1.21000000e+00  1.49199829e+00  1.21000000e+00  6.88214190e-01  1.21000000e+00  6.58064602e-01  1.21000000e+00  1.39866140e-04  1.21000000e+00  1.70003671e-04  1.21000000e+00  6.65600968e-04  1.21000000e+00  1.49200266e+00  1.21000000e+00  6.88212588e-01  1.21000000e+00  6.58068525e-01  1.21000000e+00  1.12131570e-04  1.21000000e+00  1.31702006e-04  1.21000000e+00  7.21714694e-04 
 1.22000000e+00  2.95679131e+00  1.22000000e+00  3.03580876e+00  1.22000000e+00  1.07331432e+00  1.22000000e+00  7.72820758e-01  1.22000000e+00  2.92639599e-01  1.22000000e+00  1.42433364e-04  1.22000000e+00  7.61022978e-04  1.22000000e+00  3.15233867e-05  1.22000000e+00  1.01331693e+00  1.22000000e+00  7.59850821e-01  1.22000000e+00  2.57963667e-01  1.22000000e+00  1.09564467e-04  1.22000000e+00  6.91597173e-04  1.22000000e+00  1.38163533e-05  1.22000000e+00  6.40418289e-01  1.22000000e+00  8.86679641e-01  1.22000000e+00  5.14768368e-02  1.22000000e+00  4.75831192e-08  1.22000000e+00  1.34248017e-06  1.22000000e+00  6.72683283e-09  1.22000000e+00  1.07040932e+00  1.22000000e+00  8.86798809e-01  1.22000000e+00  2.11283815e-01  1.22000000e+00  1.42385783e-04  1.22000000e+00  1.15657485e-03  1.22000000e+00  6.31504459e-06  1.22000000e+00  1.04619850e+00  1.22000000e+00  8.93093854e-01  1.22000000e+00  1.88692198e-01  1.22000000e+00  1.09545051e-04  1.22000000e+00  1.00232534e-03  1.22000000e+00  5.35194965e-06  1.22000000e+00  6.16205396e-01  1.22000000e+00  8.93209760e-01  1.22000000e+00  5.14546906e-02  1.22000000e+00  1.94186381e-08  1.22000000e+00  5.57287782e-07  1.22000000e+00  2.77921963e-09  1.22000000e+00  1.49199829e+00  1.22000000e+00  6.88214190e-01  1.22000000e+00  6.58064602e-01  1.22000000e+00  1.39866235e-04  1.22000000e+00  1.70003807e-04  1.22000000e+00  6.65600769e-04  1.22000000e+00  1.49200266e+00  1.22000000e+00  6.88212588e-01  1.22000000e+00  6.58068525e-01  1.22000000e+00  1.12131596e-04  1.22000000e+00  1.31702039e-04  1.22000000e+00  7.21714644e-04 
 1.23000000e+00  2.95681264e+00  1.23000000e+00  3.03578701e+00  1.23000000e+00  1.07331413e+00  1.23000000e+00  7.72820805e-01  1.23000000e+00  2.92639433e-01  1.23000000e+00  1.42433499e-04  1.23000000e+00  7.61026019e-04  1.23000000e+00  3.15207061e-05  1.23000000e+00  1.01331688e+00  1.23000000e+00  7.59850830e-01  1.23000000e+00  2.57963627e-01  1.23000000e+00  1.09564492e-04  1.23000000e+00  6.91597633e-04  1.23000000e+00  1.38160660e-05  1.23000000e+00  6.50407821e-01  1.23000000e+00  8.86682459e-01  1.23000000e+00  5.15368234e-02  1.23000000e+00  6.30131441e-08  1.23000000e+00  1.76639554e-06  1.23000000e+00  8.88618182e-09  1.23000000e+00  1.07039886e+00  1.23000000e+00  8.86801563e-01  1.23000000e+00  2.11273979e-01  1.23000000e+00  1.42370487e-04  1.23000000e+00  1.15650928e-03  1.23000000e+00  6.31462316e-06  1.23000000e+00  1.04619356e+00  1.23000000e+00  8.93095187e-01  1.23000000e+00  1.88687586e-01  1.23000000e+00  1.09538640e-04  1.23000000e+00  1.00229212e-03  1.23000000e+00  5.35175999e-06  1.23000000e+00  6.26200460e-01  1.23000000e+00  8.93211029e-01  1.23000000e+00  5.14801155e-02  1.23000000e+00  2.58534324e-08  1.23000000e+00  7.38797123e-07  1.23000000e+00  3.69464623e-09  1.23000000e+00  1.49199829e+00  1.23000000e+00  6.88214190e-01  1.23000000e+00  6.58064602e-01  1.23000000e+00  1.39866361e-04  1.23000000e+00  1.70003987e-04  1.23000000e+00  6.65600508e-04  1.23000000e+00  1.49200266e+00  1.23000000e+00  6.88212588e-01  1.23000000e+00  6.58068525e-01  1.23000000e+00  1.12131629e-04  1.23000000e+00  1.31702084e-04  1.23000000e+00  7.21714578e-04 
 1.24000000e+00  2.95684048e+00  1.24000000e+00  3.03575861e+00  1.24000000e+00  1.07331389e+00  1.24000000e+00  7.72820867e-01  1.24000000e+00  2.92639215e-01  1.24000000e+00  1.42433675e-04  1.24000000e+00  7.61030011e-04  1.24000000e+00  3.15171865e-05  1.24000000e+00  1.01331682e+00  1.24000000e+00  7.59850842e-01  1.24000000e+00  2.57963574e-01  1.24000000e+00  1.09564525e-04  1.24000000e+00  6.91598244e-04  1.24000000e+00  1.38156854e-05  1.24000000e+00  6.60394074e-01  1.24000000e+00  8.86686159e-01  1.24000000e+00  5.16154372e-02  1.24000000e+00  8.32765092e-08  1.24000000e+00  2.31739860e-06  1.24000000e+00  1.17095871e-08  1.24000000e+00  1.07038511e+00  1.24000000e+00  8.86805180e-01  1.24000000e+00  2.11261060e-01  1.24000000e+00  1.42350400e-04  1.24000000e+00  1.15642318e-03  1.24000000e+00  6.31406977e-06  1.24000000e+00  1.04618702e+00  1.24000000e+00  8.93096952e-01  1.24000000e+00  1.88681479e-01  1.24000000e+00  1.09530153e-04  1.24000000e+00  1.00224813e-03  1.24000000e+00  5.35150877e-06  1.24000000e+00  6.36193922e-01  1.24000000e+00  8.93212711e-01  1.24000000e+00  5.15137500e-02  1.24000000e+00  3.43736426e-08  1.24000000e+00  9.77481604e-07  1.24000000e+00  4.90359376e-09  1.24000000e+00  1.49199829e+00  1.24000000e+00  6.88214190e-01  1.24000000e+00  6.58064602e-01  1.24000000e+00  1.39866525e-04  1.24000000e+00  1.70004224e-04  1.24000000e+00  6.65600164e-04  1.24000000e+00  1.49200266e+00  1.24000000e+00  6.88212588e-01  1.24000000e+00  6.58068525e-01  1.24000000e+00  1.12131674e-04  1.24000000e+00  1.31702143e-04  1.24000000e+00  7.21714490e-04 
 1.25000000e+00  2.95687667e+00  1.25000000e+00  3.03572168e+00  1.25000000e+00  1.07331356e+00  1.25000000e+00  7.72820948e-01  1.25000000e+00  2.92638929e-01  1.25000000e+00  1.42433906e-04  1.25000000e+00  7.61035236e-04  1.25000000e+00  3.15125802e-05  1.25000000e+00  1.01331674e+00  1.25000000e+00  7.59850858e-01  1.25000000e+00  2.57963505e-01  1.25000000e+00  1.09564568e-04  1.25000000e+00  6.91599051e-04  1.25000000e+00  1.38151826e-05  1.25000000e+00  6.70376078e-01  1.25000000e+00  8.86691001e-01  1.25000000e+00  5.17180651e-02  1.25000000e+00  1.09801424e-07  1.25000000e+00  3.03032938e-06  1.25000000e+00  1.53864162e-08  1.25000000e+00  1.07036712e+00  1.25000000e+00  8.86809914e-01  1.25000000e+00  2.11244149e-01  1.25000000e+00  1.42324106e-04  1.25000000e+00  1.15631044e-03  1.25000000e+00  6.31334541e-06  1.25000000e+00  1.04617839e+00  1.25000000e+00  8.93099285e-01  1.25000000e+00  1.88673408e-01  1.25000000e+00  1.09518939e-04  1.25000000e+00  1.00219000e-03  1.25000000e+00  5.35117671e-06  1.25000000e+00  6.46185282e-01  1.25000000e+00  8.93214935e-01  1.25000000e+00  5.15581344e-02  1.25000000e+00  4.56304245e-08  1.25000000e+00  1.29035508e-06  1.25000000e+00  6.49591888e-09  1.25000000e+00  1.49199829e+00  1.25000000e+00  6.88214190e-01  1.25000000e+00  6.58064602e-01  1.25000000e+00  1.39866741e-04  1.25000000e+00  1.70004533e-04  1.25000000e+00  6.65599715e-04  1.25000000e+00  1.49200266e+00  1.25000000e+00  6.88212588e-01  1.25000000e+00  6.58068525e-01  1.25000000e+00  1.12131733e-04  1.25000000e+00  1.31702222e-04  1.25000000e+00  7.21714375e-04 
 1.26000000e+00  2.95692351e+00  1.26000000e+00  3.03567389e+00  1.26000000e+00  1.07331314e+00  1.26000000e+00  7.72821053e-01  1.26000000e+00  2.92638557e-01  1.26000000e+00  1.42434207e-04  1.26000000e+00  7.61042049e-04  1.26000000e+00  3.15065740e-05  1.26000000e+00  1.01331663e+00  1.26000000e+00  7.59850879e-01  1.26000000e+00  2.57963413e-01  1.26000000e+00  1.09564625e-04  1.26000000e+00  6.91600115e-04  1.26000000e+00  1.38145196e-05  1.26000000e+00  6.80352606e-01  1.26000000e+00  8.86697317e-01  1.26000000e+00  5.18514490e-02  1.26000000e+00  1.44396782e-07  1.26000000e+00  3.94810945e-06  1.26000000e+00  2.01527534e-08  1.26000000e+00  1.07034365e+00  1.26000000e+00  8.86816090e-01  1.26000000e+00  2.11222092e-01  1.26000000e+00  1.42289812e-04  1.26000000e+00  1.15616339e-03  1.26000000e+00  6.31240073e-06  1.26000000e+00  1.04616700e+00  1.26000000e+00  8.93102358e-01  1.26000000e+00  1.88662769e-01  1.26000000e+00  1.09504161e-04  1.26000000e+00  1.00211340e-03  1.26000000e+00  5.35073886e-06  1.26000000e+00  6.56173891e-01  1.26000000e+00  8.93217869e-01  1.26000000e+00  5.16165364e-02  1.26000000e+00  6.04655545e-08  1.26000000e+00  1.69900249e-06  1.26000000e+00  8.58676813e-09  1.26000000e+00  1.49199829e+00  1.26000000e+00  6.88214190e-01  1.26000000e+00  6.58064602e-01  1.26000000e+00  1.39867021e-04  1.26000000e+00  1.70004937e-04  1.26000000e+00  6.65599128e-04  1.26000000e+00  1.49200266e+00  1.26000000e+00  6.88212588e-01  1.26000000e+00  6.58068525e-01  1.26000000e+00  1.12131810e-04  1.26000000e+00  1.31702324e-04  1.26000000e+00  7.21714223e-04 
 1.27000000e+00  2.95698382e+00  1.27000000e+00  3.03561235e+00  1.27000000e+00  1.07331259e+00  1.27000000e+00  7.72821189e-01  1.27000000e+00  2.92638073e-01  1.27000000e+00  1.42434598e-04  1.27000000e+00  7.61050897e-04  1.27000000e+00  3.14987747e-05  1.27000000e+00  1.01331649e+00  1.27000000e+00  7.59850906e-01  1.27000000e+00  2.57963293e-01  1.27000000e+00  1.09564701e-04  1.27000000e+00  6.91601515e-04  1.27000000e+00  1.38136482e-05  1.27000000e+00  6.90322114e-01  1.27000000e+00  8.86705521e-01  1.27000000e+00  5.20239259e-02  1.27000000e+00  1.89334934e-07  1.27000000e+00  5.12301163e-06  1.27000000e+00  2.62995213e-08  1.27000000e+00  1.07031316e+00  1.27000000e+00  8.86824113e-01  1.27000000e+00  2.11193437e-01  1.27000000e+00  1.42245264e-04  1.27000000e+00  1.15597233e-03  1.27000000e+00  6.31117369e-06  1.27000000e+00  1.04615202e+00  1.27000000e+00  8.93106397e-01  1.27000000e+00  1.88648783e-01  1.27000000e+00  1.09484741e-04  1.27000000e+00  1.00201273e-03  1.27000000e+00  5.35016315e-06  1.27000000e+00  6.66158916e-01  1.27000000e+00  8.93221727e-01  1.27000000e+00  5.16931271e-02  1.27000000e+00  7.99609408e-08  1.27000000e+00  2.23057819e-06  1.27000000e+00  1.13225731e-08  1.27000000e+00  1.49199829e+00  1.27000000e+00  6.88214190e-01  1.27000000e+00  6.58064602e-01  1.27000000e+00  1.39867386e-04  1.27000000e+00  1.70005461e-04  1.27000000e+00  6.65598366e-04  1.27000000e+00  1.49200266e+00  1.27000000e+00  6.88212588e-01  1.27000000e+00  6.58068525e-01  1.27000000e+00  1.12131912e-04  1.27000000e+00  1.31702459e-04  1.27000000e+00  7.21714024e-04 
 1.28000000e+00  2.95706100e+00  1.28000000e+00  3.03553356e+00  1.28000000e+00  1.07331188e+00  1.28000000e+00  7.72821366e-01  1.28000000e+00  2.92637448e-01  1.28000000e+00  1.42435103e-04  1.28000000e+00  7.61062334e-04  1.28000000e+00  3.14886936e-05  1.28000000e+00  1.01331631e+00  1.28000000e+00  7.59850942e-01  1.28000000e+00  2.57963136e-01  1.28000000e+00  1.09564800e-04  1.28000000e+00  6.91603351e-04  1.28000000e+00  1.38125065e-05  1.28000000e+00  7.00282680e-01  1.28000000e+00  8.86716130e-01  1.28000000e+00  5.22456632e-02  1.28000000e+00  2.47444657e-07  1.28000000e+00  6.61790443e-06  1.28000000e+00  3.41804795e-08  1.28000000e+00  1.07027374e+00  1.28000000e+00  8.86834491e-01  1.28000000e+00  2.11156380e-01  1.28000000e+00  1.42187660e-04  1.28000000e+00  1.15572519e-03  1.28000000e+00  6.30958707e-06  1.28000000e+00  1.04613240e+00  1.28000000e+00  8.93111686e-01  1.28000000e+00  1.88630457e-01  1.28000000e+00  1.09459303e-04  1.28000000e+00  1.00188085e-03  1.28000000e+00  5.34940853e-06  1.28000000e+00  6.76139289e-01  1.28000000e+00  8.93226786e-01  1.28000000e+00  5.17931850e-02  1.28000000e+00  1.05498028e-07  1.28000000e+00  2.91892196e-06  1.28000000e+00  1.48879156e-08  1.28000000e+00  1.49199829e+00  1.28000000e+00  6.88214190e-01  1.28000000e+00  6.58064602e-01  1.28000000e+00  1.39867858e-04  1.28000000e+00  1.70006139e-04  1.28000000e+00  6.65597381e-04  1.28000000e+00  1.49200266e+00  1.28000000e+00  6.88212588e-01  1.28000000e+00  6.58068525e-01  1.28000000e+00  1.12132044e-04  1.28000000e+00  1.31702636e-04  1.28000000e+00  7.21713763e-04 
 1.29000000e+00  2.95715918e+00  1.29000000e+00  3.03543331e+00  1.29000000e+00  1.07331097e+00  1.29000000e+00  7.72821593e-01  1.29000000e+00  2.92636643e-01  1.29000000e+00  1.42435753e-04  1.29000000e+00  7.61077044e-04  1.29000000e+00  3.14757293e-05  1.29000000e+00  1.01331607e+00  1.29000000e+00  7.59850988e-01  1.29000000e+00  2.57962931e-01  1.29000000e+00  1.09564930e-04  1.29000000e+00  6.91605748e-04  1.29000000e+00  1.38110159e-05  1.29000000e+00  7.10231935e-01  1.29000000e+00  8.86729779e-01  1.29000000e+00  5.25288614e-02  1.29000000e+00  3.22212468e-07  1.29000000e+00  8.50738309e-06  1.29000000e+00  4.42193146e-08  1.29000000e+00  1.07022300e+00  1.29000000e+00  8.86847847e-01  1.29000000e+00  2.11108691e-01  1.29000000e+00  1.42113542e-04  1.29000000e+00  1.15540710e-03  1.29000000e+00  6.30754567e-06  1.29000000e+00  1.04610677e+00  1.29000000e+00  8.93118590e-01  1.29000000e+00  1.88606528e-01  1.29000000e+00  1.09426103e-04  1.29000000e+00  1.00170871e-03  1.29000000e+00  5.34842292e-06  1.29000000e+00  6.86113660e-01  1.29000000e+00  8.93233397e-01  1.29000000e+00  5.19233214e-02  1.29000000e+00  1.38827748e-07  1.29000000e+00  3.80576509e-06  1.29000000e+00  1.95131158e-08  1.29000000e+00  1.49199829e+00  1.29000000e+00  6.88214190e-01  1.29000000e+00  6.58064602e-01  1.29000000e+00  1.39868465e-04  1.29000000e+00  1.70007011e-04  1.29000000e+00  6.65596114e-04  1.29000000e+00  1.49200266e+00  1.29000000e+00  6.88212588e-01  1.29000000e+00  6.58068525e-01  1.29000000e+00  1.12132218e-04  1.29000000e+00  1.31702866e-04  1.29000000e+00  7.21713423e-04 
 1.30000000e+00  2.95728320e+00  1.30000000e+00  3.03530664e+00  1.30000000e+00  1.07330980e+00  1.30000000e+00  7.72821884e-01  1.30000000e+00  2.92635613e-01  1.30000000e+00  1.42436585e-04  1.30000000e+00  7.61095858e-04  1.30000000e+00  3.14591502e-05  1.30000000e+00  1.01331576e+00  1.30000000e+00  7.59851048e-01  1.30000000e+00  2.57962665e-01  1.30000000e+00  1.09565099e-04  1.30000000e+00  6.91608868e-04  1.30000000e+00  1.38090777e-05  1.30000000e+00  7.20166985e-01  1.30000000e+00  8.86747247e-01  1.30000000e+00  5.28878883e-02  1.30000000e+00  4.17889043e-07  1.30000000e+00  1.08786788e-05  1.30000000e+00  5.69147596e-08  1.30000000e+00  1.07015806e+00  1.30000000e+00  8.86864943e-01  1.30000000e+00  2.11047653e-01  1.30000000e+00  1.42018697e-04  1.30000000e+00  1.15499986e-03  1.30000000e+00  6.30493338e-06  1.30000000e+00  1.04607344e+00  1.30000000e+00  8.93127565e-01  1.30000000e+00  1.88575408e-01  1.30000000e+00  1.09382950e-04  1.30000000e+00  1.00148491e-03  1.30000000e+00  5.34714075e-06  1.30000000e+00  6.96080324e-01  1.30000000e+00  8.93242000e-01  1.30000000e+00  5.20917189e-02  1.30000000e+00  1.82151091e-07  1.30000000e+00  4.94197941e-06  1.30000000e+00  2.54822315e-08  1.30000000e+00  1.49199829e+00  1.30000000e+00  6.88214190e-01  1.30000000e+00  6.58064602e-01  1.30000000e+00  1.39869241e-04  1.30000000e+00  1.70008126e-04  1.30000000e+00  6.65594493e-04  1.30000000e+00  1.49200266e+00  1.30000000e+00  6.88212588e-01  1.30000000e+00  6.58068525e-01  1.30000000e+00  1.12132442e-04  1.30000000e+00  1.31703164e-04  1.30000000e+00  7.21712982e-04 
 1.31000000e+00  2.95743867e+00  1.31000000e+00  3.03514779e+00  1.31000000e+00  1.07330832e+00  1.31000000e+00  7.72822254e-01  1.31000000e+00  2.92634304e-01  1.31000000e+00  1.42437642e-04  1.31000000e+00  7.61119777e-04  1.31000000e+00  3.14380777e-05  1.31000000e+00  1.01331536e+00  1.31000000e+00  7.59851125e-01  1.31000000e+00  2.57962322e-01  1.31000000e+00  1.09565320e-04  1.31000000e+00  6.91612910e-04  1.31000000e+00  1.38065691e-05  1.31000000e+00  7.30084340e-01  1.31000000e+00  8.86769469e-01  1.31000000e+00  5.33392997e-02  1.31000000e+00  5.39595838e-07  1.31000000e+00  1.38322184e-05  1.31000000e+00  7.28424397e-08  1.31000000e+00  1.07007543e+00  1.31000000e+00  8.86886700e-01  1.31000000e+00  2.10969985e-01  1.31000000e+00  1.41898048e-04  1.31000000e+00  1.15448153e-03  1.31000000e+00  6.30161020e-06  1.31000000e+00  1.04603028e+00  1.31000000e+00  8.93139178e-01  1.31000000e+00  1.88535119e-01  1.31000000e+00  1.09327112e-04  1.31000000e+00  1.00119525e-03  1.31000000e+00  5.34548017e-06  1.31000000e+00  7.06037157e-01  1.31000000e+00  8.93253148e-01  1.31000000e+00  5.23083636e-02  1.31000000e+00  2.38209533e-07  1.31000000e+00  6.38880191e-06  1.31000000e+00  3.31409418e-08  1.31000000e+00  1.49199829e+00  1.31000000e+00  6.88214190e-01  1.31000000e+00  6.58064601e-01  1.31000000e+00  1.39870229e-04  1.31000000e+00  1.70009545e-04  1.31000000e+00  6.65592431e-04  1.31000000e+00  1.49200266e+00  1.31000000e+00  6.88212588e-01  1.31000000e+00  6.58068525e-01  1.31000000e+00  1.12132732e-04  1.31000000e+00  1.31703550e-04  1.31000000e+00  7.21712413e-04 
 1.32000000e+00  2.95763199e+00  1.32000000e+00  3.03495017e+00  1.32000000e+00  1.07330645e+00  1.32000000e+00  7.72822721e-01  1.32000000e+00  2.92632650e-01  1.32000000e+00  1.42438977e-04  1.32000000e+00  7.61149985e-04  1.32000000e+00  3.14114702e-05  1.32000000e+00  1.01331484e+00  1.32000000e+00  7.59851225e-01  1.32000000e+00  2.57961881e-01  1.32000000e+00  1.09565605e-04  1.32000000e+00  6.91618120e-04  1.32000000e+00  1.38033384e-05  1.32000000e+00  7.39979842e-01  1.32000000e+00  8.86797561e-01  1.32000000e+00  5.39016973e-02  1.32000000e+00  6.93425103e-07  1.32000000e+00  1.74816826e-05  1.32000000e+00  9.26519867e-08  1.32000000e+00  1.06997096e+00  1.32000000e+00  8.86914213e-01  1.32000000e+00  2.10871780e-01  1.32000000e+00  1.41745554e-04  1.32000000e+00  1.15382590e-03  1.32000000e+00  6.29740946e-06  1.32000000e+00  1.04597467e+00  1.32000000e+00  8.93154131e-01  1.32000000e+00  1.88483214e-01  1.32000000e+00  1.09255223e-04  1.32000000e+00  1.00082221e-03  1.32000000e+00  5.34334005e-06  1.32000000e+00  7.15981533e-01  1.32000000e+00  8.93267524e-01  1.32000000e+00  5.25852459e-02  1.32000000e+00  3.10383397e-07  1.32000000e+00  8.21894551e-06  1.32000000e+00  4.29035287e-08  1.32000000e+00  1.49199829e+00  1.32000000e+00  6.88214190e-01  1.32000000e+00  6.58064601e-01  1.32000000e+00  1.39871477e-04  1.32000000e+00  1.70011338e-04  1.32000000e+00  6.65589825e-04  1.32000000e+00  1.49200266e+00  1.32000000e+00  6.88212588e-01  1.32000000e+00  6.58068525e-01  1.32000000e+00  1.12133105e-04  1.32000000e+00  1.31704045e-04  1.32000000e+00  7.21711681e-04 
 1.33000000e+00  2.95787031e+00  1.33000000e+00  3.03470645e+00  1.33000000e+00  1.07330409e+00  1.33000000e+00  7.72823307e-01  1.33000000e+00  2.92630573e-01  1.33000000e+00  1.42440652e-04  1.33000000e+00  7.61187871e-04  1.33000000e+00  3.13781119e-05  1.33000000e+00  1.01331418e+00  1.33000000e+00  7.59851351e-01  1.33000000e+00  2.57961318e-01  1.33000000e+00  1.09565973e-04  1.33000000e+00  6.91624798e-04  1.33000000e+00  1.37992006e-05  1.33000000e+00  7.49848601e-01  1.33000000e+00  8.86832835e-01  1.33000000e+00  5.45953772e-02  1.33000000e+00  8.86524405e-07  1.33000000e+00  2.19533816e-05  1.33000000e+00  1.17057989e-07  1.33000000e+00  1.06983974e+00  1.33000000e+00  8.86948773e-01  1.33000000e+00  2.10748441e-01  1.33000000e+00  1.41554130e-04  1.33000000e+00  1.15300215e-03  1.33000000e+00  6.29213532e-06  1.33000000e+00  1.04590339e+00  1.33000000e+00  8.93173281e-01  1.33000000e+00  1.88416706e-01  1.33000000e+00  1.09163180e-04  1.33000000e+00  1.00034437e-03  1.33000000e+00  5.34059673e-06  1.33000000e+00  7.25910245e-01  1.33000000e+00  8.93285961e-01  1.33000000e+00  5.29364927e-02  1.33000000e+00  4.02794777e-07  1.33000000e+00  1.05174864e-05  1.33000000e+00  5.52578961e-08  1.33000000e+00  1.49199829e+00  1.33000000e+00  6.88214191e-01  1.33000000e+00  6.58064601e-01  1.33000000e+00  1.39873043e-04  1.33000000e+00  1.70013588e-04  1.33000000e+00  6.65586555e-04  1.33000000e+00  1.49200266e+00  1.33000000e+00  6.88212588e-01  1.33000000e+00  6.58068525e-01  1.33000000e+00  1.12133581e-04  1.33000000e+00  1.31704678e-04  1.33000000e+00  7.21710747e-04 
 1.34000000e+00  2.95816138e+00  1.34000000e+00  3.03440864e+00  1.34000000e+00  1.07330116e+00  1.34000000e+00  7.72824037e-01  1.34000000e+00  2.92627987e-01  1.34000000e+00  1.42442737e-04  1.34000000e+00  7.61235029e-04  1.34000000e+00  3.13366063e-05  1.34000000e+00  1.01331334e+00  1.34000000e+00  7.59851511e-01  1.34000000e+00  2.57960604e-01  1.34000000e+00  1.09566443e-04  1.34000000e+00  6.91633310e-04  1.34000000e+00  1.37939333e-05  1.34000000e+00  7.59684948e-01  1.34000000e+00  8.86876808e-01  1.34000000e+00  5.54417376e-02  1.34000000e+00  1.12715456e-06  1.34000000e+00  2.73847302e-05  1.34000000e+00  1.46823628e-07  1.34000000e+00  1.06967612e+00  1.34000000e+00  8.86991874e-01  1.34000000e+00  2.10594642e-01  1.34000000e+00  1.41315586e-04  1.34000000e+00  1.15197444e-03  1.34000000e+00  6.28556102e-06  1.34000000e+00  1.04581258e+00  1.34000000e+00  8.93197661e-01  1.34000000e+00  1.88331984e-01  1.34000000e+00  1.09046035e-04  1.34000000e+00  9.99735856e-04  1.34000000e+00  5.33710080e-06  1.34000000e+00  7.35819414e-01  1.34000000e+00  8.93309471e-01  1.34000000e+00  5.33783848e-02  1.34000000e+00  5.20409927e-07  1.34000000e+00  1.33823968e-05  1.34000000e+00  7.07673115e-08  1.34000000e+00  1.49199829e+00  1.34000000e+00  6.88214191e-01  1.34000000e+00  6.58064601e-01  1.34000000e+00  1.39874994e-04  1.34000000e+00  1.70016391e-04  1.34000000e+00  6.65582481e-04  1.34000000e+00  1.49200266e+00  1.34000000e+00  6.88212588e-01  1.34000000e+00  6.58068525e-01  1.34000000e+00  1.12134186e-04  1.34000000e+00  1.31705482e-04  1.34000000e+00  7.21709560e-04 
 1.35000000e+00  2.95851339e+00  1.35000000e+00  3.03404827e+00  1.35000000e+00  1.07329753e+00  1.35000000e+00  7.72824939e-01  1.35000000e+00  2.92624791e-01  1.35000000e+00  1.42445313e-04  1.35000000e+00  7.61293263e-04  1.35000000e+00  3.12853784e-05  1.35000000e+00  1.01331228e+00  1.35000000e+00  7.59851713e-01  1.35000000e+00  2.57959702e-01  1.35000000e+00  1.09567041e-04  1.35000000e+00  6.91644087e-04  1.35000000e+00  1.37872716e-05  1.35000000e+00  7.69482411e-01  1.35000000e+00  8.86931214e-01  1.35000000e+00  5.64624419e-02  1.35000000e+00  1.42470778e-06  1.35000000e+00  3.39215766e-05  1.35000000e+00  1.82736454e-07  1.35000000e+00  1.06947362e+00  1.35000000e+00  8.87045224e-01  1.35000000e+00  2.10404302e-01  1.35000000e+00  1.41020611e-04  1.35000000e+00  1.15070180e-03  1.35000000e+00  6.27742802e-06  1.35000000e+00  1.04569759e+00  1.35000000e+00  8.93228502e-01  1.35000000e+00  1.88224746e-01  1.35000000e+00  1.08897910e-04  1.35000000e+00  9.98965827e-04  1.35000000e+00  5.33267392e-06  1.35000000e+00  7.45704411e-01  1.35000000e+00  8.93339261e-01  1.35000000e+00  5.39292116e-02  1.35000000e+00  6.69134049e-07  1.35000000e+00  1.69245688e-05  1.35000000e+00  9.00673997e-08  1.35000000e+00  1.49199829e+00  1.35000000e+00  6.88214191e-01  1.35000000e+00  6.58064600e-01  1.35000000e+00  1.39877405e-04  1.35000000e+00  1.70019856e-04  1.35000000e+00  6.65577445e-04  1.35000000e+00  1.49200266e+00  1.35000000e+00  6.88212588e-01  1.35000000e+00  6.58068525e-01  1.35000000e+00  1.12134949e-04  1.35000000e+00  1.31706496e-04  1.35000000e+00  7.21708062e-04 
 1.36000000e+00  2.95893471e+00  1.36000000e+00  3.03361666e+00  1.36000000e+00  1.07329309e+00  1.36000000e+00  7.72826044e-01  1.36000000e+00  2.92620873e-01  1.36000000e+00  1.42448469e-04  1.36000000e+00  7.61364574e-04  1.36000000e+00  3.12226882e-05  1.36000000e+00  1.01331096e+00  1.36000000e+00  7.59851964e-01  1.36000000e+00  2.57958574e-01  1.36000000e+00  1.09567797e-04  1.36000000e+00  6.91657638e-04  1.36000000e+00  1.37789057e-05  1.36000000e+00  7.79233724e-01  1.36000000e+00  8.86997995e-01  1.36000000e+00  5.76783695e-02  1.36000000e+00  1.78967138e-06  1.36000000e+00  4.17141565e-05  1.36000000e+00  2.25576723e-07  1.36000000e+00  1.06922497e+00  1.36000000e+00  8.87110741e-01  1.36000000e+00  2.10170597e-01  1.36000000e+00  1.40658806e-04  1.36000000e+00  1.14913809e-03  1.36000000e+00  6.26744659e-06  1.36000000e+00  1.04555299e+00  1.36000000e+00  8.93267254e-01  1.36000000e+00  1.88089925e-01  1.36000000e+00  1.08711912e-04  1.36000000e+00  9.97997975e-04  1.36000000e+00  5.32710614e-06  1.36000000e+00  7.55559788e-01  1.36000000e+00  8.93376753e-01  1.36000000e+00  5.46089129e-02  1.36000000e+00  8.55889210e-07  1.36000000e+00  2.12671440e-05  1.36000000e+00  1.13856934e-07  1.36000000e+00  1.49199829e+00  1.36000000e+00  6.88214191e-01  1.36000000e+00  6.58064600e-01  1.36000000e+00  1.39880362e-04  1.36000000e+00  1.70024104e-04  1.36000000e+00  6.65571273e-04  1.36000000e+00  1.49200266e+00  1.36000000e+00  6.88212588e-01  1.36000000e+00  6.58068524e-01  1.36000000e+00  1.12135905e-04  1.36000000e+00  1.31707767e-04  1.36000000e+00  7.21706185e-04 
 1.37000000e+00  2.95943349e+00  1.37000000e+00  3.03310532e+00  1.37000000e+00  1.07328769e+00  1.37000000e+00  7.72827387e-01  1.37000000e+00  2.92616111e-01  1.37000000e+00  1.42452303e-04  1.37000000e+00  7.61451127e-04  1.37000000e+00  3.11466573e-05  1.37000000e+00  1.01330931e+00  1.37000000e+00  7.59852277e-01  1.37000000e+00  2.57957171e-01  1.37000000e+00  1.09568745e-04  1.37000000e+00  6.91674552e-04  1.37000000e+00  1.37684786e-05  1.37000000e+00  7.88930878e-01  1.37000000e+00  8.87079290e-01  1.37000000e+00  5.91084344e-02  1.37000000e+00  2.23352247e-06  1.37000000e+00  5.09115410e-05  1.37000000e+00  2.76079907e-07  1.37000000e+00  1.06892218e+00  1.37000000e+00  8.87190539e-01  1.37000000e+00  2.09886006e-01  1.37000000e+00  1.40218792e-04  1.37000000e+00  1.14723231e-03  1.37000000e+00  6.25529800e-06  1.37000000e+00  1.04537245e+00  1.37000000e+00  8.93315593e-01  1.37000000e+00  1.87921650e-01  1.37000000e+00  1.08480087e-04  1.37000000e+00  9.96790173e-04  1.37000000e+00  5.32015388e-06  1.37000000e+00  7.65379219e-01  1.37000000e+00  8.93423601e-01  1.37000000e+00  5.54384791e-02  1.37000000e+00  1.08866391e-06  1.37000000e+00  2.65439290e-05  1.37000000e+00  1.42881251e-07  1.37000000e+00  1.49199829e+00  1.37000000e+00  6.88214191e-01  1.37000000e+00  6.58064600e-01  1.37000000e+00  1.39883954e-04  1.37000000e+00  1.70029266e-04  1.37000000e+00  6.65563771e-04  1.37000000e+00  1.49200266e+00  1.37000000e+00  6.88212588e-01  1.37000000e+00  6.58068524e-01  1.37000000e+00  1.12137093e-04  1.37000000e+00  1.31709347e-04  1.37000000e+00  7.21703851e-04 
 1.38000000e+00  2.96001724e+00  1.38000000e+00  3.03250641e+00  1.38000000e+00  1.07328119e+00  1.38000000e+00  7.72829003e-01  1.38000000e+00  2.92610377e-01  1.38000000e+00  1.42456917e-04  1.38000000e+00  7.61555216e-04  1.38000000e+00  3.10553118e-05  1.38000000e+00  1.01330728e+00  1.38000000e+00  7.59852661e-01  1.38000000e+00  2.57955441e-01  1.38000000e+00  1.09569925e-04  1.38000000e+00  6.91695498e-04  1.38000000e+00  1.37555859e-05  1.38000000e+00  7.98565222e-01  1.38000000e+00  8.87177405e-01  1.38000000e+00  6.07683882e-02  1.38000000e+00  2.76854184e-06  1.38000000e+00  6.16546711e-05  1.38000000e+00  3.34896328e-07  1.38000000e+00  1.06855660e+00  1.38000000e+00  8.87286901e-01  1.38000000e+00  2.09542410e-01  1.38000000e+00  1.39688392e-04  1.38000000e+00  1.14492909e-03  1.38000000e+00  6.24063886e-06  1.38000000e+00  1.04514875e+00  1.38000000e+00  8.93375433e-01  1.38000000e+00  1.87713216e-01  1.38000000e+00  1.08193412e-04  1.38000000e+00  9.95294296e-04  1.38000000e+00  5.31153895e-06  1.38000000e+00  7.75155477e-01  1.38000000e+00  8.93481697e-01  1.38000000e+00  5.64391014e-02  1.38000000e+00  1.37652070e-06  1.38000000e+00  3.28966534e-05  1.38000000e+00  1.77907741e-07  1.38000000e+00  1.49199829e+00  1.38000000e+00  6.88214191e-01  1.38000000e+00  6.58064599e-01  1.38000000e+00  1.39888282e-04  1.38000000e+00  1.70035483e-04  1.38000000e+00  6.65554735e-04  1.38000000e+00  1.49200266e+00  1.38000000e+00  6.88212588e-01  1.38000000e+00  6.58068524e-01  1.38000000e+00  1.12138560e-04  1.38000000e+00  1.31711297e-04  1.38000000e+00  7.21700972e-04 
 1.39000000e+00  2.96069225e+00  1.39000000e+00  3.03181324e+00  1.39000000e+00  1.07327343e+00  1.39000000e+00  7.72830929e-01  1.39000000e+00  2.92603536e-01  1.39000000e+00  1.42462418e-04  1.39000000e+00  7.61679191e-04  1.39000000e+00  3.09466409e-05  1.39000000e+00  1.01330479e+00  1.39000000e+00  7.59853129e-01  1.39000000e+00  2.57953324e-01  1.39000000e+00  1.09571382e-04  1.39000000e+00  6.91721221e-04  1.39000000e+00  1.37397792e-05  1.39000000e+00  8.08127619e-01  1.39000000e+00  8.87294773e-01  1.39000000e+00  6.26697476e-02  1.39000000e+00  3.40754206e-06  1.39000000e+00  7.40683926e-05  1.39000000e+00  4.02551904e-07  1.39000000e+00  1.06811907e+00  1.39000000e+00  8.87402240e-01  1.39000000e+00  2.09131237e-01  1.39000000e+00  1.39054899e-04  1.39000000e+00  1.14216966e-03  1.39000000e+00  6.22310752e-06  1.39000000e+00  1.04487376e+00  1.39000000e+00  8.93448921e-01  1.39000000e+00  1.87457105e-01  1.39000000e+00  1.07841846e-04  1.39000000e+00  9.93456281e-04  1.39000000e+00  5.30094915e-06  1.39000000e+00  7.84880445e-01  1.39000000e+00  8.93553167e-01  1.39000000e+00  5.76311089e-02  1.39000000e+00  1.72954689e-06  1.39000000e+00  4.04708432e-05  1.39000000e+00  2.19693813e-07  1.39000000e+00  1.49199829e+00  1.39000000e+00  6.88214192e-01  1.39000000e+00  6.58064598e-01  1.39000000e+00  1.39893445e-04  1.39000000e+00  1.70042902e-04  1.39000000e+00  6.65543952e-04  1.39000000e+00  1.49200266e+00  1.39000000e+00  6.88212588e-01  1.39000000e+00  6.58068524e-01  1.39000000e+00  1.12140355e-04  1.39000000e+00  1.31713683e-04  1.39000000e+00  7.21697447e-04 
 1.40000000e+00  2.96146308e+00  1.40000000e+00  3.03102088e+00  1.40000000e+00  1.07326426e+00  1.40000000e+00  7.72833203e-01  1.40000000e+00  2.92595453e-01  1.40000000e+00  1.42468915e-04  1.40000000e+00  7.61825386e-04  1.40000000e+00  3.08186707e-05  1.40000000e+00  1.01330177e+00  1.40000000e+00  7.59853696e-01  1.40000000e+00  2.57950758e-01  1.40000000e+00  1.09573165e-04  1.40000000e+00  6.91752537e-04  1.40000000e+00  1.37205718e-05  1.40000000e+00  8.17608641e-01  1.40000000e+00  8.87433897e-01  1.40000000e+00  6.48189844e-02  1.40000000e+00  4.16351477e-06  1.40000000e+00  8.82532599e-05  1.40000000e+00  4.79414509e-07  1.40000000e+00  1.06760019e+00  1.40000000e+00  8.87539044e-01  1.40000000e+00  2.08643655e-01  1.40000000e+00  1.38305431e-04  1.40000000e+00  1.13889296e-03  1.40000000e+00  6.20233251e-06  1.40000000e+00  1.04453854e+00  1.40000000e+00  8.93538415e-01  1.40000000e+00  1.87145042e-01  1.40000000e+00  1.07414447e-04  1.40000000e+00  9.91216508e-04  1.40000000e+00  5.28804079e-06  1.40000000e+00  7.94545175e-01  1.40000000e+00  8.93640357e-01  1.40000000e+00  5.90327726e-02  1.40000000e+00  2.15873385e-06  1.40000000e+00  4.94101914e-05  1.40000000e+00  2.68949027e-07  1.40000000e+00  1.49199829e+00  1.40000000e+00  6.88214192e-01  1.40000000e+00  6.58064597e-01  1.40000000e+00  1.39899547e-04  1.40000000e+00  1.70051670e-04  1.40000000e+00  6.65531210e-04  1.40000000e+00  1.49200266e+00  1.40000000e+00  6.88212588e-01  1.40000000e+00  6.58068523e-01  1.40000000e+00  1.12142534e-04  1.40000000e+00  1.31716578e-04  1.40000000e+00  7.21693171e-04 
 1.41000000e+00  2.96233202e+00  1.41000000e+00  3.03012665e+00  1.41000000e+00  1.07325352e+00  1.41000000e+00  7.72835861e-01  1.41000000e+00  2.92585997e-01  1.41000000e+00  1.42476510e-04  1.41000000e+00  7.61996028e-04  1.41000000e+00  3.06695480e-05  1.41000000e+00  1.01329814e+00  1.41000000e+00  7.59854375e-01  1.41000000e+00  2.57947673e-01  1.41000000e+00  1.09575328e-04  1.41000000e+00  6.91790314e-04  1.41000000e+00  1.36974492e-05  1.41000000e+00  8.26998820e-01  1.41000000e+00  8.87597285e-01  1.41000000e+00  6.72170791e-02  1.41000000e+00  5.04921555e-06  1.41000000e+00  1.04278122e-04  1.41000000e+00  5.65670081e-07  1.41000000e+00  1.06699048e+00  1.41000000e+00  8.87699814e-01  1.41000000e+00  2.08070801e-01  1.41000000e+00  1.37427336e-04  1.41000000e+00  1.13503712e-03  1.41000000e+00  6.17794251e-06  1.41000000e+00  1.04413344e+00  1.41000000e+00  8.93646458e-01  1.41000000e+00  1.86768111e-01  1.41000000e+00  1.06899577e-04  1.41000000e+00  9.88510543e-04  1.41000000e+00  5.27244340e-06  1.41000000e+00  8.04140006e-01  1.41000000e+00  8.93745803e-01  1.41000000e+00  6.06590957e-02  1.41000000e+00  2.67577360e-06  1.41000000e+00  5.98495305e-05  1.41000000e+00  3.26294380e-07  1.41000000e+00  1.49199829e+00  1.41000000e+00  6.88214192e-01  1.41000000e+00  6.58064596e-01  1.41000000e+00  1.39906687e-04  1.41000000e+00  1.70061929e-04  1.41000000e+00  6.65516301e-04  1.41000000e+00  1.49200266e+00  1.41000000e+00  6.88212589e-01  1.41000000e+00  6.58068523e-01  1.41000000e+00  1.12145153e-04  1.41000000e+00  1.31720060e-04  1.41000000e+00  7.21688030e-04 
 1.42000000e+00  2.96329877e+00  1.42000000e+00  3.02913049e+00  1.42000000e+00  1.07324109e+00  1.42000000e+00  7.72838936e-01  1.42000000e+00  2.92575046e-01  1.42000000e+00  1.42485301e-04  1.42000000e+00  7.62193138e-04  1.42000000e+00  3.04976277e-05  1.42000000e+00  1.01329381e+00  1.42000000e+00  7.59855180e-01  1.42000000e+00  2.57944001e-01  1.42000000e+00  1.09577928e-04  1.42000000e+00  6.91835455e-04  1.42000000e+00  1.36698830e-05  1.42000000e+00  8.36288904e-01  1.42000000e+00  8.87787376e-01  1.42000000e+00  6.98594900e-02  1.42000000e+00  6.07671610e-06  1.42000000e+00  1.22174525e-04  1.42000000e+00  6.61311363e-07  1.42000000e+00  1.06628069e+00  1.42000000e+00  8.87886990e-01  1.42000000e+00  2.07404036e-01  1.42000000e+00  1.36408637e-04  1.42000000e+00  1.13054101e-03  1.42000000e+00  6.14957711e-06  1.42000000e+00  1.04364825e+00  1.42000000e+00  8.93775728e-01  1.42000000e+00  1.86316928e-01  1.42000000e+00  1.06285191e-04  1.42000000e+00  9.85270273e-04  1.42000000e+00  5.25376698e-06  1.42000000e+00  8.13654739e-01  1.42000000e+00  8.93872183e-01  1.42000000e+00  6.25207360e-02  1.42000000e+00  3.29276880e-06  1.42000000e+00  7.19068455e-05  1.42000000e+00  3.92222866e-07  1.42000000e+00  1.49199829e+00  1.42000000e+00  6.88214193e-01  1.42000000e+00  6.58064595e-01  1.42000000e+00  1.39914957e-04  1.42000000e+00  1.70073814e-04  1.42000000e+00  6.65499029e-04  1.42000000e+00  1.49200266e+00  1.42000000e+00  6.88212589e-01  1.42000000e+00  6.58068523e-01  1.42000000e+00  1.12148273e-04  1.42000000e+00  1.31724207e-04  1.42000000e+00  7.21681904e-04 
 1.43000000e+00  2.96436025e+00  1.43000000e+00  3.02803518e+00  1.43000000e+00  1.07322684e+00  1.43000000e+00  7.72842455e-01  1.43000000e+00  2.92562492e-01  1.43000000e+00  1.42495373e-04  1.43000000e+00  7.62418442e-04  1.43000000e+00  3.03015569e-05  1.43000000e+00  1.01328871e+00  1.43000000e+00  7.59856126e-01  1.43000000e+00  2.57939671e-01  1.43000000e+00  1.09581023e-04  1.43000000e+00  6.91888866e-04  1.43000000e+00  1.36373488e-05  1.43000000e+00  8.45470117e-01  1.43000000e+00  8.88006477e-01  1.43000000e+00  7.27365183e-02  1.43000000e+00  7.25696183e-06  1.43000000e+00  1.41933717e-04  1.43000000e+00  7.66140237e-07  1.43000000e+00  1.06546205e+00  1.43000000e+00  8.88102885e-01  1.43000000e+00  2.06635186e-01  1.43000000e+00  1.35238475e-04  1.43000000e+00  1.12534581e-03  1.43000000e+00  6.11689740e-06  1.43000000e+00  1.04307248e+00  1.43000000e+00  8.93928973e-01  1.43000000e+00  1.85781865e-01  1.43000000e+00  1.05559201e-04  1.43000000e+00  9.81425408e-04  1.43000000e+00  5.23161145e-06  1.43000000e+00  8.23078873e-01  1.43000000e+00  8.94022254e-01  1.43000000e+00  6.46232004e-02  1.43000000e+00  4.02186324e-06  1.43000000e+00  8.56751167e-05  1.43000000e+00  4.67065919e-07  1.43000000e+00  1.49199829e+00  1.43000000e+00  6.88214194e-01  1.43000000e+00  6.58064594e-01  1.43000000e+00  1.39924442e-04  1.43000000e+00  1.70087443e-04  1.43000000e+00  6.65479222e-04  1.43000000e+00  1.49200266e+00  1.43000000e+00  6.88212589e-01  1.43000000e+00  6.58068522e-01  1.43000000e+00  1.12151955e-04  1.43000000e+00  1.31729102e-04  1.43000000e+00  7.21674675e-04 
 1.44000000e+00  2.96551066e+00  1.44000000e+00  3.02684622e+00  1.44000000e+00  1.07321065e+00  1.44000000e+00  7.72846444e-01  1.44000000e+00  2.92548245e-01  1.44000000e+00  1.42506796e-04  1.44000000e+00  7.62673293e-04  1.44000000e+00  3.00803450e-05  1.44000000e+00  1.01328275e+00  1.44000000e+00  7.59857228e-01  1.44000000e+00  2.57934614e-01  1.44000000e+00  1.09584670e-04  1.44000000e+00  6.91951429e-04  1.44000000e+00  1.35993469e-05  1.44000000e+00  8.54534391e-01  1.44000000e+00  8.88256693e-01  1.44000000e+00  7.58339973e-02  1.44000000e+00  8.59937369e-06  1.44000000e+00  1.63506600e-04  1.44000000e+00  8.79782588e-07  1.44000000e+00  1.06452650e+00  1.44000000e+00  8.88349621e-01  1.44000000e+00  2.05756771e-01  1.44000000e+00  1.33907501e-04  1.44000000e+00  1.11939642e-03  1.44000000e+00  6.07959541e-06  1.44000000e+00  1.04239559e+00  1.44000000e+00  8.94108939e-01  1.44000000e+00  1.85153314e-01  1.44000000e+00  1.04709911e-04  1.44000000e+00  9.76905258e-04  1.44000000e+00  5.20557782e-06  1.44000000e+00  8.32401882e-01  1.44000000e+00  8.94198781e-01  1.44000000e+00  6.69664170e-02  1.44000000e+00  4.87481326e-06  1.44000000e+00  1.01215026e-04  1.44000000e+00  5.50969962e-07  1.44000000e+00  1.49199828e+00  1.44000000e+00  6.88214194e-01  1.44000000e+00  6.58064592e-01  1.44000000e+00  1.39935210e-04  1.44000000e+00  1.70102917e-04  1.44000000e+00  6.65456735e-04  1.44000000e+00  1.49200266e+00  1.44000000e+00  6.88212589e-01  1.44000000e+00  6.58068521e-01  1.44000000e+00  1.12156258e-04  1.44000000e+00  1.31734822e-04  1.44000000e+00  7.21666227e-04 
 1.45000000e+00  2.96674183e+00  1.45000000e+00  3.02557156e+00  1.45000000e+00  1.07319245e+00  1.45000000e+00  7.72850918e-01  1.45000000e+00  2.92532234e-01  1.45000000e+00  1.42519626e-04  1.45000000e+00  7.62958610e-04  1.45000000e+00  2.98334160e-05  1.45000000e+00  1.01327584e+00  1.45000000e+00  7.59858496e-01  1.45000000e+00  2.57928766e-01  1.45000000e+00  1.09588925e-04  1.45000000e+00  6.92023964e-04  1.45000000e+00  1.35554236e-05  1.45000000e+00  8.63474551e-01  1.45000000e+00  8.88539883e-01  1.45000000e+00  7.91341964e-02  1.45000000e+00  1.01115271e-05  1.45000000e+00  1.86806449e-04  1.45000000e+00  1.00171292e-06  1.45000000e+00  1.06346685e+00  1.45000000e+00  8.88629081e-01  1.45000000e+00  2.04762186e-01  1.45000000e+00  1.32408191e-04  1.45000000e+00  1.11264261e-03  1.45000000e+00  6.03740165e-06  1.45000000e+00  1.04160734e+00  1.45000000e+00  8.94318293e-01  1.45000000e+00  1.84421979e-01  1.45000000e+00  1.03726460e-04  1.45000000e+00  9.71640657e-04  1.45000000e+00  5.17528036e-06  1.45000000e+00  8.41613510e-01  1.45000000e+00  8.94404453e-01  1.45000000e+00  6.95447340e-02  1.45000000e+00  5.86253284e-06  1.45000000e+00  1.18549574e-04  1.45000000e+00  6.43885973e-07  1.45000000e+00  1.49199828e+00  1.45000000e+00  6.88214195e-01  1.45000000e+00  6.58064591e-01  1.45000000e+00  1.39947315e-04  1.45000000e+00  1.70120313e-04  1.45000000e+00  6.65431453e-04  1.45000000e+00  1.49200266e+00  1.45000000e+00  6.88212590e-01  1.45000000e+00  6.58068521e-01  1.45000000e+00  1.12161238e-04  1.45000000e+00  1.31741442e-04  1.45000000e+00  7.21656451e-04 
 1.46000000e+00  2.96804378e+00  1.46000000e+00  3.02422103e+00  1.46000000e+00  1.07317219e+00  1.46000000e+00  7.72855887e-01  1.46000000e+00  2.92514414e-01  1.46000000e+00  1.42533899e-04  1.46000000e+00  7.63274846e-04  1.46000000e+00  2.95606367e-05  1.46000000e+00  1.01326793e+00  1.46000000e+00  7.59859941e-01  1.46000000e+00  2.57922069e-01  1.46000000e+00  1.09593839e-04  1.46000000e+00  6.92107202e-04  1.46000000e+00  1.35051913e-05  1.46000000e+00  8.72284441e-01  1.46000000e+00  8.88857626e-01  1.46000000e+00  8.26168184e-02  1.46000000e+00  1.17989292e-05  1.46000000e+00  2.11713841e-04  1.46000000e+00  1.13128505e-06  1.46000000e+00  1.06227695e+00  1.46000000e+00  8.88942871e-01  1.46000000e+00  2.03645820e-01  1.46000000e+00  1.30735074e-04  1.46000000e+00  1.10503987e-03  1.46000000e+00  5.99009024e-06  1.46000000e+00  1.04069804e+00  1.46000000e+00  8.94559543e-01  1.46000000e+00  1.83579151e-01  1.46000000e+00  1.02599270e-04  1.46000000e+00  9.65565845e-04  1.46000000e+00  5.14035843e-06  1.46000000e+00  8.50704065e-01  1.46000000e+00  8.94641809e-01  1.46000000e+00  7.23473249e-02  1.46000000e+00  6.99465224e-06  1.46000000e+00  1.37661373e-04  1.46000000e+00  7.45572974e-07  1.46000000e+00  1.49199828e+00  1.46000000e+00  6.88214196e-01  1.46000000e+00  6.58064589e-01  1.46000000e+00  1.39960795e-04  1.46000000e+00  1.70139685e-04  1.46000000e+00  6.65403302e-04  1.46000000e+00  1.49200266e+00  1.46000000e+00  6.88212590e-01  1.46000000e+00  6.58068520e-01  1.46000000e+00  1.12166945e-04  1.46000000e+00  1.31749028e-04  1.46000000e+00  7.21645247e-04 
 1.47000000e+00  2.96940531e+00  1.47000000e+00  3.02280573e+00  1.47000000e+00  1.07314983e+00  1.47000000e+00  7.72861354e-01  1.47000000e+00  2.92494763e-01  1.47000000e+00  1.42549630e-04  1.47000000e+00  7.63621979e-04  1.47000000e+00  2.92623204e-05  1.47000000e+00  1.01325895e+00  1.47000000e+00  7.59861573e-01  1.47000000e+00  2.57914476e-01  1.47000000e+00  1.09599457e-04  1.47000000e+00  6.92201753e-04  1.47000000e+00  1.34483460e-05  1.47000000e+00  8.80958985e-01  1.47000000e+00  8.89211203e-01  1.47000000e+00  8.62599834e-02  1.47000000e+00  1.36649017e-05  1.47000000e+00  2.38082997e-04  1.47000000e+00  1.26776511e-06  1.47000000e+00  1.06095173e+00  1.47000000e+00  8.89292306e-01  1.47000000e+00  2.02403130e-01  1.47000000e+00  1.28884845e-04  1.47000000e+00  1.09654984e-03  1.47000000e+00  5.93748152e-06  1.47000000e+00  1.03965881e+00  1.47000000e+00  8.94834974e-01  1.47000000e+00  1.82616960e-01  1.47000000e+00  1.01320427e-04  1.47000000e+00  9.58620153e-04  1.47000000e+00  5.10048711e-06  1.47000000e+00  8.59664668e-01  1.47000000e+00  8.94913166e-01  1.47000000e+00  7.53589217e-02  1.47000000e+00  8.27913024e-06  1.47000000e+00  1.58492953e-04  1.47000000e+00  8.55614241e-07  1.47000000e+00  1.49199828e+00  1.47000000e+00  6.88214196e-01  1.47000000e+00  6.58064587e-01  1.47000000e+00  1.39975667e-04  1.47000000e+00  1.70161060e-04  1.47000000e+00  6.65372239e-04  1.47000000e+00  1.49200266e+00  1.47000000e+00  6.88212590e-01  1.47000000e+00  6.58068519e-01  1.47000000e+00  1.12173422e-04  1.47000000e+00  1.31757638e-04  1.47000000e+00  7.21632531e-04 
 1.48000000e+00  2.97081474e+00  1.48000000e+00  3.02133734e+00  1.48000000e+00  1.07312537e+00  1.48000000e+00  7.72867315e-01  1.48000000e+00  2.92473282e-01  1.48000000e+00  1.42566818e-04  1.48000000e+00  7.63999523e-04  1.48000000e+00  2.89392082e-05  1.48000000e+00  1.01324886e+00  1.48000000e+00  7.59863397e-01  1.48000000e+00  2.57905946e-01  1.48000000e+00  1.09605818e-04  1.48000000e+00  6.92308084e-04  1.48000000e+00  1.33846799e-05  1.48000000e+00  8.89494193e-01  1.48000000e+00  8.89601600e-01  1.48000000e+00  9.00411175e-02  1.48000000e+00  1.57105646e-05  1.48000000e+00  2.65748734e-04  1.48000000e+00  1.41036359e-06  1.48000000e+00  1.05948719e+00  1.48000000e+00  8.89678405e-01  1.48000000e+00  2.01030649e-01  1.48000000e+00  1.26856381e-04  1.48000000e+00  1.08714045e-03  1.48000000e+00  5.87944230e-06  1.48000000e+00  1.03848178e+00  1.48000000e+00  8.95146594e-01  1.48000000e+00  1.81528570e-01  1.48000000e+00  9.98839817e-05  1.48000000e+00  9.50749344e-04  1.48000000e+00  5.05538562e-06  1.48000000e+00  8.68487460e-01  1.48000000e+00  8.95220568e-01  1.48000000e+00  7.85607597e-02  1.48000000e+00  9.72195241e-06  1.48000000e+00  1.80949841e-04  1.48000000e+00  9.73443282e-07  1.48000000e+00  1.49199828e+00  1.48000000e+00  6.88214197e-01  1.48000000e+00  6.58064584e-01  1.48000000e+00  1.39991934e-04  1.48000000e+00  1.70184440e-04  1.48000000e+00  6.65338263e-04  1.48000000e+00  1.49200266e+00  1.48000000e+00  6.88212591e-01  1.48000000e+00  6.58068518e-01  1.48000000e+00  1.12180704e-04  1.48000000e+00  1.31767319e-04  1.48000000e+00  7.21618233e-04 
 1.49000000e+00  2.97226050e+00  1.49000000e+00  3.01982744e+00  1.49000000e+00  1.07309884e+00  1.49000000e+00  7.72873758e-01  1.49000000e+00  2.92449995e-01  1.49000000e+00  1.42585446e-04  1.49000000e+00  7.64406571e-04  1.49000000e+00  2.85924304e-05  1.49000000e+00  1.01323761e+00  1.49000000e+00  7.59865416e-01  1.49000000e+00  2.57896451e-01  1.49000000e+00  1.09612951e-04  1.49000000e+00  6.92426512e-04  1.49000000e+00  1.33140885e-05  1.49000000e+00  8.97887112e-01  1.49000000e+00  8.90029520e-01  1.49000000e+00  9.39376974e-02  1.49000000e+00  1.79349062e-05  1.49000000e+00  2.94533344e-04  1.49000000e+00  1.55826420e-06  1.49000000e+00  1.05788039e+00  1.49000000e+00  8.90101904e-01  1.49000000e+00  1.99525956e-01  1.49000000e+00  1.24650677e-04  1.49000000e+00  1.07678575e-03  1.49000000e+00  5.81588421e-06  1.49000000e+00  1.03716024e+00  1.49000000e+00  8.95496102e-01  1.49000000e+00  1.80308312e-01  1.49000000e+00  9.82861481e-05  1.49000000e+00  9.41906530e-04  1.49000000e+00  5.00482298e-06  1.49000000e+00  8.77165723e-01  1.49000000e+00  8.95565747e-01  1.49000000e+00  8.19316094e-02  1.49000000e+00  1.13269348e-05  1.49000000e+00  2.04905824e-04  1.49000000e+00  1.09837572e-06  1.49000000e+00  1.49199827e+00  1.49000000e+00  6.88214198e-01  1.49000000e+00  6.58064582e-01  1.49000000e+00  1.40009581e-04  1.49000000e+00  1.70209804e-04  1.49000000e+00  6.65301404e-04  1.49000000e+00  1.49200265e+00  1.49000000e+00  6.88212591e-01  1.49000000e+00  6.58068517e-01  1.49000000e+00  1.12188818e-04  1.49000000e+00  1.31778105e-04  1.49000000e+00  7.21602303e-04 
 1.50000000e+00  2.97373172e+00  1.50000000e+00  3.01828704e+00  1.50000000e+00  1.07307028e+00  1.50000000e+00  7.72880668e-01  1.50000000e+00  2.92424943e-01  1.50000000e+00  1.42605478e-04  1.50000000e+00  7.64841842e-04  1.50000000e+00  2.82234550e-05  1.50000000e+00  1.01322519e+00  1.50000000e+00  7.59867632e-01  1.50000000e+00  2.57885974e-01  1.50000000e+00  1.09620877e-04  1.50000000e+00  6.92557195e-04  1.50000000e+00  1.32365714e-05  1.50000000e+00  9.06135743e-01  1.50000000e+00  8.90495405e-01  1.50000000e+00  9.79278319e-02  1.50000000e+00  2.03349199e-05  1.50000000e+00  3.24252914e-04  1.50000000e+00  1.71064815e-06  1.50000000e+00  1.05612932e+00  1.50000000e+00  8.90563278e-01  1.50000000e+00  1.97887598e-01  1.50000000e+00  1.22270703e-04  1.50000000e+00  1.06546550e-03  1.50000000e+00  5.74676051e-06  1.50000000e+00  1.03568868e+00  1.50000000e+00  8.95884875e-01  1.50000000e+00  1.78951745e-01  1.50000000e+00  9.65253863e-05  1.50000000e+00  9.32052656e-04  1.50000000e+00  4.94862091e-06  1.50000000e+00  8.85693937e-01  1.50000000e+00  8.95950111e-01  1.50000000e+00  8.54487812e-02  1.50000000e+00  1.30956377e-05  1.50000000e+00  2.30209555e-04  1.50000000e+00  1.22964315e-06  1.50000000e+00  1.49199827e+00  1.50000000e+00  6.88214200e-01  1.50000000e+00  6.58064579e-01  1.50000000e+00  1.40028577e-04  1.50000000e+00  1.70237110e-04  1.50000000e+00  6.65261723e-04  1.50000000e+00  1.49200265e+00  1.50000000e+00  6.88212592e-01  1.50000000e+00  6.58068516e-01  1.50000000e+00  1.12197780e-04  1.50000000e+00  1.31790020e-04  1.50000000e+00  7.21584707e-04 
 1.51000000e+00  2.97521856e+00  1.51000000e+00  3.01672609e+00  1.51000000e+00  1.07303974e+00  1.51000000e+00  7.72888022e-01  1.51000000e+00  2.92398188e-01  1.51000000e+00  1.42626868e-04  1.51000000e+00  7.65303740e-04  1.51000000e+00  2.78340262e-05  1.51000000e+00  1.01321158e+00  1.51000000e+00  7.59870043e-01  1.51000000e+00  2.57874508e-01  1.51000000e+00  1.09629610e-04  1.51000000e+00  6.92700138e-04  1.51000000e+00  1.31522289e-05  1.51000000e+00  9.14238928e-01  1.51000000e+00  8.90999472e-01  1.51000000e+00  1.01990682e-01  1.51000000e+00  2.29057868e-05  1.51000000e+00  3.54722789e-04  1.51000000e+00  1.86671350e-06  1.51000000e+00  1.05423283e+00  1.51000000e+00  8.91062771e-01  1.51000000e+00  1.96115005e-01  1.51000000e+00  1.19721232e-04  1.51000000e+00  1.05316473e-03  1.51000000e+00  5.67206208e-06  1.51000000e+00  1.03406276e+00  1.51000000e+00  8.96313968e-01  1.51000000e+00  1.77455662e-01  1.51000000e+00  9.46023884e-05  1.51000000e+00  9.21156577e-04  1.51000000e+00  4.88665402e-06  1.51000000e+00  8.94067768e-01  1.51000000e+00  8.96374746e-01  1.51000000e+00  8.90890239e-02  1.51000000e+00  1.50273815e-05  1.51000000e+00  2.56691667e-04  1.51000000e+00  1.36642571e-06  1.51000000e+00  1.49199827e+00  1.51000000e+00  6.88214201e-01  1.51000000e+00  6.58064576e-01  1.51000000e+00  1.40048882e-04  1.51000000e+00  1.70266297e-04  1.51000000e+00  6.65219309e-04  1.51000000e+00  1.49200265e+00  1.51000000e+00  6.88212592e-01  1.51000000e+00  6.58068514e-01  1.51000000e+00  1.12207599e-04  1.51000000e+00  1.31803073e-04  1.51000000e+00  7.21565429e-04 
 1.52000000e+00  2.97671253e+00  1.52000000e+00  3.01515332e+00  1.52000000e+00  1.07300732e+00  1.52000000e+00  7.72895795e-01  1.52000000e+00  2.92369802e-01  1.52000000e+00  1.42649559e-04  1.52000000e+00  7.65790423e-04  1.52000000e+00  2.74260993e-05  1.52000000e+00  1.01319678e+00  1.52000000e+00  7.59872644e-01  1.52000000e+00  2.57862055e-01  1.52000000e+00  1.09639154e-04  1.52000000e+00  6.92855207e-04  1.52000000e+00  1.30612526e-05  1.52000000e+00  9.22196226e-01  1.52000000e+00  8.91541740e-01  1.52000000e+00  1.06106734e-01  1.52000000e+00  2.56410842e-05  1.52000000e+00  3.85762063e-04  1.52000000e+00  2.02568949e-06  1.52000000e+00  1.05219047e+00  1.52000000e+00  8.91600429e-01  1.52000000e+00  1.94208381e-01  1.52000000e+00  1.17008629e-04  1.52000000e+00  1.03987307e-03  1.52000000e+00  5.59181282e-06  1.52000000e+00  1.03227924e+00  1.52000000e+00  8.96784140e-01  1.52000000e+00  1.75818036e-01  1.52000000e+00  9.25199789e-05  1.52000000e+00  9.09194832e-04  1.52000000e+00  4.81884791e-06  1.52000000e+00  9.02283995e-01  1.52000000e+00  8.96840434e-01  1.52000000e+00  9.28292656e-02  1.52000000e+00  1.71193463e-05  1.52000000e+00  2.84171706e-04  1.52000000e+00  1.50788097e-06  1.52000000e+00  1.49199826e+00  1.52000000e+00  6.88214202e-01  1.52000000e+00  6.58064573e-01  1.52000000e+00  1.40070442e-04  1.52000000e+00  1.70297292e-04  1.52000000e+00  6.65174269e-04  1.52000000e+00  1.49200265e+00  1.52000000e+00  6.88212593e-01  1.52000000e+00  6.58068513e-01  1.52000000e+00  1.12218274e-04  1.52000000e+00  1.31817266e-04  1.52000000e+00  7.21544469e-04 
 1.53000000e+00  2.97820656e+00  1.53000000e+00  3.01357600e+00  1.53000000e+00  1.07297310e+00  1.53000000e+00  7.72903958e-01  1.53000000e+00  2.92339870e-01  1.53000000e+00  1.42673485e-04  1.53000000e+00  7.66299865e-04  1.53000000e+00  2.70017757e-05  1.53000000e+00  1.01318080e+00  1.53000000e+00  7.59875429e-01  1.53000000e+00  2.57848629e-01  1.53000000e+00  1.09649507e-04  1.53000000e+00  6.93022140e-04  1.53000000e+00  1.29639149e-05  1.53000000e+00  9.30007783e-01  1.53000000e+00  8.92122070e-01  1.53000000e+00  1.10257960e-01  1.53000000e+00  2.85330042e-05  1.53000000e+00  4.17197070e-04  1.53000000e+00  2.18684658e-06  1.53000000e+00  1.05000239e+00  1.53000000e+00  8.92176134e-01  1.53000000e+00  1.92168594e-01  1.53000000e+00  1.14140638e-04  1.53000000e+00  1.02558420e-03  1.53000000e+00  5.50606508e-06  1.53000000e+00  1.03033593e+00  1.53000000e+00  8.97295877e-01  1.53000000e+00  1.74037940e-01  1.53000000e+00  9.02829528e-05  1.53000000e+00  8.96151180e-04  1.53000000e+00  4.74517570e-06  1.53000000e+00  9.10340400e-01  1.53000000e+00  8.97347684e-01  1.53000000e+00  9.66471822e-02  1.53000000e+00  1.93667347e-05  1.53000000e+00  3.12464400e-04  1.53000000e+00  1.65316800e-06  1.53000000e+00  1.49199826e+00  1.53000000e+00  6.88214203e-01  1.53000000e+00  6.58064570e-01  1.53000000e+00  1.40093197e-04  1.53000000e+00  1.70330006e-04  1.53000000e+00  6.65126731e-04  1.53000000e+00  1.49200265e+00  1.53000000e+00  6.88212593e-01  1.53000000e+00  6.58068511e-01  1.53000000e+00  1.12229798e-04  1.53000000e+00  1.31832588e-04  1.53000000e+00  7.21521842e-04 
 1.54000000e+00  2.97969507e+00  1.54000000e+00  3.01199997e+00  1.54000000e+00  1.07293718e+00  1.54000000e+00  7.72912479e-01  1.54000000e+00  2.92308485e-01  1.54000000e+00  1.42698575e-04  1.54000000e+00  7.66829923e-04  1.54000000e+00  2.65632423e-05  1.54000000e+00  1.01316366e+00  1.54000000e+00  7.59878391e-01  1.54000000e+00  2.57834248e-01  1.54000000e+00  1.09660661e-04  1.54000000e+00  6.93200568e-04  1.54000000e+00  1.28605546e-05  1.54000000e+00  9.37674204e-01  1.54000000e+00  8.92740197e-01  1.54000000e+00  1.14427869e-01  1.54000000e+00  3.15725680e-05  1.54000000e+00  4.48863940e-04  1.54000000e+00  2.34950266e-06  1.54000000e+00  1.04766919e+00  1.54000000e+00  8.92789637e-01  1.54000000e+00  1.89997072e-01  1.54000000e+00  1.11126165e-04  1.54000000e+00  1.01029532e-03  1.54000000e+00  5.41489524e-06  1.54000000e+00  1.02823147e+00  1.54000000e+00  8.97849433e-01  1.54000000e+00  1.72115431e-01  1.54000000e+00  8.78978749e-05  1.54000000e+00  8.82016023e-04  1.54000000e+00  4.66565361e-06  1.54000000e+00  9.18235633e-01  1.54000000e+00  8.97896763e-01  1.54000000e+00  1.00521597e-01  1.54000000e+00  2.17629734e-05  1.54000000e+00  3.41384980e-04  1.54000000e+00  1.80146603e-06  1.54000000e+00  1.49199826e+00  1.54000000e+00  6.88214205e-01  1.54000000e+00  6.58064567e-01  1.54000000e+00  1.40117081e-04  1.54000000e+00  1.70364346e-04  1.54000000e+00  6.65076831e-04  1.54000000e+00  1.49200265e+00  1.54000000e+00  6.88212594e-01  1.54000000e+00  6.58068509e-01  1.54000000e+00  1.12242157e-04  1.54000000e+00  1.31849020e-04  1.54000000e+00  7.21497573e-04 
 1.55000000e+00  2.98117388e+00  1.55000000e+00  3.01042969e+00  1.55000000e+00  1.07289966e+00  1.55000000e+00  7.72921327e-01  1.55000000e+00  2.92275742e-01  1.55000000e+00  1.42724753e-04  1.55000000e+00  7.67378388e-04  1.55000000e+00  2.61127152e-05  1.55000000e+00  1.01314539e+00  1.55000000e+00  7.59881521e-01  1.55000000e+00  2.57818936e-01  1.55000000e+00  1.09672602e-04  1.55000000e+00  6.93390037e-04  1.55000000e+00  1.27515634e-05  1.55000000e+00  9.45196435e-01  1.55000000e+00  8.93395766e-01  1.55000000e+00  1.18601503e-01  1.55000000e+00  3.47498281e-05  1.55000000e+00  4.80610331e-04  1.55000000e+00  2.51302623e-06  1.55000000e+00  1.04519182e+00  1.55000000e+00  8.93440595e-01  1.55000000e+00  1.87695709e-01  1.55000000e+00  1.07975083e-04  1.55000000e+00  9.94006586e-04  1.55000000e+00  5.31839967e-06  1.55000000e+00  1.02596522e+00  1.55000000e+00  8.98444867e-01  1.55000000e+00  1.70051442e-01  1.55000000e+00  8.53728584e-05  1.55000000e+00  8.66785791e-04  1.55000000e+00  4.58033617e-06  1.55000000e+00  9.25969063e-01  1.55000000e+00  8.98487744e-01  1.55000000e+00  1.04432730e-01  1.55000000e+00  2.42999356e-05  1.55000000e+00  3.70753447e-04  1.55000000e+00  1.95198814e-06  1.55000000e+00  1.49199825e+00  1.55000000e+00  6.88214206e-01  1.55000000e+00  6.58064563e-01  1.55000000e+00  1.40142023e-04  1.55000000e+00  1.70400211e-04  1.55000000e+00  6.65024716e-04  1.55000000e+00  1.49200264e+00  1.55000000e+00  6.88212595e-01  1.55000000e+00  6.58068507e-01  1.55000000e+00  1.12255333e-04  1.55000000e+00  1.31866539e-04  1.55000000e+00  7.21471701e-04 
 1.56000000e+00  2.98264013e+00  1.56000000e+00  3.00886827e+00  1.56000000e+00  1.07286065e+00  1.56000000e+00  7.72930469e-01  1.56000000e+00  2.92241741e-01  1.56000000e+00  1.42751943e-04  1.56000000e+00  7.67943043e-04  1.56000000e+00  2.56523920e-05  1.56000000e+00  1.01312602e+00  1.56000000e+00  7.59884807e-01  1.56000000e+00  2.57802725e-01  1.56000000e+00  1.09685311e-04  1.56000000e+00  6.93590026e-04  1.56000000e+00  1.26373716e-05  1.56000000e+00  9.52575652e-01  1.56000000e+00  8.94088355e-01  1.56000000e+00  1.22765371e-01  1.56000000e+00  3.80540512e-05  1.56000000e+00  5.12296447e-04  1.56000000e+00  2.67683719e-06  1.56000000e+00  1.04257145e+00  1.56000000e+00  8.94128595e-01  1.56000000e+00  1.85266773e-01  1.56000000e+00  1.04698049e-04  1.56000000e+00  9.76720778e-04  1.56000000e+00  5.21669130e-06  1.56000000e+00  1.02353711e+00  1.56000000e+00  8.99082082e-01  1.56000000e+00  1.67847658e-01  1.56000000e+00  8.27173414e-05  1.56000000e+00  8.50462351e-04  1.56000000e+00  4.48931141e-06  1.56000000e+00  9.33540627e-01  1.56000000e+00  8.99120539e-01  1.56000000e+00  1.08362332e-01  1.56000000e+00  2.69681656e-05  1.56000000e+00  4.00397812e-04  1.56000000e+00  2.10399031e-06  1.56000000e+00  1.49199825e+00  1.56000000e+00  6.88214208e-01  1.56000000e+00  6.58064559e-01  1.56000000e+00  1.40167954e-04  1.56000000e+00  1.70437499e-04  1.56000000e+00  6.64970535e-04  1.56000000e+00  1.49200264e+00  1.56000000e+00  6.88212596e-01  1.56000000e+00  6.58068505e-01  1.56000000e+00  1.12269303e-04  1.56000000e+00  1.31885115e-04  1.56000000e+00  7.21444269e-04 
 1.57000000e+00  2.98409213e+00  1.57000000e+00  3.00731769e+00  1.57000000e+00  1.07282027e+00  1.57000000e+00  7.72939872e-01  1.57000000e+00  2.92206581e-01  1.57000000e+00  1.42780069e-04  1.57000000e+00  7.68521700e-04  1.57000000e+00  2.51844113e-05  1.57000000e+00  1.01310559e+00  1.57000000e+00  7.59888239e-01  1.57000000e+00  2.57785647e-01  1.57000000e+00  1.09698769e-04  1.57000000e+00  6.93799967e-04  1.57000000e+00  1.25184352e-05  1.57000000e+00  9.59813163e-01  1.57000000e+00  8.94817507e-01  1.57000000e+00  1.26907356e-01  1.57000000e+00  4.14738802e-05  1.57000000e+00  5.43795475e-04  1.57000000e+00  2.84040588e-06  1.57000000e+00  1.03980939e+00  1.57000000e+00  8.94853184e-01  1.57000000e+00  1.82712845e-01  1.57000000e+00  1.01306345e-04  1.57000000e+00  9.58442968e-04  1.57000000e+00  5.10989670e-06  1.57000000e+00  1.02094752e+00  1.57000000e+00  8.99760870e-01  1.57000000e+00  1.65506413e-01  1.57000000e+00  7.99418720e-05  1.57000000e+00  8.33052514e-04  1.57000000e+00  4.39269650e-06  1.57000000e+00  9.40950683e-01  1.57000000e+00  8.99794942e-01  1.57000000e+00  1.12293714e-01  1.57000000e+00  2.97570948e-05  1.57000000e+00  4.30156370e-04  1.57000000e+00  2.25677675e-06  1.57000000e+00  1.49199824e+00  1.57000000e+00  6.88214209e-01  1.57000000e+00  6.58064556e-01  1.57000000e+00  1.40194799e-04  1.57000000e+00  1.70476106e-04  1.57000000e+00  6.64914437e-04  1.57000000e+00  1.49200264e+00  1.57000000e+00  6.88212597e-01  1.57000000e+00  6.58068503e-01  1.57000000e+00  1.12284041e-04  1.57000000e+00  1.31904712e-04  1.57000000e+00  7.21415328e-04 
 1.58000000e+00  2.98552921e+00  1.58000000e+00  3.00577888e+00  1.58000000e+00  1.07277861e+00  1.58000000e+00  7.72949503e-01  1.58000000e+00  2.92170360e-01  1.58000000e+00  1.42809056e-04  1.58000000e+00  7.69112236e-04  1.58000000e+00  2.47108206e-05  1.58000000e+00  1.01308412e+00  1.58000000e+00  7.59891805e-01  1.58000000e+00  2.57767738e-01  1.58000000e+00  1.09712952e-04  1.58000000e+00  6.94019262e-04  1.58000000e+00  1.23952238e-05  1.58000000e+00  9.66910326e-01  1.58000000e+00  8.95582746e-01  1.58000000e+00  1.31016602e-01  1.58000000e+00  4.49974714e-05  1.58000000e+00  5.74993547e-04  1.58000000e+00  3.00325077e-06  1.58000000e+00  1.03690700e+00  1.58000000e+00  8.95613892e-01  1.58000000e+00  1.80036753e-01  1.58000000e+00  9.78117390e-05  1.58000000e+00  9.39180346e-04  1.58000000e+00  4.99815390e-06  1.58000000e+00  1.01819708e+00  1.58000000e+00  9.00480936e-01  1.58000000e+00  1.63030593e-01  1.58000000e+00  7.70579097e-05  1.58000000e+00  8.14567648e-04  1.58000000e+00  4.29063389e-06  1.58000000e+00  9.48199880e-01  1.58000000e+00  9.00510660e-01  1.58000000e+00  1.16211716e-01  1.58000000e+00  3.26552407e-05  1.58000000e+00  4.59879162e-04  1.58000000e+00  2.40970227e-06  1.58000000e+00  1.49199824e+00  1.58000000e+00  6.88214211e-01  1.58000000e+00  6.58064552e-01  1.58000000e+00  1.40222490e-04  1.58000000e+00  1.70515931e-04  1.58000000e+00  6.64856570e-04  1.58000000e+00  1.49200264e+00  1.58000000e+00  6.88212598e-01  1.58000000e+00  6.58068501e-01  1.58000000e+00  1.12299520e-04  1.58000000e+00  1.31925295e-04  1.58000000e+00  7.21384931e-04 
 1.59000000e+00  2.98695158e+00  1.59000000e+00  3.00425189e+00  1.59000000e+00  1.07273577e+00  1.59000000e+00  7.72959331e-01  1.59000000e+00  2.92133173e-01  1.59000000e+00  1.42838830e-04  1.59000000e+00  7.69712624e-04  1.59000000e+00  2.42335513e-05  1.59000000e+00  1.01306167e+00  1.59000000e+00  7.59895494e-01  1.59000000e+00  2.57749035e-01  1.59000000e+00  1.09727835e-04  1.59000000e+00  6.94247298e-04  1.59000000e+00  1.22682103e-05  1.59000000e+00  9.73868476e-01  1.59000000e+00  8.96383603e-01  1.59000000e+00  1.35083389e-01  1.59000000e+00  4.86126106e-05  1.59000000e+00  6.05789359e-04  1.59000000e+00  3.16493535e-06  1.59000000e+00  1.03386560e+00  1.59000000e+00  8.96410247e-01  1.59000000e+00  1.77241534e-01  1.59000000e+00  9.42263723e-05  1.59000000e+00  9.18942146e-04  1.59000000e+00  4.88161075e-06  1.59000000e+00  1.01528662e+00  1.59000000e+00  9.01241940e-01  1.59000000e+00  1.60423566e-01  1.59000000e+00  7.40776496e-05  1.59000000e+00  7.95023442e-04  1.59000000e+00  4.18328832e-06  1.59000000e+00  9.55289038e-01  1.59000000e+00  9.01267353e-01  1.59000000e+00  1.20102629e-01  1.59000000e+00  3.56503841e-05  1.59000000e+00  4.89428737e-04  1.59000000e+00  2.56217222e-06  1.59000000e+00  1.49199823e+00  1.59000000e+00  6.88214212e-01  1.59000000e+00  6.58064548e-01  1.59000000e+00  1.40250956e-04  1.59000000e+00  1.70556876e-04  1.59000000e+00  6.64797077e-04  1.59000000e+00  1.49200263e+00  1.59000000e+00  6.88212598e-01  1.59000000e+00  6.58068499e-01  1.59000000e+00  1.12315711e-04  1.59000000e+00  1.31946827e-04  1.59000000e+00  7.21353134e-04 
 1.60000000e+00  2.98836017e+00  1.60000000e+00  3.00273603e+00  1.60000000e+00  1.07269187e+00  1.60000000e+00  7.72969327e-01  1.60000000e+00  2.92095111e-01  1.60000000e+00  1.42869323e-04  1.60000000e+00  7.70320948e-04  1.60000000e+00  2.37544017e-05  1.60000000e+00  1.01303827e+00  1.60000000e+00  7.59899293e-01  1.60000000e+00  2.57729575e-01  1.60000000e+00  1.09743394e-04  1.60000000e+00  6.94483461e-04  1.60000000e+00  1.21378631e-05  1.60000000e+00  9.80688866e-01  1.60000000e+00  8.97219628e-01  1.60000000e+00  1.39099008e-01  1.60000000e+00  5.23068071e-05  1.60000000e+00  6.36093524e-04  1.60000000e+00  3.32506437e-06  1.60000000e+00  1.03068646e+00  1.60000000e+00  8.97241796e-01  1.60000000e+00  1.74330406e-01  1.60000000e+00  9.05626666e-05  1.60000000e+00  8.97739685e-04  1.60000000e+00  4.76042393e-06  1.60000000e+00  1.01221701e+00  1.60000000e+00  9.02043517e-01  1.60000000e+00  1.57689115e-01  1.60000000e+00  7.10138684e-05  1.60000000e+00  7.74439823e-04  1.60000000e+00  4.07084448e-06  1.60000000e+00  9.62219045e-01  1.60000000e+00  9.02064652e-01  1.60000000e+00  1.23954081e-01  1.60000000e+00  3.87297237e-05  1.60000000e+00  5.18680370e-04  1.60000000e+00  2.71364096e-06  1.60000000e+00  1.49199823e+00  1.60000000e+00  6.88214214e-01  1.60000000e+00  6.58064544e-01  1.60000000e+00  1.40280133e-04  1.60000000e+00  1.70598846e-04  1.60000000e+00  6.64736095e-04  1.60000000e+00  1.49200263e+00  1.60000000e+00  6.88212599e-01  1.60000000e+00  6.58068497e-01  1.60000000e+00  1.12332586e-04  1.60000000e+00  1.31969268e-04  1.60000000e+00  7.21319994e-04 
 1.61000000e+00  2.98975649e+00  1.61000000e+00  3.00123001e+00  1.61000000e+00  1.07264698e+00  1.61000000e+00  7.72979461e-01  1.61000000e+00  2.92056259e-01  1.61000000e+00  1.42900469e-04  1.61000000e+00  7.70935422e-04  1.61000000e+00  2.32750255e-05  1.61000000e+00  1.01301396e+00  1.61000000e+00  7.59903190e-01  1.61000000e+00  2.57709394e-01  1.61000000e+00  1.09759603e-04  1.61000000e+00  6.94727145e-04  1.61000000e+00  1.20046381e-05  1.61000000e+00  9.87372615e-01  1.61000000e+00  8.98090401e-01  1.61000000e+00  1.43055636e-01  1.61000000e+00  5.60673685e-05  1.61000000e+00  6.65827744e-04  1.61000000e+00  3.48327994e-06  1.61000000e+00  1.02737068e+00  1.61000000e+00  8.98108116e-01  1.61000000e+00  1.71306753e-01  1.61000000e+00  8.68332489e-05  1.61000000e+00  8.75586522e-04  1.61000000e+00  4.63475855e-06  1.61000000e+00  1.00898913e+00  1.61000000e+00  9.02885304e-01  1.61000000e+00  1.54831409e-01  1.61000000e+00  6.78797945e-05  1.61000000e+00  7.52841024e-04  1.61000000e+00  3.95350559e-06  1.61000000e+00  9.68990773e-01  1.61000000e+00  9.02902187e-01  1.61000000e+00  1.27754916e-01  1.61000000e+00  4.18800060e-05  1.61000000e+00  5.47521859e-04  1.61000000e+00  2.86360900e-06  1.61000000e+00  1.49199822e+00  1.61000000e+00  6.88214216e-01  1.61000000e+00  6.58064539e-01  1.61000000e+00  1.40309958e-04  1.61000000e+00  1.70641753e-04  1.61000000e+00  6.64673754e-04  1.61000000e+00  1.49200263e+00  1.61000000e+00  6.88212600e-01  1.61000000e+00  6.58068494e-01  1.61000000e+00  1.12350115e-04  1.61000000e+00  1.31992581e-04  1.61000000e+00  7.21285567e-04 
 1.62000000e+00  2.99114254e+00  1.62000000e+00  2.99973203e+00  1.62000000e+00  1.07260121e+00  1.62000000e+00  7.72989708e-01  1.62000000e+00  2.92016698e-01  1.62000000e+00  1.42932206e-04  1.62000000e+00  7.71554396e-04  1.62000000e+00  2.27969255e-05  1.62000000e+00  1.01298878e+00  1.62000000e+00  7.59907175e-01  1.62000000e+00  2.57688529e-01  1.62000000e+00  1.09776438e-04  1.62000000e+00  6.94977760e-04  1.62000000e+00  1.18689745e-05  1.62000000e+00  9.93920670e-01  1.62000000e+00  8.98995547e-01  1.62000000e+00  1.46946222e-01  1.62000000e+00  5.98814600e-05  1.62000000e+00  6.94923886e-04  1.62000000e+00  3.63925742e-06  1.62000000e+00  1.02391921e+00  1.62000000e+00  8.99008826e-01  1.62000000e+00  1.68174121e-01  1.62000000e+00  8.30508931e-05  1.62000000e+00  8.52498720e-04  1.62000000e+00  4.50478830e-06  1.62000000e+00  1.00560377e+00  1.62000000e+00  9.03766955e-01  1.62000000e+00  1.51854979e-01  1.62000000e+00  6.46889987e-05  1.62000000e+00  7.30255815e-04  1.62000000e+00  3.83149277e-06  1.62000000e+00  9.75605001e-01  1.62000000e+00  9.03779607e-01  1.62000000e+00  1.31495063e-01  1.62000000e+00  4.50876358e-05  1.62000000e+00  5.75853007e-04  1.62000000e+00  3.01161960e-06  1.62000000e+00  1.49199822e+00  1.62000000e+00  6.88214217e-01  1.62000000e+00  6.58064535e-01  1.62000000e+00  1.40340373e-04  1.62000000e+00  1.70685513e-04  1.62000000e+00  6.64610174e-04  1.62000000e+00  1.49200263e+00  1.62000000e+00  6.88212601e-01  1.62000000e+00  6.58068491e-01  1.62000000e+00  1.12368272e-04  1.62000000e+00  1.32016730e-04  1.62000000e+00  7.21249906e-04 
 1.63000000e+00  2.99252064e+00  1.63000000e+00  2.99823994e+00  1.63000000e+00  1.07255462e+00  1.63000000e+00  7.73000042e-01  1.63000000e+00  2.91976502e-01  1.63000000e+00  1.42964478e-04  1.63000000e+00  7.72176364e-04  1.63000000e+00  2.23214528e-05  1.63000000e+00  1.01296276e+00  1.63000000e+00  7.59911235e-01  1.63000000e+00  2.57667014e-01  1.63000000e+00  1.09793875e-04  1.63000000e+00  6.95234741e-04  1.63000000e+00  1.17312902e-05  1.63000000e+00  1.00033378e+00  1.63000000e+00  8.99934739e-01  1.63000000e+00  1.50764378e-01  1.63000000e+00  6.37361482e-05  1.63000000e+00  7.23322991e-04  1.63000000e+00  3.79270143e-06  1.63000000e+00  1.02033280e+00  1.63000000e+00  8.99943591e-01  1.63000000e+00  1.64936231e-01  1.63000000e+00  7.92284761e-05  1.63000000e+00  8.28495216e-04  1.63000000e+00  4.37069610e-06  1.63000000e+00  1.00206154e+00  1.63000000e+00  9.04688157e-01  1.63000000e+00  1.48764723e-01  1.63000000e+00  6.14553039e-05  1.63000000e+00  7.06717881e-04  1.63000000e+00  3.70504519e-06  1.63000000e+00  9.82062364e-01  1.63000000e+00  9.04696591e-01  1.63000000e+00  1.35165405e-01  1.63000000e+00  4.83387667e-05  1.63000000e+00  6.03584897e-04  1.63000000e+00  3.15725488e-06  1.63000000e+00  1.49199822e+00  1.63000000e+00  6.88214219e-01  1.63000000e+00  6.58064531e-01  1.63000000e+00  1.40371326e-04  1.63000000e+00  1.70730050e-04  1.63000000e+00  6.64545468e-04  1.63000000e+00  1.49200262e+00  1.63000000e+00  6.88212603e-01  1.63000000e+00  6.58068489e-01  1.63000000e+00  1.12387029e-04  1.63000000e+00  1.32041678e-04  1.63000000e+00  7.21213065e-04 
 1.64000000e+00  2.99389340e+00  1.64000000e+00  2.99675132e+00  1.64000000e+00  1.07250729e+00  1.64000000e+00  7.73010440e-01  1.64000000e+00  2.91935741e-01  1.64000000e+00  1.42997234e-04  1.64000000e+00  7.72799958e-04  1.64000000e+00  2.18498082e-05  1.64000000e+00  1.01293595e+00  1.64000000e+00  7.59915360e-01  1.64000000e+00  2.57644881e-01  1.64000000e+00  1.09811891e-04  1.64000000e+00  6.95497550e-04  1.64000000e+00  1.15919796e-05  1.64000000e+00  1.00661246e+00  1.64000000e+00  9.00907706e-01  1.64000000e+00  1.54504279e-01  1.64000000e+00  6.76184356e-05  1.64000000e+00  7.50974293e-04  1.64000000e+00  3.94334203e-06  1.64000000e+00  1.01661197e+00  1.64000000e+00  9.00912136e-01  1.64000000e+00  1.61596999e-01  1.64000000e+00  7.53789437e-05  1.64000000e+00  8.03598311e-04  1.64000000e+00  4.23267527e-06  1.64000000e+00  9.98362894e-01  1.64000000e+00  9.05648642e-01  1.64000000e+00  1.45565920e-01  1.64000000e+00  5.81927100e-05  1.64000000e+00  6.82266344e-04  1.64000000e+00  3.57442096e-06  1.64000000e+00  9.88363308e-01  1.64000000e+00  9.05652862e-01  1.64000000e+00  1.38757660e-01  1.64000000e+00  5.16193762e-05  1.64000000e+00  6.30639031e-04  1.64000000e+00  3.30013187e-06  1.64000000e+00  1.49199821e+00  1.64000000e+00  6.88214221e-01  1.64000000e+00  6.58064526e-01  1.64000000e+00  1.40402765e-04  1.64000000e+00  1.70775292e-04  1.64000000e+00  6.64479737e-04  1.64000000e+00  1.49200262e+00  1.64000000e+00  6.88212604e-01  1.64000000e+00  6.58068486e-01  1.64000000e+00  1.12406362e-04  1.64000000e+00  1.32067393e-04  1.64000000e+00  7.21175092e-04 
 1.65000000e+00  2.99526355e+00  1.65000000e+00  2.99526355e+00  1.65000000e+00  1.07245929e+00  1.65000000e+00  7.73020881e-01  1.65000000e+00  2.91894475e-01  1.65000000e+00  1.43030427e-04  1.65000000e+00  7.73423952e-04  1.65000000e+00  2.13830481e-05  1.65000000e+00  1.01290836e+00  1.65000000e+00  7.59919539e-01  1.65000000e+00  2.57622162e-01  1.65000000e+00  1.09830466e-04  1.65000000e+00  6.95765678e-04  1.65000000e+00  1.14514118e-05  1.65000000e+00  1.01275699e+00  1.65000000e+00  9.01914240e-01  1.65000000e+00  1.58160573e-01  1.65000000e+00  7.15152856e-05  1.65000000e+00  7.77834241e-04  1.65000000e+00  4.09093113e-06  1.65000000e+00  1.01275699e+00  1.65000000e+00  9.01914240e-01  1.65000000e+00  1.58160573e-01  1.65000000e+00  7.15152856e-05  1.65000000e+00  7.77834241e-04  1.65000000e+00  4.09093113e-06  1.65000000e+00  9.94508061e-01  1.65000000e+00  9.06648194e-01  1.65000000e+00  1.42264270e-01  1.65000000e+00  5.49153299e-05  1.65000000e+00  6.56946411e-04  1.65000000e+00  3.43989869e-06  1.65000000e+00  9.94508061e-01  1.65000000e+00  9.06648194e-01  1.65000000e+00  1.42264270e-01  1.65000000e+00  5.49153299e-05  1.65000000e+00  6.56946411e-04  1.65000000e+00  3.43989869e-06  1.65000000e+00  1.49199821e+00  1.65000000e+00  6.88214223e-01  1.65000000e+00  6.58064522e-01  1.65000000e+00  1.40434647e-04  1.65000000e+00  1.70821175e-04  1.65000000e+00  6.64413076e-04  1.65000000e+00  1.49200262e+00  1.65000000e+00  6.88212605e-01  1.65000000e+00  6.58068483e-01  1.65000000e+00  1.12426246e-04  1.65000000e+00  1.32093843e-04  1.65000000e+00  7.21136033e-04 
 1.66000000e+00  2.99663394e+00  1.66000000e+00  2.99377393e+00  1.66000000e+00  1.07241068e+00  1.66000000e+00  7.73031347e-01  1.66000000e+00  2.91852763e-01  1.66000000e+00  1.43064014e-04  1.66000000e+00  7.74047253e-04  1.66000000e+00  2.09220906e-05  1.66000000e+00  1.01288004e+00  1.66000000e+00  7.59923764e-01  1.66000000e+00  2.57598885e-01  1.66000000e+00  1.09849578e-04  1.66000000e+00  6.96038649e-04  1.66000000e+00  1.13099305e-05  1.66000000e+00  1.01876739e+00  1.66000000e+00  9.02954190e-01  1.66000000e+00  1.61728307e-01  1.66000000e+00  7.54136427e-05  1.66000000e+00  8.03865591e-04  1.66000000e+00  4.23523921e-06  1.66000000e+00  1.00876788e+00  1.66000000e+00  9.02949746e-01  1.66000000e+00  1.54631371e-01  1.66000000e+00  6.76505149e-05  1.66000000e+00  7.51233869e-04  1.66000000e+00  3.94568307e-06  1.66000000e+00  9.90497029e-01  1.66000000e+00  9.07686650e-01  1.66000000e+00  1.38865944e-01  1.66000000e+00  5.16373343e-05  1.66000000e+00  6.30810141e-04  1.66000000e+00  3.30177965e-06  1.66000000e+00  1.00049662e+00  1.66000000e+00  9.07682416e-01  1.66000000e+00  1.45678299e-01  1.66000000e+00  5.82124374e-05  1.66000000e+00  6.82446605e-04  1.66000000e+00  3.57623090e-06  1.66000000e+00  1.49199820e+00  1.66000000e+00  6.88214225e-01  1.66000000e+00  6.58064517e-01  1.66000000e+00  1.40466932e-04  1.66000000e+00  1.70867641e-04  1.66000000e+00  6.64345569e-04  1.66000000e+00  1.49200261e+00  1.66000000e+00  6.88212606e-01  1.66000000e+00  6.58068480e-01  1.66000000e+00  1.12446660e-04  1.66000000e+00  1.32121000e-04  1.66000000e+00  7.21095932e-04 
 1.67000000e+00  2.99800738e+00  1.67000000e+00  2.99227972e+00  1.67000000e+00  1.07236151e+00  1.67000000e+00  7.73041818e-01  1.67000000e+00  2.91810654e-01  1.67000000e+00  1.43097956e-04  1.67000000e+00  7.74668898e-04  1.67000000e+00  2.04677251e-05  1.67000000e+00  1.01285102e+00  1.67000000e+00  7.59928023e-01  1.67000000e+00  2.57575077e-01  1.67000000e+00  1.09869209e-04  1.67000000e+00  6.96316019e-04  1.67000000e+00  1.11678535e-05  1.67000000e+00  1.02464344e+00  1.67000000e+00  9.04027469e-01  1.67000000e+00  1.65202858e-01  1.67000000e+00  7.93004494e-05  1.67000000e+00  8.29036557e-04  1.67000000e+00  4.37605243e-06  1.67000000e+00  1.00464442e+00  1.67000000e+00  9.04018560e-01  1.67000000e+00  1.51014142e-01  1.67000000e+00  6.37976510e-05  1.67000000e+00  7.23833457e-04  1.67000000e+00  3.79716704e-06  1.67000000e+00  9.86329545e-01  1.67000000e+00  9.08763907e-01  1.67000000e+00  1.35377657e-01  1.67000000e+00  4.83728992e-05  1.67000000e+00  6.03917302e-04  1.67000000e+00  3.16039055e-06  1.67000000e+00  1.00632872e+00  1.67000000e+00  9.08755414e-01  1.67000000e+00  1.48993350e-01  1.67000000e+00  6.14965039e-05  1.67000000e+00  7.07086849e-04  1.67000000e+00  3.70882832e-06  1.67000000e+00  1.49199820e+00  1.67000000e+00  6.88214227e-01  1.67000000e+00  6.58064513e-01  1.67000000e+00  1.40499582e-04  1.67000000e+00  1.70914639e-04  1.67000000e+00  6.64277291e-04  1.67000000e+00  1.49200261e+00  1.67000000e+00  6.88212607e-01  1.67000000e+00  6.58068477e-01  1.67000000e+00  1.12467584e-04  1.67000000e+00  1.32148836e-04  1.67000000e+00  7.21054829e-04 
 1.68000000e+00  2.99938659e+00  1.68000000e+00  2.99077830e+00  1.68000000e+00  1.07231184e+00  1.68000000e+00  7.73052279e-01  1.68000000e+00  2.91768196e-01  1.68000000e+00  1.43132222e-04  1.68000000e+00  7.75288040e-04  1.68000000e+00  2.00206217e-05  1.68000000e+00  1.01282131e+00  1.68000000e+00  7.59932308e-01  1.68000000e+00  2.57550764e-01  1.68000000e+00  1.09889343e-04  1.68000000e+00  6.96597372e-04  1.68000000e+00  1.10254742e-05  1.68000000e+00  1.03038466e+00  1.68000000e+00  9.05134054e-01  1.68000000e+00  1.68579875e-01  1.68000000e+00  8.31626638e-05  1.68000000e+00  8.53320041e-04  1.68000000e+00  4.51317005e-06  1.68000000e+00  1.00038612e+00  1.68000000e+00  9.05120648e-01  1.68000000e+00  1.47314029e-01  1.68000000e+00  5.99697024e-05  1.68000000e+00  6.95675529e-04  1.68000000e+00  3.64563835e-06  1.68000000e+00  9.82005119e-01  1.68000000e+00  9.09879915e-01  1.68000000e+00  1.31806750e-01  1.68000000e+00  4.51361546e-05  1.68000000e+00  5.76336297e-04  1.68000000e+00  3.01608669e-06  1.68000000e+00  1.01200388e+00  1.68000000e+00  9.09867130e-01  1.68000000e+00  1.52203498e-01  1.68000000e+00  6.47533823e-05  1.68000000e+00  7.30821212e-04  1.68000000e+00  3.83741227e-06  1.68000000e+00  1.49199819e+00  1.68000000e+00  6.88214229e-01  1.68000000e+00  6.58064508e-01  1.68000000e+00  1.40532566e-04  1.68000000e+00  1.70962122e-04  1.68000000e+00  6.64208310e-04  1.68000000e+00  1.49200261e+00  1.68000000e+00  6.88212608e-01  1.68000000e+00  6.58068474e-01  1.68000000e+00  1.12488999e-04  1.68000000e+00  1.32177326e-04  1.68000000e+00  7.21012759e-04 
 1.69000000e+00  3.00077413e+00  1.69000000e+00  2.98926716e+00  1.69000000e+00  1.07226170e+00  1.69000000e+00  7.73062715e-01  1.69000000e+00  2.91725427e-01  1.69000000e+00  1.43166780e-04  1.69000000e+00  7.75903943e-04  1.69000000e+00  1.95813416e-05  1.69000000e+00  1.01279094e+00  1.69000000e+00  7.59936610e-01  1.69000000e+00  2.57525968e-01  1.69000000e+00  1.09909962e-04  1.69000000e+00  6.96882325e-04  1.69000000e+00  1.08830626e-05  1.69000000e+00  1.03599030e+00  1.69000000e+00  9.06273976e-01  1.69000000e+00  1.71855236e-01  1.69000000e+00  8.69872787e-05  1.69000000e+00  8.76692959e-04  1.69000000e+00  4.64640233e-06  1.69000000e+00  9.95992244e-01  1.69000000e+00  9.06256034e-01  1.69000000e+00  1.43536647e-01  1.69000000e+00  5.61796464e-05  1.69000000e+00  6.66809802e-04  1.69000000e+00  3.49137491e-06  1.69000000e+00  9.77523041e-01  1.69000000e+00  9.11034674e-01  1.69000000e+00  1.28161285e-01  1.69000000e+00  4.19411278e-05  1.69000000e+00  5.48145120e-04  1.69000000e+00  2.86925553e-06  1.69000000e+00  1.01752140e+00  1.69000000e+00  9.11017553e-01  1.69000000e+00  1.55303231e-01  1.69000000e+00  6.79690294e-05  1.69000000e+00  7.53609850e-04  1.69000000e+00  3.96172338e-06  1.69000000e+00  1.49199818e+00  1.69000000e+00  6.88214230e-01  1.69000000e+00  6.58064503e-01  1.69000000e+00  1.40565855e-04  1.69000000e+00  1.71010050e-04  1.69000000e+00  6.64138685e-04  1.69000000e+00  1.49200260e+00  1.69000000e+00  6.88212610e-01  1.69000000e+00  6.58068471e-01  1.69000000e+00  1.12510887e-04  1.69000000e+00  1.32206449e-04  1.69000000e+00  7.20969757e-04 
 1.70000000e+00  3.00217228e+00  1.70000000e+00  2.98774408e+00  1.70000000e+00  1.07221114e+00  1.70000000e+00  7.73073113e-01  1.70000000e+00  2.91682384e-01  1.70000000e+00  1.43201604e-04  1.70000000e+00  7.76515971e-04  1.70000000e+00  1.91503477e-05  1.70000000e+00  1.01275993e+00  1.70000000e+00  7.59940922e-01  1.70000000e+00  2.57500711e-01  1.70000000e+00  1.09931053e-04  1.70000000e+00  6.97170518e-04  1.70000000e+00  1.07408669e-05  1.70000000e+00  1.04145943e+00  1.70000000e+00  9.07447323e-01  1.70000000e+00  1.75025013e-01  1.70000000e+00  9.07613468e-05  1.70000000e+00  8.99135659e-04  1.70000000e+00  4.77556882e-06  1.70000000e+00  9.91461842e-01  1.70000000e+00  9.07424799e-01  1.70000000e+00  1.39688168e-01  1.70000000e+00  5.24404042e-05  1.70000000e+00  6.37294177e-04  1.70000000e+00  3.33468075e-06  1.70000000e+00  9.72882412e-01  1.70000000e+00  9.12228226e-01  1.70000000e+00  1.24450164e-01  1.70000000e+00  3.88016797e-05  1.70000000e+00  5.19432302e-04  1.70000000e+00  2.72032047e-06  1.70000000e+00  1.02288038e+00  1.70000000e+00  9.12206719e-01  1.70000000e+00  1.58287419e-01  1.70000000e+00  7.11295694e-05  1.70000000e+00  7.75418380e-04  1.70000000e+00  4.08152006e-06  1.70000000e+00  1.49199818e+00  1.70000000e+00  6.88214232e-01  1.70000000e+00  6.58064498e-01  1.70000000e+00  1.40599425e-04  1.70000000e+00  1.71058385e-04  1.70000000e+00  6.64068469e-04  1.70000000e+00  1.49200260e+00  1.70000000e+00  6.88212611e-01  1.70000000e+00  6.58068468e-01  1.70000000e+00  1.12533233e-04  1.70000000e+00  1.32236182e-04  1.70000000e+00  7.20925853e-04 
 1.71000000e+00  3.00358294e+00  1.71000000e+00  2.98620718e+00  1.71000000e+00  1.07216018e+00  1.71000000e+00  7.73083462e-01  1.71000000e+00  2.91639100e-01  1.71000000e+00  1.43236672e-04  1.71000000e+00  7.77123579e-04  1.71000000e+00  1.87280155e-05  1.71000000e+00  1.01272831e+00  1.71000000e+00  7.59945235e-01  1.71000000e+00  2.57475013e-01  1.71000000e+00  1.09952602e-04  1.71000000e+00  6.97461617e-04  1.71000000e+00  1.05991156e-05  1.71000000e+00  1.04679086e+00  1.71000000e+00  9.08654228e-01  1.71000000e+00  1.78085448e-01  1.71000000e+00  9.44720136e-05  1.71000000e+00  9.20631443e-04  1.71000000e+00  4.90049709e-06  1.71000000e+00  9.86793744e-01  1.71000000e+00  9.08627070e-01  1.71000000e+00  1.35775422e-01  1.71000000e+00  4.87648071e-05  1.71000000e+00  6.07195751e-04  1.71000000e+00  3.17588971e-06  1.71000000e+00  9.68082185e-01  1.71000000e+00  9.13460644e-01  1.71000000e+00  1.20683241e-01  1.71000000e+00  3.57314288e-05  1.71000000e+00  4.90297783e-04  1.71000000e+00  2.56974469e-06  1.71000000e+00  1.02807976e+00  1.71000000e+00  9.13434693e-01  1.71000000e+00  1.61151293e-01  1.71000000e+00  7.42213698e-05  1.71000000e+00  7.96217368e-04  1.71000000e+00  4.19657763e-06  1.71000000e+00  1.49199817e+00  1.71000000e+00  6.88214234e-01  1.71000000e+00  6.58064494e-01  1.71000000e+00  1.40633252e-04  1.71000000e+00  1.71107097e-04  1.71000000e+00  6.63997707e-04  1.71000000e+00  1.49200260e+00  1.71000000e+00  6.88212612e-01  1.71000000e+00  6.58068465e-01  1.71000000e+00  1.12556023e-04  1.71000000e+00  1.32266507e-04  1.71000000e+00  7.20881077e-04 
 1.72000000e+00  3.00500753e+00  1.72000000e+00  2.98465507e+00  1.72000000e+00  1.07210885e+00  1.72000000e+00  7.73093748e-01  1.72000000e+00  2.91595603e-01  1.72000000e+00  1.43271964e-04  1.72000000e+00  7.77726298e-04  1.72000000e+00  1.83146439e-05  1.72000000e+00  1.01269609e+00  1.72000000e+00  7.59949541e-01  1.72000000e+00  2.57448894e-01  1.72000000e+00  1.09974595e-04  1.72000000e+00  6.97755305e-04  1.72000000e+00  1.04580199e-05  1.72000000e+00  1.05198327e+00  1.72000000e+00  9.09894865e-01  1.72000000e+00  1.81032944e-01  1.72000000e+00  9.81065614e-05  1.72000000e+00  9.41166191e-04  1.72000000e+00  5.02102200e-06  1.72000000e+00  9.81986604e-01  1.72000000e+00  9.09863016e-01  1.72000000e+00  1.31806001e-01  1.72000000e+00  4.51655528e-05  1.72000000e+00  5.76591826e-04  1.72000000e+00  3.01536938e-06  1.72000000e+00  9.63121220e-01  1.72000000e+00  9.14732015e-01  1.72000000e+00  1.16871453e-01  1.72000000e+00  3.27436597e-05  1.72000000e+00  4.60853645e-04  1.72000000e+00  2.41803478e-06  1.72000000e+00  1.03311842e+00  1.72000000e+00  9.14701556e-01  1.72000000e+00  1.63890444e-01  1.72000000e+00  7.72311327e-05  1.72000000e+00  8.15981967e-04  1.72000000e+00  4.30668819e-06  1.72000000e+00  1.49199817e+00  1.72000000e+00  6.88214236e-01  1.72000000e+00  6.58064489e-01  1.72000000e+00  1.40667318e-04  1.72000000e+00  1.71156157e-04  1.72000000e+00  6.63926440e-04  1.72000000e+00  1.49200259e+00  1.72000000e+00  6.88212614e-01  1.72000000e+00  6.58068462e-01  1.72000000e+00  1.12579242e-04  1.72000000e+00  1.32297405e-04  1.72000000e+00  7.20835454e-04 
 1.73000000e+00  3.00644687e+00  1.73000000e+00  2.98308694e+00  1.73000000e+00  1.07205719e+00  1.73000000e+00  7.73103964e-01  1.73000000e+00  2.91551918e-01  1.73000000e+00  1.43307462e-04  1.73000000e+00  7.78323730e-04  1.73000000e+00  1.79104649e-05  1.73000000e+00  1.01266329e+00  1.73000000e+00  7.59953833e-01  1.73000000e+00  2.57422371e-01  1.73000000e+00  1.09997020e-04  1.73000000e+00  6.98051281e-04  1.73000000e+00  1.03177758e-05  1.73000000e+00  1.05703516e+00  1.73000000e+00  9.11169437e-01  1.73000000e+00  1.83864062e-01  1.73000000e+00  1.01652467e-04  1.73000000e+00  9.60728091e-04  1.73000000e+00  5.13698548e-06  1.73000000e+00  9.77038938e-01  1.73000000e+00  9.11132838e-01  1.73000000e+00  1.27788376e-01  1.73000000e+00  4.16551468e-05  1.73000000e+00  5.45570863e-04  1.73000000e+00  2.85352500e-06  1.73000000e+00  9.57998359e-01  1.73000000e+00  9.16042424e-01  1.73000000e+00  1.13026950e-01  1.73000000e+00  2.98512132e-05  1.73000000e+00  4.31224616e-04  1.73000000e+00  2.26574405e-06  1.73000000e+00  1.03799519e+00  1.73000000e+00  9.16007390e-01  1.73000000e+00  1.66500846e-01  1.73000000e+00  8.01460043e-05  1.73000000e+00  8.34691692e-04  1.73000000e+00  4.41166136e-06  1.73000000e+00  1.49199816e+00  1.73000000e+00  6.88214238e-01  1.73000000e+00  6.58064484e-01  1.73000000e+00  1.40701605e-04  1.73000000e+00  1.71205541e-04  1.73000000e+00  6.63854704e-04  1.73000000e+00  1.49200259e+00  1.73000000e+00  6.88212615e-01  1.73000000e+00  6.58068458e-01  1.73000000e+00  1.12602878e-04  1.73000000e+00  1.32328860e-04  1.73000000e+00  7.20789011e-04 
 1.74000000e+00  3.00790102e+00  1.74000000e+00  2.98150275e+00  1.74000000e+00  1.07200521e+00  1.74000000e+00  7.73114099e-01  1.74000000e+00  2.91508069e-01  1.74000000e+00  1.43343150e-04  1.74000000e+00  7.78915533e-04  1.74000000e+00  1.75156536e-05  1.74000000e+00  1.01262992e+00  1.74000000e+00  7.59958104e-01  1.74000000e+00  2.57395464e-01  1.74000000e+00  1.10019864e-04  1.74000000e+00  6.98349255e-04  1.74000000e+00  1.01785662e-05  1.74000000e+00  1.06194496e+00  1.74000000e+00  9.12478161e-01  1.74000000e+00  1.86575542e-01  1.74000000e+00  1.05097474e-04  1.74000000e+00  9.79307481e-04  1.74000000e+00  5.24823680e-06  1.74000000e+00  9.71949170e-01  1.74000000e+00  9.12436750e-01  1.74000000e+00  1.23732015e-01  1.74000000e+00  3.82458288e-05  1.74000000e+00  5.14233324e-04  1.74000000e+00  2.69080328e-06  1.74000000e+00  9.52712511e-01  1.74000000e+00  9.17391931e-01  1.74000000e+00  1.09163216e-01  1.74000000e+00  2.70663549e-05  1.74000000e+00  4.01548245e-04  1.74000000e+00  2.11347495e-06  1.74000000e+00  1.04270899e+00  1.74000000e+00  9.17352252e-01  1.74000000e+00  1.68978887e-01  1.74000000e+00  8.29537060e-05  1.74000000e+00  8.52330361e-04  1.74000000e+00  4.51132577e-06  1.74000000e+00  1.49199816e+00  1.74000000e+00  6.88214240e-01  1.74000000e+00  6.58064479e-01  1.74000000e+00  1.40736098e-04  1.74000000e+00  1.71255227e-04  1.74000000e+00  6.63782532e-04  1.74000000e+00  1.49200259e+00  1.74000000e+00  6.88212616e-01  1.74000000e+00  6.58068455e-01  1.74000000e+00  1.12626916e-04  1.74000000e+00  1.32360852e-04  1.74000000e+00  7.20741773e-04 
 1.75000000e+00  3.00936916e+00  1.75000000e+00  2.97990331e+00  1.75000000e+00  1.07195294e+00  1.75000000e+00  7.73124143e-01  1.75000000e+00  2.91464076e-01  1.75000000e+00  1.43379013e-04  1.75000000e+00  7.79501412e-04  1.75000000e+00  1.71303379e-05  1.75000000e+00  1.01259602e+00  1.75000000e+00  7.59962347e-01  1.75000000e+00  2.57368191e-01  1.75000000e+00  1.10043114e-04  1.75000000e+00  6.98648941e-04  1.75000000e+00  1.00405641e-05  1.75000000e+00  1.06671106e+00  1.75000000e+00  9.13821253e-01  1.75000000e+00  1.89164324e-01  1.75000000e+00  1.08429689e-04  1.75000000e+00  9.96896804e-04  1.75000000e+00  5.35463351e-06  1.75000000e+00  9.66715694e-01  1.75000000e+00  9.13774974e-01  1.75000000e+00  1.19647514e-01  1.75000000e+00  3.49494785e-05  1.75000000e+00  4.82692323e-04  1.75000000e+00  2.52769580e-06  1.75000000e+00  9.47262755e-01  1.75000000e+00  9.18780541e-01  1.75000000e+00  1.05295180e-01  1.75000000e+00  2.44006206e-05  1.75000000e+00  3.71974624e-04  1.75000000e+00  1.96188027e-06  1.75000000e+00  1.04725890e+00  1.75000000e+00  9.18736150e-01  1.75000000e+00  1.71321437e-01  1.75000000e+00  8.56426886e-05  1.75000000e+00  8.68886170e-04  1.75000000e+00  4.60553140e-06  1.75000000e+00  1.49199815e+00  1.75000000e+00  6.88214242e-01  1.75000000e+00  6.58064474e-01  1.75000000e+00  1.40770783e-04  1.75000000e+00  1.71305194e-04  1.75000000e+00  6.63709952e-04  1.75000000e+00  1.49200258e+00  1.75000000e+00  6.88212618e-01  1.75000000e+00  6.58068451e-01  1.75000000e+00  1.12651344e-04  1.75000000e+00  1.32393366e-04  1.75000000e+00  7.20693768e-04 
 1.76000000e+00  3.01084942e+00  1.76000000e+00  2.97829050e+00  1.76000000e+00  1.07190039e+00  1.76000000e+00  7.73134090e-01  1.76000000e+00  2.91419960e-01  1.76000000e+00  1.43415039e-04  1.76000000e+00  7.80081109e-04  1.76000000e+00  1.67546063e-05  1.76000000e+00  1.01256159e+00  1.76000000e+00  7.59966554e-01  1.76000000e+00  2.57340570e-01  1.76000000e+00  1.10066755e-04  1.76000000e+00  6.98950055e-04  1.76000000e+00  9.90393399e-06  1.76000000e+00  1.07133191e+00  1.76000000e+00  9.15198914e-01  1.76000000e+00  1.91627594e-01  1.76000000e+00  1.11637693e-04  1.76000000e+00  1.01349067e-03  1.76000000e+00  5.45604293e-06  1.76000000e+00  9.61336944e-01  1.76000000e+00  9.15147712e-01  1.76000000e+00  1.15546711e-01  1.76000000e+00  3.17775019e-05  1.76000000e+00  4.51074006e-04  1.76000000e+00  2.36474191e-06  1.76000000e+00  9.41648462e-01  1.76000000e+00  9.20208181e-01  1.76000000e+00  1.01439296e-01  1.76000000e+00  2.18646393e-05  1.76000000e+00  3.42665552e-04  1.76000000e+00  1.81166275e-06  1.76000000e+00  1.05164428e+00  1.76000000e+00  9.20159014e-01  1.76000000e+00  1.73525916e-01  1.76000000e+00  8.82023087e-05  1.76000000e+00  8.84351937e-04  1.76000000e+00  4.69415282e-06  1.76000000e+00  1.49199815e+00  1.76000000e+00  6.88214244e-01  1.76000000e+00  6.58064469e-01  1.76000000e+00  1.40805646e-04  1.76000000e+00  1.71355423e-04  1.76000000e+00  6.63636994e-04  1.76000000e+00  1.49200258e+00  1.76000000e+00  6.88212619e-01  1.76000000e+00  6.58068448e-01  1.76000000e+00  1.12676148e-04  1.76000000e+00  1.32426381e-04  1.76000000e+00  7.20645021e-04 
 1.77000000e+00  3.01233874e+00  1.77000000e+00  2.97666738e+00  1.77000000e+00  1.07184759e+00  1.77000000e+00  7.73143930e-01  1.77000000e+00  2.91375742e-01  1.77000000e+00  1.43451214e-04  1.77000000e+00  7.80654393e-04  1.77000000e+00  1.63885164e-05  1.77000000e+00  1.01252666e+00  1.77000000e+00  7.59970718e-01  1.77000000e+00  2.57312622e-01  1.77000000e+00  1.10090772e-04  1.77000000e+00  6.99252307e-04  1.77000000e+00  9.76883447e-06  1.77000000e+00  1.07580606e+00  1.77000000e+00  9.16611300e-01  1.77000000e+00  1.93962841e-01  1.77000000e+00  1.14710675e-04  1.77000000e+00  1.02908602e-03  1.77000000e+00  5.55234435e-06  1.77000000e+00  9.55811480e-01  1.77000000e+00  9.16555131e-01  1.77000000e+00  1.11442805e-01  1.77000000e+00  2.87406942e-05  1.77000000e+00  4.19517562e-04  1.77000000e+00  2.20253058e-06  1.77000000e+00  9.35869425e-01  1.77000000e+00  9.21674658e-01  1.77000000e+00  9.76135760e-02  1.77000000e+00  1.94679348e-05  1.77000000e+00  3.13792974e-04  1.77000000e+00  1.66357217e-06  1.77000000e+00  1.05586494e+00  1.77000000e+00  9.21620660e-01  1.77000000e+00  1.75590395e-01  1.77000000e+00  9.06230269e-05  1.77000000e+00  8.98725467e-04  1.77000000e+00  4.77709307e-06  1.77000000e+00  1.49199814e+00  1.77000000e+00  6.88214246e-01  1.77000000e+00  6.58064464e-01  1.77000000e+00  1.40840674e-04  1.77000000e+00  1.71405895e-04  1.77000000e+00  6.63563684e-04  1.77000000e+00  1.49200257e+00  1.77000000e+00  6.88212621e-01  1.77000000e+00  6.58068444e-01  1.77000000e+00  1.12701312e-04  1.77000000e+00  1.32459879e-04  1.77000000e+00  7.20595564e-04 
 1.78000000e+00  3.01383275e+00  1.78000000e+00  2.97503834e+00  1.78000000e+00  1.07179455e+00  1.78000000e+00  7.73153656e-01  1.78000000e+00  2.91331440e-01  1.78000000e+00  1.43487524e-04  1.78000000e+00  7.81221049e-04  1.78000000e+00  1.60321016e-05  1.78000000e+00  1.01249124e+00  1.78000000e+00  7.59974831e-01  1.78000000e+00  2.57284369e-01  1.78000000e+00  1.10115149e-04  1.78000000e+00  6.99555398e-04  1.78000000e+00  9.63541985e-06  1.78000000e+00  1.08013230e+00  1.78000000e+00  9.18058503e-01  1.78000000e+00  1.96167924e-01  1.78000000e+00  1.17638600e-04  1.78000000e+00  1.04368244e-03  1.78000000e+00  5.64343179e-06  1.78000000e+00  9.50138085e-01  1.78000000e+00  9.17997337e-01  1.78000000e+00  1.07350445e-01  1.78000000e+00  2.58490800e-05  1.78000000e+00  3.88174734e-04  1.78000000e+00  2.04170098e-06  1.78000000e+00  9.29926009e-01  1.78000000e+00  9.23179632e-01  1.78000000e+00  9.38375669e-02  1.78000000e+00  1.72187116e-05  1.78000000e+00  2.85536612e-04  1.78000000e+00  1.51839963e-06  1.78000000e+00  1.05992124e+00  1.78000000e+00  9.23120760e-01  1.78000000e+00  1.77513697e-01  1.78000000e+00  9.28966214e-05  1.78000000e+00  9.12010035e-04  1.78000000e+00  4.85428819e-06  1.78000000e+00  1.49199814e+00  1.78000000e+00  6.88214248e-01  1.78000000e+00  6.58064459e-01  1.78000000e+00  1.40875853e-04  1.78000000e+00  1.71456591e-04  1.78000000e+00  6.63490050e-04  1.78000000e+00  1.49200257e+00  1.78000000e+00  6.88212622e-01  1.78000000e+00  6.58068441e-01  1.78000000e+00  1.12726820e-04  1.78000000e+00  1.32493836e-04  1.78000000e+00  7.20545429e-04 
 1.79000000e+00  3.01532565e+00  1.79000000e+00  2.97340918e+00  1.79000000e+00  1.07174130e+00  1.79000000e+00  7.73163260e-01  1.79000000e+00  2.91287076e-01  1.79000000e+00  1.43523956e-04  1.79000000e+00  7.81780872e-04  1.79000000e+00  1.56853777e-05  1.79000000e+00  1.01245538e+00  1.79000000e+00  7.59978888e-01  1.79000000e+00  2.57255835e-01  1.79000000e+00  1.10139865e-04  1.79000000e+00  6.99859014e-04  1.79000000e+00  9.50384156e-06  1.79000000e+00  1.08430974e+00  1.79000000e+00  9.19540523e-01  1.79000000e+00  1.98241163e-01  1.79000000e+00  1.20412378e-04  1.79000000e+00  1.05728252e-03  1.79000000e+00  5.72921749e-06  1.79000000e+00  9.44315874e-01  1.79000000e+00  9.19474344e-01  1.79000000e+00  1.03285801e-01  1.79000000e+00  2.31117325e-05  1.79000000e+00  3.57208741e-04  1.79000000e+00  1.88294114e-06  1.79000000e+00  9.23819297e-01  1.79000000e+00  9.24722573e-01  1.79000000e+00  9.01322291e-02  1.79000000e+00  1.51236324e-05  1.79000000e+00  2.58080650e-04  1.79000000e+00  1.37696810e-06  1.79000000e+00  1.06381426e+00  1.79000000e+00  9.24658801e-01  1.79000000e+00  1.79295520e-01  1.79000000e+00  9.50164099e-05  1.79000000e+00  9.24214955e-04  1.79000000e+00  4.92571216e-06  1.79000000e+00  1.49199813e+00  1.79000000e+00  6.88214250e-01  1.79000000e+00  6.58064454e-01  1.79000000e+00  1.40911170e-04  1.79000000e+00  1.71507490e-04  1.79000000e+00  6.63416123e-04  1.79000000e+00  1.49200257e+00  1.79000000e+00  6.88212624e-01  1.79000000e+00  6.58068437e-01  1.79000000e+00  1.12752652e-04  1.79000000e+00  1.32528227e-04  1.79000000e+00  7.20494654e-04 
 1.80000000e+00  3.01681021e+00  1.80000000e+00  2.97178719e+00  1.80000000e+00  1.07168786e+00  1.80000000e+00  7.73172732e-01  1.80000000e+00  2.91242673e-01  1.80000000e+00  1.43560495e-04  1.80000000e+00  7.82333655e-04  1.80000000e+00  1.53483475e-05  1.80000000e+00  1.01241909e+00  1.80000000e+00  7.59982880e-01  1.80000000e+00  2.57227047e-01  1.80000000e+00  1.10164899e-04  1.80000000e+00  7.00162826e-04  1.80000000e+00  9.37424901e-06  1.80000000e+00  1.08833796e+00  1.80000000e+00  9.21057237e-01  1.80000000e+00  2.00181432e-01  1.80000000e+00  1.23024072e-04  1.80000000e+00  1.06989234e-03  1.80000000e+00  5.80963583e-06  1.80000000e+00  9.38344416e-01  1.80000000e+00  9.20986053e-01  1.80000000e+00  9.92665740e-02  1.80000000e+00  2.05365744e-05  1.80000000e+00  3.26792467e-04  1.80000000e+00  1.72698434e-06  1.80000000e+00  9.17551242e-01  1.80000000e+00  9.26302729e-01  1.80000000e+00  8.65197066e-02  1.80000000e+00  1.31876000e-05  1.80000000e+00  2.31609444e-04  1.80000000e+00  1.24011867e-06  1.80000000e+00  1.06754596e+00  1.80000000e+00  9.26234053e-01  1.80000000e+00  1.80936550e-01  1.80000000e+00  9.69774676e-05  1.80000000e+00  9.35356158e-04  1.80000000e+00  4.99138177e-06  1.80000000e+00  1.49199812e+00  1.80000000e+00  6.88214252e-01  1.80000000e+00  6.58064449e-01  1.80000000e+00  1.40946608e-04  1.80000000e+00  1.71558570e-04  1.80000000e+00  6.63341936e-04  1.80000000e+00  1.49200256e+00  1.80000000e+00  6.88212625e-01  1.80000000e+00  6.58068433e-01  1.80000000e+00  1.12778787e-04  1.80000000e+00  1.32563023e-04  1.80000000e+00  7.20443281e-04 
 1.81000000e+00  3.01827772e+00  1.81000000e+00  2.97018111e+00  1.81000000e+00  1.07163426e+00  1.81000000e+00  7.73182066e-01  1.81000000e+00  2.91198255e-01  1.81000000e+00  1.43597123e-04  1.81000000e+00  7.82879188e-04  1.81000000e+00  1.50210056e-05  1.81000000e+00  1.01238242e+00  1.81000000e+00  7.59986800e-01  1.81000000e+00  2.57198034e-01  1.81000000e+00  1.10190227e-04  1.81000000e+00  7.00466483e-04  1.81000000e+00  9.24678989e-06  1.81000000e+00  1.09221710e+00  1.81000000e+00  9.22608366e-01  1.81000000e+00  2.01988264e-01  1.81000000e+00  1.25467104e-04  1.81000000e+00  1.08152199e-03  1.81000000e+00  5.88464784e-06  1.81000000e+00  9.32223862e-01  1.81000000e+00  9.22532213e-01  1.81000000e+00  9.53119523e-02  1.81000000e+00  1.81301666e-05  1.81000000e+00  2.97105840e-04  1.81000000e+00  1.57460247e-06  1.81000000e+00  9.11124802e-01  1.81000000e+00  9.27919092e-01  1.81000000e+00  8.30229559e-02  1.81000000e+00  1.14135591e-05  1.81000000e+00  2.06302258e-04  1.81000000e+00  1.10869214e-06  1.81000000e+00  1.07111930e+00  1.81000000e+00  9.27845535e-01  1.81000000e+00  1.82438567e-01  1.81000000e+00  9.87768248e-05  1.81000000e+00  9.45456746e-04  1.81000000e+00  5.05136121e-06  1.81000000e+00  1.49199812e+00  1.81000000e+00  6.88214254e-01  1.81000000e+00  6.58064444e-01  1.81000000e+00  1.40982149e-04  1.81000000e+00  1.71609804e-04  1.81000000e+00  6.63267525e-04  1.81000000e+00  1.49200256e+00  1.81000000e+00  6.88212627e-01  1.81000000e+00  6.58068430e-01  1.81000000e+00  1.12805200e-04  1.81000000e+00  1.32598193e-04  1.81000000e+00  7.20391358e-04 
 1.82000000e+00  3.01971823e+00  1.82000000e+00  2.96860097e+00  1.82000000e+00  1.07158053e+00  1.82000000e+00  7.73191252e-01  1.82000000e+00  2.91153849e-01  1.82000000e+00  1.43633820e-04  1.82000000e+00  7.83417245e-04  1.82000000e+00  1.47033413e-05  1.82000000e+00  1.01234539e+00  1.82000000e+00  7.59990641e-01  1.82000000e+00  2.57168828e-01  1.82000000e+00  1.10215819e-04  1.82000000e+00  7.00769615e-04  1.82000000e+00  9.12160968e-06  1.82000000e+00  1.09594803e+00  1.82000000e+00  9.24193450e-01  1.82000000e+00  2.03661962e-01  1.82000000e+00  1.27736468e-04  1.82000000e+00  1.09218616e-03  1.82000000e+00  5.95424584e-06  1.82000000e+00  9.25955071e-01  1.82000000e+00  9.24112392e-01  1.82000000e+00  9.14424736e-02  1.82000000e+00  1.58974939e-05  1.82000000e+00  2.68332307e-04  1.82000000e+00  1.42659592e-06  1.82000000e+00  9.04544052e-01  1.82000000e+00  9.29570379e-01  1.82000000e+00  7.96652175e-02  1.82000000e+00  9.80233796e-06  1.82000000e+00  1.82327165e-04  1.82000000e+00  9.83505679e-07  1.82000000e+00  1.07453834e+00  1.82000000e+00  9.29491993e-01  1.82000000e+00  1.83804536e-01  1.82000000e+00  1.00413625e-04  1.82000000e+00  9.54547415e-04  1.82000000e+00  5.10576562e-06  1.82000000e+00  1.49199811e+00  1.82000000e+00  6.88214257e-01  1.82000000e+00  6.58064439e-01  1.82000000e+00  1.41017775e-04  1.82000000e+00  1.71661165e-04  1.82000000e+00  6.63192932e-04  1.82000000e+00  1.49200255e+00  1.82000000e+00  6.88212628e-01  1.82000000e+00  6.58068426e-01  1.82000000e+00  1.12831865e-04  1.82000000e+00  1.32633699e-04  1.82000000e+00  7.20338939e-04 
 1.83000000e+00  3.02112073e+00  1.83000000e+00  2.96705786e+00  1.83000000e+00  1.07152670e+00  1.83000000e+00  7.73200282e-01  1.83000000e+00  2.91109487e-01  1.83000000e+00  1.43670565e-04  1.83000000e+00  7.83947587e-04  1.83000000e+00  1.43953398e-05  1.83000000e+00  1.01230805e+00  1.83000000e+00  7.59994395e-01  1.83000000e+00  2.57139466e-01  1.83000000e+00  1.10241645e-04  1.83000000e+00  7.01071836e-04  1.83000000e+00  8.99885042e-06  1.83000000e+00  1.09953244e+00  1.83000000e+00  9.25811813e-01  1.83000000e+00  2.05203702e-01  1.83000000e+00  1.29828938e-04  1.83000000e+00  1.10190467e-03  1.83000000e+00  6.01845810e-06  1.83000000e+00  9.19539744e-01  1.83000000e+00  9.25725949e-01  1.83000000e+00  8.76797793e-02  1.83000000e+00  1.38417611e-05  1.83000000e+00  2.40654379e-04  1.83000000e+00  1.28377933e-06  1.83000000e+00  8.97814251e-01  1.83000000e+00  9.31255012e-01  1.83000000e+00  7.64693211e-02  1.83000000e+00  8.35255031e-06  1.83000000e+00  1.59834384e-04  1.83000000e+00  8.65325153e-07  1.83000000e+00  1.07780836e+00  1.83000000e+00  9.31171885e-01  1.83000000e+00  1.85038650e-01  1.83000000e+00  1.01889225e-04  1.83000000e+00  9.62666666e-04  1.83000000e+00  5.15476323e-06  1.83000000e+00  1.49199811e+00  1.83000000e+00  6.88214259e-01  1.83000000e+00  6.58064434e-01  1.83000000e+00  1.41053461e-04  1.83000000e+00  1.71712619e-04  1.83000000e+00  6.63118205e-04  1.83000000e+00  1.49200255e+00  1.83000000e+00  6.88212630e-01  1.83000000e+00  6.58068422e-01  1.83000000e+00  1.12858749e-04  1.83000000e+00  1.32669502e-04  1.83000000e+00  7.20286083e-04 
 1.84000000e+00  3.02247354e+00  1.84000000e+00  2.96556356e+00  1.84000000e+00  1.07147281e+00  1.84000000e+00  7.73209147e-01  1.84000000e+00  2.91065201e-01  1.84000000e+00  1.43707333e-04  1.84000000e+00  7.84469957e-04  1.84000000e+00  1.40969832e-05  1.84000000e+00  1.01227045e+00  1.84000000e+00  7.59998055e-01  1.84000000e+00  2.57109986e-01  1.84000000e+00  1.10267671e-04  1.84000000e+00  7.01372743e-04  1.84000000e+00  8.87864871e-06  1.84000000e+00  1.10297298e+00  1.84000000e+00  9.27462540e-01  1.84000000e+00  2.06615627e-01  1.84000000e+00  1.31743244e-04  1.84000000e+00  1.11070299e-03  1.84000000e+00  6.07735316e-06  1.84000000e+00  9.12980526e-01  1.84000000e+00  9.27372008e-01  1.84000000e+00  8.40462349e-02  1.84000000e+00  1.19642139e-05  1.84000000e+00  2.14248305e-04  1.84000000e+00  1.14696305e-06  1.84000000e+00  8.90941866e-01  1.84000000e+00  9.32971121e-01  1.84000000e+00  7.34568382e-02  1.84000000e+00  7.06057898e-06  1.84000000e+00  1.38949509e-04  1.84000000e+00  7.54834128e-07  1.84000000e+00  1.08093581e+00  1.84000000e+00  9.32883378e-01  1.84000000e+00  1.86146335e-01  1.84000000e+00  1.03207207e-04  1.84000000e+00  9.69860715e-04  1.84000000e+00  5.19857528e-06  1.84000000e+00  1.49199810e+00  1.84000000e+00  6.88214261e-01  1.84000000e+00  6.58064429e-01  1.84000000e+00  1.41089183e-04  1.84000000e+00  1.71764129e-04  1.84000000e+00  6.63043398e-04  1.84000000e+00  1.49200254e+00  1.84000000e+00  6.88212631e-01  1.84000000e+00  6.58068418e-01  1.84000000e+00  1.12885821e-04  1.84000000e+00  1.32705555e-04  1.84000000e+00  7.20232858e-04 
 1.85000000e+00  3.02376491e+00  1.85000000e+00  2.96412997e+00  1.85000000e+00  1.07141890e+00  1.85000000e+00  7.73217837e-01  1.85000000e+00  2.91021030e-01  1.85000000e+00  1.43744093e-04  1.85000000e+00  7.84984080e-04  1.85000000e+00  1.38082490e-05  1.85000000e+00  1.01223264e+00  1.85000000e+00  7.60001615e-01  1.85000000e+00  2.57080427e-01  1.85000000e+00  1.10293860e-04  1.85000000e+00  7.01671926e-04  1.85000000e+00  8.76113309e-06  1.85000000e+00  1.10627334e+00  1.85000000e+00  9.29144463e-01  1.85000000e+00  2.07900920e-01  1.85000000e+00  1.33480203e-04  1.85000000e+00  1.11861257e-03  1.85000000e+00  6.13104328e-06  1.85000000e+00  9.06281101e-01  1.85000000e+00  9.29049434e-01  1.85000000e+00  8.05644008e-02  1.85000000e+00  1.02640044e-05  1.85000000e+00  1.89278001e-04  1.85000000e+00  1.01693006e-06  1.85000000e+00  8.83934518e-01  1.85000000e+00  9.34716563e-01  1.85000000e+00  7.06471209e-02  1.85000000e+00  5.92065709e-06  1.85000000e+00  1.19767248e-04  1.85000000e+00  6.52601739e-07  1.85000000e+00  1.08392832e+00  1.85000000e+00  9.34624368e-01  1.85000000e+00  1.87134191e-01  1.85000000e+00  1.04373302e-04  1.85000000e+00  9.76183023e-04  1.85000000e+00  5.23747346e-06  1.85000000e+00  1.49199810e+00  1.85000000e+00  6.88214263e-01  1.85000000e+00  6.58064424e-01  1.85000000e+00  1.41124911e-04  1.85000000e+00  1.71815655e-04  1.85000000e+00  6.62968571e-04  1.85000000e+00  1.49200254e+00  1.85000000e+00  6.88212633e-01  1.85000000e+00  6.58068414e-01  1.85000000e+00  1.12913043e-04  1.85000000e+00  1.32741812e-04  1.85000000e+00  7.20179333e-04 
 1.86000000e+00  3.02498353e+00  1.86000000e+00  2.96276853e+00  1.86000000e+00  1.07136503e+00  1.86000000e+00  7.73226343e-01  1.86000000e+00  2.90977013e-01  1.86000000e+00  1.43780817e-04  1.86000000e+00  7.85489670e-04  1.86000000e+00  1.35291084e-05  1.86000000e+00  1.01219467e+00  1.86000000e+00  7.60005068e-01  1.86000000e+00  2.57050834e-01  1.86000000e+00  1.10320175e-04  1.86000000e+00  7.01968973e-04  1.86000000e+00  8.64642085e-06  1.86000000e+00  1.10943828e+00  1.86000000e+00  9.30856145e-01  1.86000000e+00  2.09063838e-01  1.86000000e+00  1.35042800e-04  1.86000000e+00  1.12567102e-03  1.86000000e+00  6.17968659e-06  1.86000000e+00  8.99446240e-01  1.86000000e+00  9.30756831e-01  1.86000000e+00  7.72563479e-02  1.86000000e+00  8.73811966e-06  1.86000000e+00  1.65888528e-04  1.86000000e+00  8.94408953e-07  1.86000000e+00  8.76800861e-01  1.86000000e+00  9.36488956e-01  1.86000000e+00  6.80562983e-02  1.86000000e+00  4.92505490e-06  1.86000000e+00  1.02346417e-04  1.86000000e+00  5.59052274e-07  1.86000000e+00  1.08679453e+00  1.86000000e+00  9.36392509e-01  1.86000000e+00  1.88009868e-01  1.86000000e+00  1.05395203e-04  1.86000000e+00  9.81693418e-04  1.86000000e+00  5.27177452e-06  1.86000000e+00  1.49199809e+00  1.86000000e+00  6.88214265e-01  1.86000000e+00  6.58064419e-01  1.86000000e+00  1.41160613e-04  1.86000000e+00  1.71867149e-04  1.86000000e+00  6.62893791e-04  1.86000000e+00  1.49200254e+00  1.86000000e+00  6.88212635e-01  1.86000000e+00  6.58068411e-01  1.86000000e+00  1.12940378e-04  1.86000000e+00  1.32778222e-04  1.86000000e+00  7.20125583e-04 
 1.87000000e+00  3.02611928e+00  1.87000000e+00  2.96148952e+00  1.87000000e+00  1.07131124e+00  1.87000000e+00  7.73234656e-01  1.87000000e+00  2.90933193e-01  1.87000000e+00  1.43817468e-04  1.87000000e+00  7.85986434e-04  1.87000000e+00  1.32595224e-05  1.87000000e+00  1.01215660e+00  1.87000000e+00  7.60008408e-01  1.87000000e+00  2.57021247e-01  1.87000000e+00  1.10346575e-04  1.87000000e+00  7.02263485e-04  1.87000000e+00  8.53461478e-06  1.87000000e+00  1.11247367e+00  1.87000000e+00  9.32595891e-01  1.87000000e+00  2.10109709e-01  1.87000000e+00  1.36436167e-04  1.87000000e+00  1.13192197e-03  1.87000000e+00  6.22348747e-06  1.87000000e+00  8.92481801e-01  1.87000000e+00  9.32492533e-01  1.87000000e+00  7.41428310e-02  1.87000000e+00  7.38139207e-06  1.87000000e+00  1.44199553e-04  1.87000000e+00  7.80044073e-07  1.87000000e+00  8.69550397e-01  1.87000000e+00  9.38285728e-01  1.87000000e+00  6.56963292e-02  1.87000000e+00  4.06436840e-06  1.87000000e+00  8.67069209e-05  1.87000000e+00  4.74440028e-07  1.87000000e+00  1.08954396e+00  1.87000000e+00  9.38185263e-01  1.87000000e+00  1.88781876e-01  1.87000000e+00  1.06282275e-04  1.87000000e+00  9.86456807e-04  1.87000000e+00  5.30183214e-06  1.87000000e+00  1.49199809e+00  1.87000000e+00  6.88214267e-01  1.87000000e+00  6.58064414e-01  1.87000000e+00  1.41196256e-04  1.87000000e+00  1.71918563e-04  1.87000000e+00  6.62819129e-04  1.87000000e+00  1.49200253e+00  1.87000000e+00  6.88212636e-01  1.87000000e+00  6.58068407e-01  1.87000000e+00  1.12967786e-04  1.87000000e+00  1.32814732e-04  1.87000000e+00  7.20071686e-04 
 1.88000000e+00  3.02716385e+00  1.88000000e+00  2.96030144e+00  1.88000000e+00  1.07125759e+00  1.88000000e+00  7.73242768e-01  1.88000000e+00  2.90889615e-01  1.88000000e+00  1.43854012e-04  1.88000000e+00  7.86474079e-04  1.88000000e+00  1.29994373e-05  1.88000000e+00  1.01211847e+00  1.88000000e+00  7.60011631e-01  1.88000000e+00  2.56991711e-01  1.88000000e+00  1.10373022e-04  1.88000000e+00  7.02555079e-04  1.88000000e+00  8.42579999e-06  1.88000000e+00  1.11538640e+00  1.88000000e+00  9.34361763e-01  1.88000000e+00  2.11044872e-01  1.88000000e+00  1.37667484e-04  1.88000000e+00  1.13741468e-03  1.88000000e+00  6.26269468e-06  1.88000000e+00  8.85394680e-01  1.88000000e+00  9.34254633e-01  1.88000000e+00  7.12423574e-02  1.88000000e+00  6.18660511e-06  1.88000000e+00  1.24299370e-04  1.88000000e+00  6.74364730e-07  1.88000000e+00  8.62193230e-01  1.88000000e+00  9.40104186e-01  1.88000000e+00  6.35742284e-02  1.88000000e+00  3.32789207e-06  1.88000000e+00  7.28293091e-05  1.88000000e+00  3.98832981e-07  1.88000000e+00  1.09218670e+00  1.88000000e+00  9.39999965e-01  1.88000000e+00  1.89459349e-01  1.88000000e+00  1.07045185e-04  1.88000000e+00  9.90541566e-04  1.88000000e+00  5.32802666e-06  1.88000000e+00  1.49199808e+00  1.88000000e+00  6.88214269e-01  1.88000000e+00  6.58064409e-01  1.88000000e+00  1.41231804e-04  1.88000000e+00  1.71969844e-04  1.88000000e+00  6.62744661e-04  1.88000000e+00  1.49200253e+00  1.88000000e+00  6.88212638e-01  1.88000000e+00  6.58068403e-01  1.88000000e+00  1.12995230e-04  1.88000000e+00  1.32851292e-04  1.88000000e+00  7.20017717e-04 
 1.89000000e+00  3.02811126e+00  1.89000000e+00  2.95921045e+00  1.89000000e+00  1.07120413e+00  1.89000000e+00  7.73250670e-01  1.89000000e+00  2.90846325e-01  1.89000000e+00  1.43890410e-04  1.89000000e+00  7.86952325e-04  1.89000000e+00  1.27487808e-05  1.89000000e+00  1.01208035e+00  1.89000000e+00  7.60014731e-01  1.89000000e+00  2.56962265e-01  1.89000000e+00  1.10399477e-04  1.89000000e+00  7.02843404e-04  1.89000000e+00  8.32004134e-06  1.89000000e+00  1.11818428e+00  1.89000000e+00  9.36151614e-01  1.89000000e+00  2.11876559e-01  1.89000000e+00  1.38745776e-04  1.89000000e+00  1.14220327e-03  1.89000000e+00  6.29759707e-06  1.89000000e+00  8.78192694e-01  1.89000000e+00  9.36041002e-01  1.89000000e+00  6.85702176e-02  1.89000000e+00  5.14469914e-06  1.89000000e+00  1.06240200e-04  1.89000000e+00  5.77756245e-07  1.89000000e+00  8.54739779e-01  1.89000000e+00  9.41941585e-01  1.89000000e+00  6.16915815e-02  1.89000000e+00  2.70404623e-06  1.89000000e+00  6.06571185e-05  1.89000000e+00  3.32108142e-07  1.89000000e+00  1.09473316e+00  1.89000000e+00  9.41833894e-01  1.89000000e+00  1.90051769e-01  1.89000000e+00  1.07695475e-04  1.89000000e+00  9.94017710e-04  1.89000000e+00  5.35075338e-06  1.89000000e+00  1.49199807e+00  1.89000000e+00  6.88214271e-01  1.89000000e+00  6.58064404e-01  1.89000000e+00  1.41267218e-04  1.89000000e+00  1.72020939e-04  1.89000000e+00  6.62670465e-04  1.89000000e+00  1.49200252e+00  1.89000000e+00  6.88212639e-01  1.89000000e+00  6.58068399e-01  1.89000000e+00  1.13022669e-04  1.89000000e+00  1.32887848e-04  1.89000000e+00  7.19963752e-04 
 1.90000000e+00  3.02895819e+00  1.90000000e+00  2.95822004e+00  1.90000000e+00  1.07115093e+00  1.90000000e+00  7.73258355e-01  1.90000000e+00  2.90803368e-01  1.90000000e+00  1.43926625e-04  1.90000000e+00  7.87420917e-04  1.90000000e+00  1.25074562e-05  1.90000000e+00  1.01204228e+00  1.90000000e+00  7.60017706e-01  1.90000000e+00  2.56932949e-01  1.90000000e+00  1.10425905e-04  1.90000000e+00  7.03128148e-04  1.90000000e+00  8.21738163e-06  1.90000000e+00  1.12087587e+00  1.90000000e+00  9.37963135e-01  1.90000000e+00  2.12612729e-01  1.90000000e+00  1.39681606e-04  1.90000000e+00  1.14634561e-03  1.90000000e+00  6.32851692e-06  1.90000000e+00  8.70884407e-01  1.90000000e+00  9.37849344e-01  1.90000000e+00  6.61375718e-02  1.90000000e+00  4.24507217e-06  1.90000000e+00  9.00354276e-05  1.90000000e+00  4.90436110e-07  1.90000000e+00  8.47200489e-01  1.90000000e+00  9.43795206e-01  1.90000000e+00  6.00444356e-02  1.90000000e+00  2.18082152e-06  1.90000000e+00  5.01017920e-05  1.90000000e+00  2.73959958e-07  1.90000000e+00  1.09719381e+00  1.90000000e+00  9.43684342e-01  1.90000000e+00  1.90568687e-01  1.90000000e+00  1.08245118e-04  1.90000000e+00  9.96955033e-04  1.90000000e+00  5.37041047e-06  1.90000000e+00  1.49199807e+00  1.90000000e+00  6.88214273e-01  1.90000000e+00  6.58064399e-01  1.90000000e+00  1.41302461e-04  1.90000000e+00  1.72071793e-04  1.90000000e+00  6.62596621e-04  1.90000000e+00  1.49200252e+00  1.90000000e+00  6.88212641e-01  1.90000000e+00  6.58068395e-01  1.90000000e+00  1.13050068e-04  1.90000000e+00  1.32924355e-04  1.90000000e+00  7.19909864e-04 
 1.91000000e+00  3.02970414e+00  1.91000000e+00  2.95733092e+00  1.91000000e+00  1.07109803e+00  1.91000000e+00  7.73265818e-01  1.91000000e+00  2.90760787e-01  1.91000000e+00  1.43962619e-04  1.91000000e+00  7.87879635e-04  1.91000000e+00  1.22753391e-05  1.91000000e+00  1.01200430e+00  1.91000000e+00  7.60020553e-01  1.91000000e+00  2.56903797e-01  1.91000000e+00  1.10452273e-04  1.91000000e+00  7.03409040e-04  1.91000000e+00  8.11784095e-06  1.91000000e+00  1.12347028e+00  1.91000000e+00  9.39793910e-01  1.91000000e+00  2.13261857e-01  1.91000000e+00  1.40486704e-04  1.91000000e+00  1.14990200e-03  1.91000000e+00  6.35580117e-06  1.91000000e+00  8.63478912e-01  1.91000000e+00  9.39677248e-01  1.91000000e+00  6.39507034e-02  1.91000000e+00  3.47595679e-06  1.91000000e+00  7.56593463e-05  1.91000000e+00  4.12438623e-07  1.91000000e+00  8.39585552e-01  1.91000000e+00  9.45662421e-01  1.91000000e+00  5.86236011e-02  1.91000000e+00  1.74620202e-06  1.91000000e+00  4.10495018e-05  1.91000000e+00  2.23921277e-07  1.91000000e+00  1.09957881e+00  1.91000000e+00  9.45548688e-01  1.91000000e+00  1.91019454e-01  1.91000000e+00  1.08706097e-04  1.91000000e+00  9.99421351e-04  1.91000000e+00  5.38738768e-06  1.91000000e+00  1.49199806e+00  1.91000000e+00  6.88214275e-01  1.91000000e+00  6.58064394e-01  1.91000000e+00  1.41337497e-04  1.91000000e+00  1.72122353e-04  1.91000000e+00  6.62523205e-04  1.91000000e+00  1.49200251e+00  1.91000000e+00  6.88212643e-01  1.91000000e+00  6.58068391e-01  1.91000000e+00  1.13077394e-04  1.91000000e+00  1.32960765e-04  1.91000000e+00  7.19856117e-04 
 1.92000000e+00  3.03035123e+00  1.92000000e+00  2.95654111e+00  1.92000000e+00  1.07104549e+00  1.92000000e+00  7.73273052e-01  1.92000000e+00  2.90718623e-01  1.92000000e+00  1.43998356e-04  1.92000000e+00  7.88328305e-04  1.92000000e+00  1.20522746e-05  1.92000000e+00  1.01196647e+00  1.92000000e+00  7.60023270e-01  1.92000000e+00  2.56874842e-01  1.92000000e+00  1.10478551e-04  1.92000000e+00  7.03685863e-04  1.92000000e+00  8.02141702e-06  1.92000000e+00  1.12597686e+00  1.92000000e+00  9.41641483e-01  1.92000000e+00  2.13832687e-01  1.92000000e+00  1.41173545e-04  1.92000000e+00  1.15293368e-03  1.92000000e+00  6.37981137e-06  1.92000000e+00  8.55985579e-01  1.92000000e+00  9.41522253e-01  1.92000000e+00  6.20105479e-02  1.92000000e+00  2.82484458e-06  1.92000000e+00  6.30496048e-05  1.92000000e+00  3.43610682e-07  1.92000000e+00  8.31904669e-01  1.92000000e+00  9.47540753e-01  1.92000000e+00  5.74153412e-02  1.92000000e+00  1.38853490e-06  1.92000000e+00  3.33689386e-05  1.92000000e+00  1.81394451e-07  1.92000000e+00  1.10189788e+00  1.92000000e+00  9.47424450e-01  1.92000000e+00  1.91412996e-01  1.92000000e+00  1.09090035e-04  1.92000000e+00  1.00148100e-03  1.92000000e+00  5.40205666e-06  1.92000000e+00  1.49199806e+00  1.92000000e+00  6.88214277e-01  1.92000000e+00  6.58064389e-01  1.92000000e+00  1.41372291e-04  1.92000000e+00  1.72172569e-04  1.92000000e+00  6.62450291e-04  1.92000000e+00  1.49200251e+00  1.92000000e+00  6.88212644e-01  1.92000000e+00  6.58068387e-01  1.92000000e+00  1.13104615e-04  1.92000000e+00  1.32997039e-04  1.92000000e+00  7.19802573e-04 
 1.93000000e+00  3.03090393e+00  1.93000000e+00  2.95584634e+00  1.93000000e+00  1.07099336e+00  1.93000000e+00  7.73280055e-01  1.93000000e+00  2.90676912e-01  1.93000000e+00  1.44033805e-04  1.93000000e+00  7.88766809e-04  1.93000000e+00  1.18380756e-05  1.93000000e+00  1.01192882e+00  1.93000000e+00  7.60025857e-01  1.93000000e+00  2.56846109e-01  1.93000000e+00  1.10504712e-04  1.93000000e+00  7.03958447e-04  1.93000000e+00  7.92808653e-06  1.93000000e+00  1.12840501e+00  1.93000000e+00  9.43503420e-01  1.93000000e+00  2.14333997e-01  1.93000000e+00  1.41754909e-04  1.93000000e+00  1.15550129e-03  1.93000000e+00  6.40091314e-06  1.93000000e+00  8.48413799e-01  1.93000000e+00  9.43381912e-01  1.93000000e+00  6.03125833e-02  1.93000000e+00  2.27892168e-06  1.93000000e+00  5.21121461e-05  1.93000000e+00  2.83620138e-07  1.93000000e+00  8.24166868e-01  1.93000000e+00  9.49427917e-01  1.93000000e+00  5.64023601e-02  1.93000000e+00  1.09682519e-06  1.93000000e+00  2.69190840e-05  1.93000000e+00  1.45688816e-07  1.93000000e+00  1.10416004e+00  1.93000000e+00  9.49309332e-01  1.93000000e+00  1.91757633e-01  1.93000000e+00  1.09407901e-04  1.93000000e+00  1.00319370e-03  1.93000000e+00  5.41476343e-06  1.93000000e+00  1.49199805e+00  1.93000000e+00  6.88214279e-01  1.93000000e+00  6.58064384e-01  1.93000000e+00  1.41406810e-04  1.93000000e+00  1.72222394e-04  1.93000000e+00  6.62377945e-04  1.93000000e+00  1.49200251e+00  1.93000000e+00  6.88212646e-01  1.93000000e+00  6.58068383e-01  1.93000000e+00  1.13131706e-04  1.93000000e+00  1.33033142e-04  1.93000000e+00  7.19749282e-04 
 1.94000000e+00  3.03136851e+00  1.94000000e+00  2.95524044e+00  1.94000000e+00  1.07094169e+00  1.94000000e+00  7.73286824e-01  1.94000000e+00  2.90635687e-01  1.94000000e+00  1.44068935e-04  1.94000000e+00  7.89195089e-04  1.94000000e+00  1.16325240e-05  1.94000000e+00  1.01189138e+00  1.94000000e+00  7.60028314e-01  1.94000000e+00  2.56817621e-01  1.94000000e+00  1.10530736e-04  1.94000000e+00  7.04226670e-04  1.94000000e+00  7.83780727e-06  1.94000000e+00  1.13076389e+00  1.94000000e+00  9.45377368e-01  1.94000000e+00  2.14774356e-01  1.94000000e+00  1.42243475e-04  1.94000000e+00  1.15766348e-03  1.94000000e+00  6.41946602e-06  1.94000000e+00  8.40772738e-01  1.94000000e+00  9.45253855e-01  1.94000000e+00  5.88471191e-02  1.94000000e+00  1.82547966e-06  1.94000000e+00  4.27280046e-05  1.94000000e+00  2.31976271e-07  1.94000000e+00  8.16380374e-01  1.94000000e+00  9.51321850e-01  1.94000000e+00  5.55649654e-02  1.94000000e+00  8.60946954e-07  1.94000000e+00  2.15561733e-05  1.94000000e+00  1.16060206e-07  1.94000000e+00  1.10637352e+00  1.94000000e+00  9.51201253e-01  1.94000000e+00  1.92060956e-01  1.94000000e+00  1.09669800e-04  1.94000000e+00  1.00461374e-03  1.94000000e+00  5.42582327e-06  1.94000000e+00  1.49199805e+00  1.94000000e+00  6.88214281e-01  1.94000000e+00  6.58064379e-01  1.94000000e+00  1.41441027e-04  1.94000000e+00  1.72271788e-04  1.94000000e+00  6.62306227e-04  1.94000000e+00  1.49200250e+00  1.94000000e+00  6.88212647e-01  1.94000000e+00  6.58068380e-01  1.94000000e+00  1.13158644e-04  1.94000000e+00  1.33069043e-04  1.94000000e+00  7.19696290e-04 
 1.95000000e+00  3.03175254e+00  1.95000000e+00  2.95471600e+00  1.95000000e+00  1.07089050e+00  1.95000000e+00  7.73293360e-01  1.95000000e+00  2.90594973e-01  1.95000000e+00  1.44103723e-04  1.95000000e+00  7.89613148e-04  1.95000000e+00  1.14353725e-05  1.95000000e+00  1.01185418e+00  1.95000000e+00  7.60030641e-01  1.95000000e+00  2.56789397e-01  1.95000000e+00  1.10556604e-04  1.95000000e+00  7.04490457e-04  1.95000000e+00  7.75052077e-06  1.95000000e+00  1.13306223e+00  1.95000000e+00  9.47261108e-01  1.95000000e+00  2.15161934e-01  1.95000000e+00  1.42651466e-04  1.95000000e+00  1.15947568e-03  1.95000000e+00  6.43581471e-06  1.95000000e+00  8.33071130e-01  1.95000000e+00  9.47135840e-01  1.95000000e+00  5.75999634e-02  1.95000000e+00  1.45227126e-06  1.95000000e+00  3.47610478e-05  1.95000000e+00  1.88060179e-07  1.95000000e+00  8.08552540e-01  1.95000000e+00  9.53220722e-01  1.95000000e+00  5.48822624e-02  1.95000000e+00  6.71773103e-07  1.95000000e+00  1.71393740e-05  1.95000000e+00  9.17484705e-08  1.95000000e+00  1.10854566e+00  1.95000000e+00  9.53098363e-01  1.95000000e+00  1.92329761e-01  1.95000000e+00  1.09884839e-04  1.95000000e+00  1.00578962e-03  1.95000000e+00  5.43551791e-06  1.95000000e+00  1.49199804e+00  1.95000000e+00  6.88214283e-01  1.95000000e+00  6.58064375e-01  1.95000000e+00  1.41474917e-04  1.95000000e+00  1.72320715e-04  1.95000000e+00  6.62235189e-04  1.95000000e+00  1.49200250e+00  1.95000000e+00  6.88212649e-01  1.95000000e+00  6.58068376e-01  1.95000000e+00  1.13185409e-04  1.95000000e+00  1.33104717e-04  1.95000000e+00  7.19643633e-04 
 1.96000000e+00  3.03206433e+00  1.96000000e+00  2.95426477e+00  1.96000000e+00  1.07083983e+00  1.96000000e+00  7.73299662e-01  1.96000000e+00  2.90554791e-01  1.96000000e+00  1.44138148e-04  1.96000000e+00  7.90021051e-04  1.96000000e+00  1.12463490e-05  1.96000000e+00  1.01181723e+00  1.96000000e+00  7.60032840e-01  1.96000000e+00  2.56761449e-01  1.96000000e+00  1.10582303e-04  1.96000000e+00  7.04749776e-04  1.96000000e+00  7.66615511e-06  1.96000000e+00  1.13530817e+00  1.96000000e+00  9.49152587e-01  1.96000000e+00  2.15504342e-01  1.96000000e+00  1.42990367e-04  1.96000000e+00  1.16098922e-03  1.96000000e+00  6.45028204e-06  1.96000000e+00  8.25317110e-01  1.96000000e+00  9.49025791e-01  1.96000000e+00  5.65533878e-02  1.96000000e+00  1.14779143e-06  1.96000000e+00  2.80657062e-05  1.96000000e+00  1.51161499e-07  1.96000000e+00  8.00689831e-01  1.96000000e+00  9.55122940e-01  1.96000000e+00  5.43332531e-02  1.96000000e+00  5.21233951e-07  1.96000000e+00  1.35350287e-05  1.96000000e+00  7.20098942e-08  1.96000000e+00  1.11068293e+00  1.96000000e+00  9.54999044e-01  1.96000000e+00  1.92570024e-01  1.96000000e+00  1.10061074e-04  1.96000000e+00  1.00676387e-03  1.96000000e+00  5.44409468e-06  1.96000000e+00  1.49199804e+00  1.96000000e+00  6.88214285e-01  1.96000000e+00  6.58064370e-01  1.96000000e+00  1.41508461e-04  1.96000000e+00  1.72369147e-04  1.96000000e+00  6.62164870e-04  1.96000000e+00  1.49200249e+00  1.96000000e+00  6.88212650e-01  1.96000000e+00  6.58068372e-01  1.96000000e+00  1.13211989e-04  1.96000000e+00  1.33140145e-04  1.96000000e+00  7.19591340e-04 
 1.97000000e+00  3.03231250e+00  1.97000000e+00  2.95387827e+00  1.97000000e+00  1.07078969e+00  1.97000000e+00  7.73305733e-01  1.97000000e+00  2.90515155e-01  1.97000000e+00  1.44172193e-04  1.97000000e+00  7.90418918e-04  1.97000000e+00  1.10651608e-05  1.97000000e+00  1.01178056e+00  1.97000000e+00  7.60034913e-01  1.97000000e+00  2.56733788e-01  1.97000000e+00  1.10607820e-04  1.97000000e+00  7.05004627e-04  1.97000000e+00  7.58462784e-06  1.97000000e+00  1.13750914e+00  1.97000000e+00  9.51049947e-01  1.97000000e+00  2.15808525e-01  1.97000000e+00  1.43270725e-04  1.97000000e+00  1.16225071e-03  1.97000000e+00  6.46316399e-06  1.97000000e+00  8.17518105e-01  1.97000000e+00  9.50921823e-01  1.97000000e+00  5.56872693e-02  1.97000000e+00  9.01476147e-07  1.97000000e+00  2.24939079e-05  1.97000000e+00  1.20517302e-07  1.97000000e+00  7.92797836e-01  1.97000000e+00  9.57027137e-01  1.97000000e+00  5.38977471e-02  1.97000000e+00  4.02317961e-07  1.97000000e+00  1.06195430e-05  1.97000000e+00  5.61426311e-08  1.97000000e+00  1.11279092e+00  1.97000000e+00  9.56901903e-01  1.97000000e+00  1.92786915e-01  1.97000000e+00  1.10205507e-04  1.97000000e+00  1.00757326e-03  1.97000000e+00  5.45176719e-06  1.97000000e+00  1.49199803e+00  1.97000000e+00  6.88214287e-01  1.97000000e+00  6.58064365e-01  1.97000000e+00  1.41541643e-04  1.97000000e+00  1.72417061e-04  1.97000000e+00  6.62095304e-04  1.97000000e+00  1.49200249e+00  1.97000000e+00  6.88212652e-01  1.97000000e+00  6.58068368e-01  1.97000000e+00  1.13238370e-04  1.97000000e+00  1.33175312e-04  1.97000000e+00  7.19539434e-04 
 1.98000000e+00  3.03250550e+00  1.98000000e+00  2.95354807e+00  1.98000000e+00  1.07074012e+00  1.98000000e+00  7.73311577e-01  1.98000000e+00  2.90476075e-01  1.98000000e+00  1.44205849e-04  1.98000000e+00  7.90806919e-04  1.98000000e+00  1.08915003e-05  1.98000000e+00  1.01174416e+00  1.98000000e+00  7.60036862e-01  1.98000000e+00  2.56706420e-01  1.98000000e+00  1.10633150e-04  1.98000000e+00  7.05255044e-04  1.98000000e+00  7.50584869e-06  1.98000000e+00  1.13967177e+00  1.98000000e+00  9.52951539e-01  1.98000000e+00  2.16080708e-01  1.98000000e+00  1.43502033e-04  1.98000000e+00  1.16330172e-03  1.98000000e+00  6.47472678e-06  1.98000000e+00  8.09680769e-01  1.98000000e+00  9.52822261e-01  1.98000000e+00  5.49802732e-02  1.98000000e+00  7.03821603e-07  1.98000000e+00  1.79007450e-05  1.98000000e+00  9.53492215e-08  1.98000000e+00  7.84881322e-01  1.98000000e+00  9.58932160e-01  1.98000000e+00  5.35570361e-02  1.98000000e+00  3.09029205e-07  1.98000000e+00  8.28112466e-06  1.98000000e+00  4.35045015e-08  1.98000000e+00  1.11487439e+00  1.98000000e+00  9.58805763e-01  1.98000000e+00  1.92984843e-01  1.98000000e+00  1.10324124e-04  1.98000000e+00  1.00824911e-03  1.98000000e+00  5.45871723e-06  1.98000000e+00  1.49199803e+00  1.98000000e+00  6.88214289e-01  1.98000000e+00  6.58064361e-01  1.98000000e+00  1.41574453e-04  1.98000000e+00  1.72464443e-04  1.98000000e+00  6.62026513e-04  1.98000000e+00  1.49200248e+00  1.98000000e+00  6.88212653e-01  1.98000000e+00  6.58068365e-01  1.98000000e+00  1.13264545e-04  1.98000000e+00  1.33210207e-04  1.98000000e+00  7.19487930e-04 
 1.99000000e+00  3.03265141e+00  1.99000000e+00  2.95326615e+00  1.99000000e+00  1.07069112e+00  1.99000000e+00  7.73317196e-01  1.99000000e+00  2.90437556e-01  1.99000000e+00  1.44239107e-04  1.99000000e+00  7.91185267e-04  1.99000000e+00  1.07250503e-05  1.99000000e+00  1.01170806e+00  1.99000000e+00  7.60038689e-01  1.99000000e+00  2.56679348e-01  1.99000000e+00  1.10658285e-04  1.99000000e+00  7.05501085e-04  1.99000000e+00  7.42972205e-06  1.99000000e+00  1.14180195e+00  1.99000000e+00  9.54855919e-01  1.99000000e+00  2.16326368e-01  1.99000000e+00  1.43692678e-04  1.99000000e+00  1.16417870e-03  1.99000000e+00  6.48520567e-06  1.99000000e+00  8.01810964e-01  1.99000000e+00  9.54725637e-01  1.99000000e+00  5.44109487e-02  1.99000000e+00  5.46434035e-07  1.99000000e+00  1.41487146e-05  1.99000000e+00  7.48957359e-08  1.99000000e+00  7.76944295e-01  1.99000000e+00  9.60837048e-01  1.99000000e+00  5.32943229e-02  1.99000000e+00  2.36314887e-07  1.99000000e+00  6.42060266e-06  1.99000000e+00  3.35234754e-08  1.99000000e+00  1.11693735e+00  1.99000000e+00  9.60709637e-01  1.99000000e+00  1.93167515e-01  1.99000000e+00  1.10421973e-04  1.99000000e+00  1.00881771e-03  1.99000000e+00  5.46509732e-06  1.99000000e+00  1.49199802e+00  1.99000000e+00  6.88214291e-01  1.99000000e+00  6.58064356e-01  1.99000000e+00  1.41606883e-04  1.99000000e+00  1.72511281e-04  1.99000000e+00  6.61958513e-04  1.99000000e+00  1.49200248e+00  1.99000000e+00  6.88212655e-01  1.99000000e+00  6.58068361e-01  1.99000000e+00  1.13290509e-04  1.99000000e+00  1.33244822e-04  1.99000000e+00  7.19436840e-04 
 2.00000000e+00  3.03275768e+00  2.00000000e+00  2.95302508e+00  2.00000000e+00  1.07064268e+00  2.00000000e+00  7.73322597e-01  2.00000000e+00  2.90399598e-01  2.00000000e+00  1.44271965e-04  2.00000000e+00  7.91554210e-04  2.00000000e+00  1.05654887e-05  2.00000000e+00  1.01167226e+00  2.00000000e+00  7.60040399e-01  2.00000000e+00  2.56652573e-01  2.00000000e+00  1.10683224e-04  2.00000000e+00  7.05742827e-04  2.00000000e+00  7.35614916e-06  2.00000000e+00  1.14390474e+00  2.00000000e+00  9.56761845e-01  2.00000000e+00  2.16550254e-01  2.00000000e+00  1.43849945e-04  2.00000000e+00  1.16491319e-03  2.00000000e+00  6.49480528e-06  2.00000000e+00  7.93913772e-01  2.00000000e+00  9.56630686e-01  2.00000000e+00  5.39586463e-02  2.00000000e+00  4.22023420e-07  2.00000000e+00  1.11106128e-05  2.00000000e+00  5.84376752e-08  2.00000000e+00  7.68990084e-01  2.00000000e+00  9.62741013e-01  2.00000000e+00  5.30949292e-02  2.00000000e+00  1.79974368e-07  2.00000000e+00  4.95154125e-06  2.00000000e+00  2.57018419e-08  2.00000000e+00  1.11898313e+00  2.00000000e+00  9.62612714e-01  2.00000000e+00  1.93338006e-01  2.00000000e+00  1.10503253e-04  2.00000000e+00  1.00930088e-03  2.00000000e+00  5.47103381e-06  2.00000000e+00  1.49199802e+00  2.00000000e+00  6.88214292e-01  2.00000000e+00  6.58064351e-01  2.00000000e+00  1.41638931e-04  2.00000000e+00  1.72557571e-04  2.00000000e+00  6.61891309e-04  2.00000000e+00  1.49200248e+00  2.00000000e+00  6.88212656e-01  2.00000000e+00  6.58068357e-01  2.00000000e+00  1.13316258e-04  2.00000000e+00  1.33279154e-04  2.00000000e+00  7.19386168e-04 
 2.01000000e+00  3.03283104e+00  2.01000000e+00  2.95281817e+00  2.01000000e+00  1.07059483e+00  2.01000000e+00  7.73327784e-01  2.01000000e+00  2.90362197e-01  2.01000000e+00  1.44304423e-04  2.01000000e+00  7.91914022e-04  2.01000000e+00  1.04124936e-05  2.01000000e+00  1.01163675e+00  2.01000000e+00  7.60041992e-01  2.01000000e+00  2.56626095e-01  2.01000000e+00  1.10707966e-04  2.01000000e+00  7.05980363e-04  2.01000000e+00  7.28502991e-06  2.01000000e+00  1.14598449e+00  2.01000000e+00  9.58668267e-01  2.01000000e+00  2.16756422e-01  2.01000000e+00  1.43980070e-04  2.01000000e+00  1.16553203e-03  2.01000000e+00  6.50370095e-06  2.01000000e+00  7.85993537e-01  2.01000000e+00  9.58536337e-01  2.01000000e+00  5.36042020e-02  2.01000000e+00  3.24355261e-07  2.01000000e+00  8.67128253e-06  2.01000000e+00  4.53162285e-08  2.01000000e+00  7.61021419e-01  2.01000000e+00  9.64643415e-01  2.01000000e+00  5.29463245e-02  2.01000000e+00  1.36559068e-07  2.01000000e+00  3.79982520e-06  2.01000000e+00  1.96154137e-08  2.01000000e+00  1.12101446e+00  2.01000000e+00  9.64514334e-01  2.01000000e+00  1.93498838e-01  2.01000000e+00  1.10571410e-04  2.01000000e+00  1.00971650e-03  2.01000000e+00  5.47663010e-06  2.01000000e+00  1.49199801e+00  2.01000000e+00  6.88214294e-01  2.01000000e+00  6.58064347e-01  2.01000000e+00  1.41670595e-04  2.01000000e+00  1.72603313e-04  2.01000000e+00  6.61824904e-04  2.01000000e+00  1.49200247e+00  2.01000000e+00  6.88212658e-01  2.01000000e+00  6.58068354e-01  2.01000000e+00  1.13341793e-04  2.01000000e+00  1.33313202e-04  2.01000000e+00  7.19335917e-04 
 2.02000000e+00  3.03287741e+00  2.02000000e+00  2.95263948e+00  2.02000000e+00  1.07054754e+00  2.02000000e+00  7.73332764e-01  2.02000000e+00  2.90325346e-01  2.02000000e+00  1.44336482e-04  2.02000000e+00  7.92264996e-04  2.02000000e+00  1.02657467e-05  2.02000000e+00  1.01160154e+00  2.02000000e+00  7.60043473e-01  2.02000000e+00  2.56599909e-01  2.02000000e+00  1.10732511e-04  2.02000000e+00  7.06213798e-04  2.02000000e+00  7.21626436e-06  2.02000000e+00  1.14804486e+00  2.02000000e+00  9.60574306e-01  2.02000000e+00  2.16948290e-01  2.02000000e+00  1.44088311e-04  2.02000000e+00  1.16605780e-03  2.02000000e+00  6.51204085e-06  2.02000000e+00  7.78053924e-01  2.02000000e+00  9.60441691e-01  2.02000000e+00  5.33303792e-02  2.02000000e+00  2.48173426e-07  2.02000000e+00  6.72844576e-06  2.02000000e+00  3.49436945e-08  2.02000000e+00  7.53040518e-01  2.02000000e+00  9.66543743e-01  2.02000000e+00  5.28380255e-02  2.02000000e+00  1.03270505e-07  2.02000000e+00  2.90286703e-06  2.02000000e+00  1.49091931e-08  2.02000000e+00  1.12303355e+00  2.02000000e+00  9.66413968e-01  2.02000000e+00  1.93652057e-01  2.02000000e+00  1.10629243e-04  2.02000000e+00  1.01007907e-03  2.02000000e+00  5.48196987e-06  2.02000000e+00  1.49199801e+00  2.02000000e+00  6.88214296e-01  2.02000000e+00  6.58064343e-01  2.02000000e+00  1.41701880e-04  2.02000000e+00  1.72648509e-04  2.02000000e+00  6.61759291e-04  2.02000000e+00  1.49200247e+00  2.02000000e+00  6.88212659e-01  2.02000000e+00  6.58068350e-01  2.02000000e+00  1.13367112e-04  2.02000000e+00  1.33346965e-04  2.02000000e+00  7.19286086e-04 
 2.03000000e+00  3.03290191e+00  2.03000000e+00  2.95248390e+00  2.03000000e+00  1.07050081e+00  2.03000000e+00  7.73337542e-01  2.03000000e+00  2.90289036e-01  2.03000000e+00  1.44368148e-04  2.03000000e+00  7.92607438e-04  2.03000000e+00  1.01249365e-05  2.03000000e+00  1.01156662e+00  2.03000000e+00  7.60044845e-01  2.03000000e+00  2.56574013e-01  2.03000000e+00  1.10756861e-04  2.03000000e+00  7.06443243e-04  2.03000000e+00  7.14975390e-06  2.03000000e+00  1.15008891e+00  2.03000000e+00  9.62479238e-01  2.03000000e+00  2.17128698e-01  2.03000000e+00  1.44179045e-04  2.03000000e+00  1.16650924e-03  2.03000000e+00  6.51994861e-06  2.03000000e+00  7.70097984e-01  2.03000000e+00  9.62346010e-01  2.03000000e+00  5.31220881e-02  2.03000000e+00  1.89105183e-07  2.03000000e+00  5.19283010e-06  2.03000000e+00  2.68079056e-08  2.03000000e+00  7.45049163e-01  2.03000000e+00  9.68441592e-01  2.03000000e+00  5.27614130e-02  2.03000000e+00  7.78618619e-08  2.03000000e+00  2.20856357e-06  2.03000000e+00  1.12908194e-08  2.03000000e+00  1.12504220e+00  2.03000000e+00  9.68311194e-01  2.03000000e+00  1.93799305e-01  2.03000000e+00  1.10679001e-04  2.03000000e+00  1.01040020e-03  2.03000000e+00  5.48712015e-06  2.03000000e+00  1.49199800e+00  2.03000000e+00  6.88214298e-01  2.03000000e+00  6.58064338e-01  2.03000000e+00  1.41732788e-04  2.03000000e+00  1.72693166e-04  2.03000000e+00  6.61694461e-04  2.03000000e+00  1.49200246e+00  2.03000000e+00  6.88212661e-01  2.03000000e+00  6.58068347e-01  2.03000000e+00  1.13392220e-04  2.03000000e+00  1.33380447e-04  2.03000000e+00  7.19236671e-04 
 2.04000000e+00  3.03290890e+00  2.04000000e+00  2.95234705e+00  2.04000000e+00  1.07045464e+00  2.04000000e+00  7.73342124e-01  2.04000000e+00  2.90253257e-01  2.04000000e+00  1.44399427e-04  2.04000000e+00  7.92941660e-04  2.04000000e+00  9.98976119e-06  2.04000000e+00  1.01153199e+00  2.04000000e+00  7.60046110e-01  2.04000000e+00  2.56548401e-01  2.04000000e+00  1.10781018e-04  2.04000000e+00  7.06668815e-04  2.04000000e+00  7.08540218e-06  2.04000000e+00  1.15211915e+00  2.04000000e+00  9.64382473e-01  2.04000000e+00  2.17299985e-01  2.04000000e+00  1.44255872e-04  2.04000000e+00  1.16690173e-03  2.04000000e+00  6.52752617e-06  2.04000000e+00  7.62128228e-01  2.04000000e+00  9.64248691e-01  2.04000000e+00  5.29664235e-02  2.04000000e+00  1.43557532e-07  2.04000000e+00  3.98776551e-06  2.04000000e+00  2.04716284e-08  2.04000000e+00  7.37048777e-01  2.04000000e+00  9.70336648e-01  2.04000000e+00  5.27095063e-02  2.04000000e+00  5.85467402e-08  2.04000000e+00  1.67411237e-06  2.04000000e+00  8.52289657e-09  2.04000000e+00  1.12704180e+00  2.04000000e+00  9.70205685e-01  2.04000000e+00  1.93941887e-01  2.04000000e+00  1.10722473e-04  2.04000000e+00  1.01068916e-03  2.04000000e+00  5.49213413e-06  2.04000000e+00  1.49199800e+00  2.04000000e+00  6.88214300e-01  2.04000000e+00  6.58064334e-01  2.04000000e+00  1.41763327e-04  2.04000000e+00  1.72737294e-04  2.04000000e+00  6.61630402e-04  2.04000000e+00  1.49200246e+00  2.04000000e+00  6.88212662e-01  2.04000000e+00  6.58068343e-01  2.04000000e+00  1.13417117e-04  2.04000000e+00  1.33413652e-04  2.04000000e+00  7.19187665e-04 
 2.05000000e+00  3.03290201e+00  2.05000000e+00  2.95222529e+00  2.05000000e+00  1.07040902e+00  2.05000000e+00  7.73346518e-01  2.05000000e+00  2.90217995e-01  2.05000000e+00  1.44430329e-04  2.05000000e+00  7.93267976e-04  2.05000000e+00  9.85992992e-06  2.05000000e+00  1.01149764e+00  2.05000000e+00  7.60047272e-01  2.05000000e+00  2.56523066e-01  2.05000000e+00  1.10804985e-04  2.05000000e+00  7.06890634e-04  2.05000000e+00  7.02311578e-06  2.05000000e+00  1.15413762e+00  2.05000000e+00  9.66283539e-01  2.05000000e+00  2.17464048e-01  2.05000000e+00  1.44321719e-04  2.05000000e+00  1.16724775e-03  2.05000000e+00  6.53485664e-06  2.05000000e+00  7.54146701e-01  2.05000000e+00  9.66149248e-01  2.05000000e+00  5.28525701e-02  2.05000000e+00  1.08611942e-07  2.05000000e+00  3.04839792e-06  2.05000000e+00  1.55683435e-08  2.05000000e+00  7.29040482e-01  2.05000000e+00  9.72228666e-01  2.05000000e+00  5.26767237e-02  2.05000000e+00  4.39173196e-08  2.05000000e+00  1.26477993e-06  2.05000000e+00  6.41503837e-09  2.05000000e+00  1.12903351e+00  2.05000000e+00  9.72097184e-01  2.05000000e+00  1.94080831e-01  2.05000000e+00  1.10761070e-04  2.05000000e+00  1.01095321e-03  2.05000000e+00  5.49705370e-06  2.05000000e+00  1.49199799e+00  2.05000000e+00  6.88214301e-01  2.05000000e+00  6.58064330e-01  2.05000000e+00  1.41793504e-04  2.05000000e+00  1.72780904e-04  2.05000000e+00  6.61567096e-04  2.05000000e+00  1.49200246e+00  2.05000000e+00  6.88212664e-01  2.05000000e+00  6.58068340e-01  2.05000000e+00  1.13441809e-04  2.05000000e+00  1.33446584e-04  2.05000000e+00  7.19139063e-04 
 2.06000000e+00  3.03288422e+00  2.06000000e+00  2.95211559e+00  2.06000000e+00  1.07036392e+00  2.06000000e+00  7.73350729e-01  2.06000000e+00  2.90183237e-01  2.06000000e+00  1.44460861e-04  2.06000000e+00  7.93586697e-04  2.06000000e+00  9.73516449e-06  2.06000000e+00  1.01146358e+00  2.06000000e+00  7.60048334e-01  2.06000000e+00  2.56498004e-01  2.06000000e+00  1.10828767e-04  2.06000000e+00  7.07108818e-04  2.06000000e+00  6.96280462e-06  2.06000000e+00  1.15614596e+00  2.06000000e+00  9.68182061e-01  2.06000000e+00  2.17622415e-01  2.06000000e+00  1.44378940e-04  2.06000000e+00  1.16755734e-03  2.06000000e+00  6.54200714e-06  2.06000000e+00  7.46155055e-01  2.06000000e+00  9.68047297e-01  2.06000000e+00  5.27716211e-02  2.06000000e+00  8.19228101e-08  2.06000000e+00  2.32064520e-06  2.06000000e+00  1.17957201e-08  2.06000000e+00  7.21025163e-01  2.06000000e+00  9.74117462e-01  2.06000000e+00  5.26586523e-02  2.06000000e+00  3.28729328e-08  2.06000000e+00  9.52694719e-07  2.06000000e+00  4.81621159e-09  2.06000000e+00  1.13101818e+00  2.06000000e+00  9.73985498e-01  2.06000000e+00  1.94216942e-01  2.06000000e+00  1.10795896e-04  2.06000000e+00  1.01119806e-03  2.06000000e+00  5.50191158e-06  2.06000000e+00  1.49199799e+00  2.06000000e+00  6.88214303e-01  2.06000000e+00  6.58064325e-01  2.06000000e+00  1.41823329e-04  2.06000000e+00  1.72824007e-04  2.06000000e+00  6.61504527e-04  2.06000000e+00  1.49200245e+00  2.06000000e+00  6.88212665e-01  2.06000000e+00  6.58068336e-01  2.06000000e+00  1.13466298e-04  2.06000000e+00  1.33479249e-04  2.06000000e+00  7.19090856e-04 
 2.07000000e+00  3.03285799e+00  2.07000000e+00  2.95201550e+00  2.07000000e+00  1.07031933e+00  2.07000000e+00  7.73354763e-01  2.07000000e+00  2.90148968e-01  2.07000000e+00  1.44491034e-04  2.07000000e+00  7.93898129e-04  2.07000000e+00  9.61519993e-06  2.07000000e+00  1.01142978e+00  2.07000000e+00  7.60049299e-01  2.07000000e+00  2.56473207e-01  2.07000000e+00  1.10852367e-04  2.07000000e+00  7.07323486e-04  2.07000000e+00  6.90438229e-06  2.07000000e+00  1.15814551e+00  2.07000000e+00  9.70077744e-01  2.07000000e+00  2.17776305e-01  2.07000000e+00  1.44429413e-04  2.07000000e+00  1.16783848e-03  2.07000000e+00  6.54903135e-06  2.07000000e+00  7.38154607e-01  2.07000000e+00  9.69942537e-01  2.07000000e+00  5.27163519e-02  2.07000000e+00  6.16232749e-08  2.07000000e+00  1.76000486e-06  2.07000000e+00  8.90789651e-09  2.07000000e+00  7.13003510e-01  2.07000000e+00  9.76002897e-01  2.07000000e+00  5.26518355e-02  2.07000000e+00  2.45591657e-08  2.07000000e+00  7.15717485e-07  2.07000000e+00  3.60773584e-09  2.07000000e+00  1.13299653e+00  2.07000000e+00  9.75870479e-01  2.07000000e+00  1.94350846e-01  2.07000000e+00  1.10827810e-04  2.07000000e+00  1.01142814e-03  2.07000000e+00  5.50673317e-06  2.07000000e+00  1.49199798e+00  2.07000000e+00  6.88214305e-01  2.07000000e+00  6.58064321e-01  2.07000000e+00  1.41852809e-04  2.07000000e+00  1.72866617e-04  2.07000000e+00  6.61442674e-04  2.07000000e+00  1.49200245e+00  2.07000000e+00  6.88212666e-01  2.07000000e+00  6.58068333e-01  2.07000000e+00  1.13490591e-04  2.07000000e+00  1.33511653e-04  2.07000000e+00  7.19043035e-04 
 2.08000000e+00  3.03282525e+00  2.08000000e+00  2.95192304e+00  2.08000000e+00  1.07027525e+00  2.08000000e+00  7.73358627e-01  2.08000000e+00  2.90115175e-01  2.08000000e+00  1.44520858e-04  2.08000000e+00  7.94202570e-04  2.08000000e+00  9.49978491e-06  2.08000000e+00  1.01139625e+00  2.08000000e+00  7.60050169e-01  2.08000000e+00  2.56448668e-01  2.08000000e+00  1.10875789e-04  2.08000000e+00  7.07534755e-04  2.08000000e+00  6.84776619e-06  2.08000000e+00  1.16013731e+00  2.08000000e+00  9.71970362e-01  2.08000000e+00  2.17926680e-01  2.08000000e+00  1.44474619e-04  2.08000000e+00  1.16809748e-03  2.08000000e+00  6.55597190e-06  2.08000000e+00  7.30146405e-01  2.08000000e+00  9.71834734e-01  2.08000000e+00  5.26809782e-02  2.08000000e+00  4.62406331e-08  2.08000000e+00  1.33030606e-06  2.08000000e+00  6.70742097e-09  2.08000000e+00  7.04976062e-01  2.08000000e+00  9.77884869e-01  2.08000000e+00  5.26535884e-02  2.08000000e+00  1.83169574e-08  2.08000000e+00  5.36421933e-07  2.08000000e+00  2.69712357e-09  2.08000000e+00  1.13496908e+00  2.08000000e+00  9.77752020e-01  2.08000000e+00  1.94483027e-01  2.08000000e+00  1.10857475e-04  2.08000000e+00  1.01164687e-03  2.08000000e+00  5.51153811e-06  2.08000000e+00  1.49199798e+00  2.08000000e+00  6.88214306e-01  2.08000000e+00  6.58064317e-01  2.08000000e+00  1.41881956e-04  2.08000000e+00  1.72908748e-04  2.08000000e+00  6.61381517e-04  2.08000000e+00  1.49200245e+00  2.08000000e+00  6.88212668e-01  2.08000000e+00  6.58068329e-01  2.08000000e+00  1.13514690e-04  2.08000000e+00  1.33543802e-04  2.08000000e+00  7.18995590e-04 
 2.09000000e+00  3.03278756e+00  2.09000000e+00  2.95183662e+00  2.09000000e+00  1.07023166e+00  2.09000000e+00  7.73362326e-01  2.09000000e+00  2.90081842e-01  2.09000000e+00  1.44550343e-04  2.09000000e+00  7.94500310e-04  2.09000000e+00  9.38868182e-06  2.09000000e+00  1.01136298e+00  2.09000000e+00  7.60050948e-01  2.09000000e+00  2.56424381e-01  2.09000000e+00  1.10899039e-04  2.09000000e+00  7.07742738e-04  2.09000000e+00  6.79287757e-06  2.09000000e+00  1.16212217e+00  2.09000000e+00  9.73859741e-01  2.09000000e+00  2.18074295e-01  2.09000000e+00  1.44515723e-04  2.09000000e+00  1.16833928e-03  2.09000000e+00  6.56286239e-06  2.09000000e+00  7.22131275e-01  2.09000000e+00  9.73723709e-01  2.09000000e+00  5.26609207e-02  2.09000000e+00  3.46223948e-08  2.09000000e+00  1.00248034e-06  2.09000000e+00  5.03745367e-09  2.09000000e+00  6.96943236e-01  2.09000000e+00  9.79763303e-01  2.09000000e+00  5.26618398e-02  2.09000000e+00  1.36407824e-08  2.09000000e+00  4.01202572e-07  2.09000000e+00  2.01281775e-09  2.09000000e+00  1.13693625e+00  2.09000000e+00  9.79630041e-01  2.09000000e+00  1.94613856e-01  2.09000000e+00  1.10885401e-04  2.09000000e+00  1.01185686e-03  2.09000000e+00  5.51634149e-06  2.09000000e+00  1.49199797e+00  2.09000000e+00  6.88214308e-01  2.09000000e+00  6.58064313e-01  2.09000000e+00  1.41910778e-04  2.09000000e+00  1.72950415e-04  2.09000000e+00  6.61321036e-04  2.09000000e+00  1.49200244e+00  2.09000000e+00  6.88212669e-01  2.09000000e+00  6.58068326e-01  2.09000000e+00  1.13538603e-04  2.09000000e+00  1.33575704e-04  2.09000000e+00  7.18948512e-04 
 2.10000000e+00  3.03274614e+00  2.10000000e+00  2.95175500e+00  2.10000000e+00  1.07018853e+00  2.10000000e+00  7.73365866e-01  2.10000000e+00  2.90048955e-01  2.10000000e+00  1.44579500e-04  2.10000000e+00  7.94791624e-04  2.10000000e+00  9.28166653e-06  2.10000000e+00  1.01132996e+00  2.10000000e+00  7.60051638e-01  2.10000000e+00  2.56400338e-01  2.10000000e+00  1.10922120e-04  2.10000000e+00  7.07947545e-04  2.10000000e+00  6.73964154e-06  2.10000000e+00  1.16410076e+00  2.10000000e+00  9.75745751e-01  2.10000000e+00  2.18219738e-01  2.10000000e+00  1.44553630e-04  2.10000000e+00  1.16856771e-03  2.10000000e+00  6.56972920e-06  2.10000000e+00  7.14109864e-01  2.10000000e+00  9.75609329e-01  2.10000000e+00  5.26525891e-02  2.10000000e+00  2.58731242e-08  2.10000000e+00  7.53405671e-07  2.10000000e+00  3.77460777e-09  2.10000000e+00  6.88905357e-01  2.10000000e+00  9.81638149e-01  2.10000000e+00  5.26750016e-02  2.10000000e+00  1.01447990e-08  2.10000000e+00  2.99513293e-07  2.10000000e+00  1.49980135e-09  2.10000000e+00  1.13889837e+00  2.10000000e+00  9.81504487e-01  2.10000000e+00  1.94743616e-01  2.10000000e+00  1.10911978e-04  2.10000000e+00  1.01206013e-03  2.10000000e+00  5.52115491e-06  2.10000000e+00  1.49199797e+00  2.10000000e+00  6.88214310e-01  2.10000000e+00  6.58064309e-01  2.10000000e+00  1.41939287e-04  2.10000000e+00  1.72991631e-04  2.10000000e+00  6.61261209e-04  2.10000000e+00  1.49200244e+00  2.10000000e+00  6.88212671e-01  2.10000000e+00  6.58068323e-01  2.10000000e+00  1.13562333e-04  2.10000000e+00  1.33607363e-04  2.10000000e+00  7.18901791e-04 
 2.11000000e+00  3.03270193e+00  2.11000000e+00  2.95167719e+00  2.11000000e+00  1.07014586e+00  2.11000000e+00  7.73369253e-01  2.11000000e+00  2.90016499e-01  2.11000000e+00  1.44608340e-04  2.11000000e+00  7.95076779e-04  2.11000000e+00  9.17852806e-06  2.11000000e+00  1.01129719e+00  2.11000000e+00  7.60052241e-01  2.11000000e+00  2.56376533e-01  2.11000000e+00  1.10945038e-04  2.11000000e+00  7.08149284e-04  2.11000000e+00  6.68798695e-06  2.11000000e+00  1.16607357e+00  2.11000000e+00  9.77628295e-01  2.11000000e+00  2.18363467e-01  2.11000000e+00  1.44589041e-04  2.11000000e+00  1.16878576e-03  2.11000000e+00  6.57659293e-06  2.11000000e+00  7.06082679e-01  2.11000000e+00  9.77491493e-01  2.11000000e+00  5.26531915e-02  2.11000000e+00  1.93015541e-08  2.11000000e+00  5.64859212e-07  2.11000000e+00  2.82262720e-09  2.11000000e+00  6.80862676e-01  2.11000000e+00  9.83509370e-01  2.11000000e+00  5.26918624e-02  2.11000000e+00  7.53579379e-09  2.11000000e+00  2.23231238e-07  2.11000000e+00  1.11600384e-09  2.11000000e+00  1.14085569e+00  2.11000000e+00  9.83375319e-01  2.11000000e+00  1.94872526e-01  2.11000000e+00  1.10937504e-04  2.11000000e+00  1.01225821e-03  2.11000000e+00  5.52598724e-06  2.11000000e+00  1.49199796e+00  2.11000000e+00  6.88214311e-01  2.11000000e+00  6.58064305e-01  2.11000000e+00  1.41967492e-04  2.11000000e+00  1.73032412e-04  2.11000000e+00  6.61202016e-04  2.11000000e+00  1.49200243e+00  2.11000000e+00  6.88212672e-01  2.11000000e+00  6.58068319e-01  2.11000000e+00  1.13585885e-04  2.11000000e+00  1.33638788e-04  2.11000000e+00  7.18855417e-04 
 2.12000000e+00  3.03265568e+00  2.12000000e+00  2.95160242e+00  2.12000000e+00  1.07010363e+00  2.12000000e+00  7.73372491e-01  2.12000000e+00  2.89984460e-01  2.12000000e+00  1.44636873e-04  2.12000000e+00  7.95356030e-04  2.12000000e+00  9.07906804e-06  2.12000000e+00  1.01126465e+00  2.12000000e+00  7.60052760e-01  2.12000000e+00  2.56352959e-01  2.12000000e+00  1.10967795e-04  2.12000000e+00  7.08348057e-04  2.12000000e+00  6.63784630e-06  2.12000000e+00  1.16804100e+00  2.12000000e+00  9.79507303e-01  2.12000000e+00  2.18505831e-01  2.12000000e+00  1.44622498e-04  2.12000000e+00  1.16899572e-03  2.12000000e+00  6.58346963e-06  2.12000000e+00  6.98050114e-01  2.12000000e+00  9.79370129e-01  2.12000000e+00  5.26605724e-02  2.12000000e+00  1.43770623e-08  2.12000000e+00  4.22597378e-07  2.12000000e+00  2.10696960e-09  2.12000000e+00  6.72815391e-01  2.12000000e+00  9.85376946e-01  2.12000000e+00  5.27115020e-02  2.12000000e+00  5.59179371e-09  2.12000000e+00  1.66134845e-07  2.12000000e+00  8.29406180e-10  2.12000000e+00  1.14280840e+00  2.12000000e+00  9.85242514e-01  2.12000000e+00  1.95000750e-01  2.12000000e+00  1.10962206e-04  2.12000000e+00  1.01245226e-03  2.12000000e+00  5.53084530e-06  2.12000000e+00  1.49199796e+00  2.12000000e+00  6.88214313e-01  2.12000000e+00  6.58064301e-01  2.12000000e+00  1.41995403e-04  2.12000000e+00  1.73072771e-04  2.12000000e+00  6.61143436e-04  2.12000000e+00  1.49200243e+00  2.12000000e+00  6.88212673e-01  2.12000000e+00  6.58068316e-01  2.12000000e+00  1.13609265e-04  2.12000000e+00  1.33669984e-04  2.12000000e+00  7.18809381e-04 
 2.13000000e+00  3.03260796e+00  2.13000000e+00  2.95153011e+00  2.13000000e+00  1.07006183e+00  2.13000000e+00  7.73375585e-01  2.13000000e+00  2.89952824e-01  2.13000000e+00  1.44665108e-04  2.13000000e+00  7.95629617e-04  2.13000000e+00  8.98310011e-06  2.13000000e+00  1.01123235e+00  2.13000000e+00  7.60053198e-01  2.13000000e+00  2.56329610e-01  2.13000000e+00  1.10990398e-04  2.13000000e+00  7.08543961e-04  2.13000000e+00  6.58915557e-06  2.13000000e+00  1.17000337e+00  2.13000000e+00  9.81382726e-01  2.13000000e+00  2.18647102e-01  2.13000000e+00  1.44654416e-04  2.13000000e+00  1.16919934e-03  2.13000000e+00  6.59037182e-06  2.13000000e+00  6.90012478e-01  2.13000000e+00  9.81245187e-01  2.13000000e+00  5.26730778e-02  2.13000000e+00  1.06943812e-08  2.13000000e+00  3.15568196e-07  2.13000000e+00  1.57027516e-09  2.13000000e+00  6.64763653e-01  2.13000000e+00  9.87240864e-01  2.13000000e+00  5.27332245e-02  2.13000000e+00  4.14531838e-09  2.13000000e+00  1.23482069e-07  2.13000000e+00  6.15738839e-10  2.13000000e+00  1.14475666e+00  2.13000000e+00  9.87106057e-01  2.13000000e+00  1.95128413e-01  2.13000000e+00  1.10986255e-04  2.13000000e+00  1.01264317e-03  2.13000000e+00  5.53573430e-06  2.13000000e+00  1.49199796e+00  2.13000000e+00  6.88214314e-01  2.13000000e+00  6.58064297e-01  2.13000000e+00  1.42023029e-04  2.13000000e+00  1.73112721e-04  2.13000000e+00  6.61085450e-04  2.13000000e+00  1.49200243e+00  2.13000000e+00  6.88212675e-01  2.13000000e+00  6.58068313e-01  2.13000000e+00  1.13632476e-04  2.13000000e+00  1.33700958e-04  2.13000000e+00  7.18763674e-04 
 2.14000000e+00  3.03255918e+00  2.14000000e+00  2.95145979e+00  2.14000000e+00  1.07002045e+00  2.14000000e+00  7.73378541e-01  2.14000000e+00  2.89921579e-01  2.14000000e+00  1.44693057e-04  2.14000000e+00  7.95897772e-04  2.14000000e+00  8.89044934e-06  2.14000000e+00  1.01120027e+00  2.14000000e+00  7.60053556e-01  2.14000000e+00  2.56306480e-01  2.14000000e+00  1.11012849e-04  2.14000000e+00  7.08737093e-04  2.14000000e+00  6.54185409e-06  2.14000000e+00  1.17196090e+00  2.14000000e+00  9.83254532e-01  2.14000000e+00  2.18787486e-01  2.14000000e+00  1.44685114e-04  2.14000000e+00  1.16939798e-03  2.14000000e+00  6.59730927e-06  2.14000000e+00  6.81970011e-01  2.14000000e+00  9.83116632e-01  2.14000000e+00  5.26894451e-02  2.14000000e+00  7.94535075e-09  2.14000000e+00  2.35251483e-07  2.14000000e+00  1.16864983e-09  2.14000000e+00  6.56707585e-01  2.14000000e+00  9.89101120e-01  2.14000000e+00  5.27565049e-02  2.14000000e+00  3.07037168e-09  2.14000000e+00  9.16739678e-08  2.14000000e+00  4.56671349e-10  2.14000000e+00  1.14670059e+00  2.14000000e+00  9.88965942e-01  2.14000000e+00  1.95255611e-01  2.14000000e+00  1.11009781e-04  2.14000000e+00  1.01283159e-03  2.14000000e+00  5.54065829e-06  2.14000000e+00  1.49199795e+00  2.14000000e+00  6.88214316e-01  2.14000000e+00  6.58064293e-01  2.14000000e+00  1.42050380e-04  2.14000000e+00  1.73152277e-04  2.14000000e+00  6.61028037e-04  2.14000000e+00  1.49200242e+00  2.14000000e+00  6.88212676e-01  2.14000000e+00  6.58068309e-01  2.14000000e+00  1.13655525e-04  2.14000000e+00  1.33731717e-04  2.14000000e+00  7.18718285e-04 
 2.15000000e+00  3.03250968e+00  2.15000000e+00  2.95139111e+00  2.15000000e+00  1.06997946e+00  2.15000000e+00  7.73381363e-01  2.15000000e+00  2.89890711e-01  2.15000000e+00  1.44720727e-04  2.15000000e+00  7.96160713e-04  2.15000000e+00  8.80095149e-06  2.15000000e+00  1.01116841e+00  2.15000000e+00  7.60053837e-01  2.15000000e+00  2.56283561e-01  2.15000000e+00  1.11035153e-04  2.15000000e+00  7.08927543e-04  2.15000000e+00  6.49588436e-06  2.15000000e+00  1.17391378e+00  2.15000000e+00  9.85122700e-01  2.15000000e+00  2.18927142e-01  2.15000000e+00  1.44714833e-04  2.15000000e+00  1.16959265e-03  2.15000000e+00  6.60428962e-06  2.15000000e+00  6.73922901e-01  2.15000000e+00  9.84984443e-01  2.15000000e+00  5.27087149e-02  2.15000000e+00  5.89655838e-09  2.15000000e+00  1.75116133e-07  2.15000000e+00  8.68665266e-10  2.15000000e+00  6.48647282e-01  2.15000000e+00  9.90957714e-01  2.15000000e+00  5.27809485e-02  2.15000000e+00  2.27240858e-09  2.15000000e+00  6.79893151e-08  2.15000000e+00  3.38401498e-10  2.15000000e+00  1.14864029e+00  2.15000000e+00  9.90822170e-01  2.15000000e+00  1.95382415e-01  2.15000000e+00  1.11032883e-04  2.15000000e+00  1.01301804e-03  2.15000000e+00  5.54562038e-06  2.15000000e+00  1.49199795e+00  2.15000000e+00  6.88214318e-01  2.15000000e+00  6.58064289e-01  2.15000000e+00  1.42077464e-04  2.15000000e+00  1.73191452e-04  2.15000000e+00  6.60971179e-04  2.15000000e+00  1.49200242e+00  2.15000000e+00  6.88212677e-01  2.15000000e+00  6.58068306e-01  2.15000000e+00  1.13678415e-04  2.15000000e+00  1.33762265e-04  2.15000000e+00  7.18673207e-04 
